"guideline","category","title","publication_date","extension","url","title_clean","publication_date_clean","extension_clean","filename","folder","full_path","downloaded","download_status","error"
"CG32","Background information","Scope: Nutrition support","10 October 2003","pdf","https://www.nice.org.uk/guidance/cg32/documents/scope-nutrition-support2","Scope_Nutrition_support","10_October_2003","pdf","Scope_Nutrition_support_10_October_2003.pdf","D:/NICE_history/CG32","D:/NICE_history/CG32/Scope_Nutrition_support_10_October_2003.pdf",TRUE,"downloaded",
"CG32","Guideline Development Group Members","Guideline Development Group Members","27 January 2005","pdf","https://www.nice.org.uk/guidance/cg32/documents/guideline-development-group-members2","Guideline_Development_Group_Members","27_January_2005","pdf","Guideline_Development_Group_Members_27_January_2005.pdf","D:/NICE_history/CG32","D:/NICE_history/CG32/Guideline_Development_Group_Members_27_January_2005.pdf",TRUE,"downloaded",
"CG32","List of stakeholders","List of stakeholders","07 February 2006","pdf","https://www.nice.org.uk/guidance/cg32/documents/nutrition-support-in-adults-list-of-stakeholders2","List_of_stakeholders","07_February_2006","pdf","List_of_stakeholders_07_February_2006.pdf","D:/NICE_history/CG32","D:/NICE_history/CG32/List_of_stakeholders_07_February_2006.pdf",TRUE,"downloaded",
"CG32","Nutrition support in adults clinical guideline - first consultation","Nutrition support in adults Clinical Guideline - first consultation, NICE guideline","09 May 2005","pdf","https://www.nice.org.uk/guidance/cg32/documents/nutrition-support-in-adults-clinical-guideline-first-consultation-nice-guideline2","Nutrition_support_in_adults_Clinical_Guideline_-_first_consultation,_NICE_guideline","09_May_2005","pdf","Nutrition_support_in_adults_Clinical_Guideline_-_first_consultation,_NICE_guideline_09_May_2005.pdf","D:/NICE_history/CG32","D:/NICE_history/CG32/Nutrition_support_in_adults_Clinical_Guideline_-_first_consultation,_NICE_guideline_09_May_2005.pdf",TRUE,"downloaded",
"CG32","Nutrition support in adults clinical guideline - first consultation","Nutrition support in adults Clinical Guideline - first consultation, full guideline","09 May 2005","pdf","https://www.nice.org.uk/guidance/cg32/documents/nutrition-support-in-adults-clinical-guideline-first-consultation-full-guideline2","Nutrition_support_in_adults_Clinical_Guideline_-_first_consultation,_full_guideline","09_May_2005","pdf","Nutrition_support_in_adults_Clinical_Guideline_-_first_consultation,_full_guideline_09_May_2005.pdf","D:/NICE_history/CG32","D:/NICE_history/CG32/Nutrition_support_in_adults_Clinical_Guideline_-_first_consultation,_full_guideline_09_May_2005.pdf",TRUE,"downloaded",
"CG32","Nutrition support in adults clinical guideline - first consultation","Nutrition support in adults Clinical Guideline - first consultation, full guideline, appendices","09 May 2005","pdf","https://www.nice.org.uk/guidance/cg32/documents/nutrition-support-in-adults-clinical-guideline-first-consultation-full-guideline-appendices2","Nutrition_support_in_adults_Clinical_Guideline_-_first_consultation,_full_guideline,_appendices","09_May_2005","pdf","Nutrition_support_in_adults_Clinical_Guideline_-_first_consultation,_full_guideline,_appendices_09_May_2005.pdf","D:/NICE_history/CG32","D:/NICE_history/CG32/Nutrition_support_in_adults_Clinical_Guideline_-_first_consultation,_full_guideline,_appendices_09_May_2005.pdf",TRUE,"downloaded",
"CG32","Nutrition support in adults clinical guideline - first consultation","Nutrition support in adults Clinical guideline - first consultation, comments proforma","09 May 2005","docx","https://www.nice.org.uk/guidance/cg32/documents/nutrition-support-in-adults-clinical-guideline-first-consultation-comments-proforma2","Nutrition_support_in_adults_Clinical_guideline_-_first_consultation,_comments_proforma","09_May_2005","docx","Nutrition_support_in_adults_Clinical_guideline_-_first_consultation,_comments_proforma_09_May_2005.docx","D:/NICE_history/CG32","D:/NICE_history/CG32/Nutrition_support_in_adults_Clinical_guideline_-_first_consultation,_comments_proforma_09_May_2005.docx",TRUE,"downloaded",
"CG32","Other information","Evidence update","01 August 2013","pdf","https://www.nice.org.uk/guidance/cg32/documents/cg32-nutrition-support-in-adults-evidence-update2","Evidence_update","01_August_2013","pdf","Evidence_update_01_August_2013.pdf","D:/NICE_history/CG32","D:/NICE_history/CG32/Evidence_update_01_August_2013.pdf",TRUE,"downloaded",
"CG32","Other information","Full guideline appendices","22 February 2006","pdf","https://www.nice.org.uk/guidance/cg32/documents/cg32-nutrition-support-in-adults-full-guideline-appendices2","Full_guideline_appendices","22_February_2006","pdf","Full_guideline_appendices_22_February_2006.pdf","D:/NICE_history/CG32","D:/NICE_history/CG32/Full_guideline_appendices_22_February_2006.pdf",TRUE,"downloaded",
"CG32","Review documents","Review proposal consultation document","13 May 2011","pdf","https://www.nice.org.uk/guidance/cg32/documents/review-proposal-consultation-document2","Review_proposal_consultation_document","13_May_2011","pdf","Review_proposal_consultation_document_13_May_2011.pdf","D:/NICE_history/CG32","D:/NICE_history/CG32/Review_proposal_consultation_document_13_May_2011.pdf",TRUE,"downloaded",
"CG32","Review documents","Review decision","21 June 2011","pdf","https://www.nice.org.uk/guidance/cg32/documents/cg32-nutrition-support-in-adults-review-decision2","Review_decision","21_June_2011","pdf","Review_decision_21_June_2011.pdf","D:/NICE_history/CG32","D:/NICE_history/CG32/Review_decision_21_June_2011.pdf",TRUE,"downloaded",
"CG32","Review documents","Surveillance review decision","27 June 2014","pdf","https://www.nice.org.uk/guidance/cg32/documents/nutrition-support-in-adults-surveillance-review-decision2","Surveillance_review_decision","27_June_2014","pdf","Surveillance_review_decision_27_June_2014.pdf","D:/NICE_history/CG32","D:/NICE_history/CG32/Surveillance_review_decision_27_June_2014.pdf",TRUE,"downloaded",
"CG32","Review documents","Review consultation comments table","29 December 2011","pdf","https://www.nice.org.uk/guidance/cg32/documents/cg32-nutrition-support-in-adults-review-consultation-comments-table2","Review_consultation_comments_table","29_December_2011","pdf","Review_consultation_comments_table_29_December_2011.pdf","D:/NICE_history/CG32","D:/NICE_history/CG32/Review_consultation_comments_table_29_December_2011.pdf",TRUE,"downloaded",
"CG32","Second consultation","Second consultation: Appendices","26 August 2005","pdf","https://www.nice.org.uk/guidance/cg32/documents/nutrition-support-in-adults-second-consultation-appendices2","Second_consultation_Appendices","26_August_2005","pdf","Second_consultation_Appendices_26_August_2005.pdf","D:/NICE_history/CG32","D:/NICE_history/CG32/Second_consultation_Appendices_26_August_2005.pdf",TRUE,"downloaded",
"CG32","Second consultation","Second consultation: Comments proforma","26 August 2005","docx","https://www.nice.org.uk/guidance/cg32/documents/nutrition-support-in-adults-second-consultation-comments-proforma2","Second_consultation_Comments_proforma","26_August_2005","docx","Second_consultation_Comments_proforma_26_August_2005.docx","D:/NICE_history/CG32","D:/NICE_history/CG32/Second_consultation_Comments_proforma_26_August_2005.docx",TRUE,"downloaded",
"CG32","Second consultation","Second consultation: Full guideline","26 August 2005","pdf","https://www.nice.org.uk/guidance/cg32/documents/nutrition-support-in-adults-second-consultation-full-guideline2","Second_consultation_Full_guideline","26_August_2005","pdf","Second_consultation_Full_guideline_26_August_2005.pdf","D:/NICE_history/CG32","D:/NICE_history/CG32/Second_consultation_Full_guideline_26_August_2005.pdf",TRUE,"downloaded",
"CG32","Second consultation","Second consultation: Information for the public","26 August 2005","pdf","https://www.nice.org.uk/guidance/cg32/documents/nutrition-support-in-adults-second-consultation-information-for-the-public2","Second_consultation_Information_for_the_public","26_August_2005","pdf","Second_consultation_Information_for_the_public_26_August_2005.pdf","D:/NICE_history/CG32","D:/NICE_history/CG32/Second_consultation_Information_for_the_public_26_August_2005.pdf",TRUE,"downloaded",
"CG32","Second consultation","Second consultation: NICE version","26 August 2005","pdf","https://www.nice.org.uk/guidance/cg32/documents/nutrition-support-in-adults-second-consultation-nice-version2","Second_consultation_NICE_version","26_August_2005","pdf","Second_consultation_NICE_version_26_August_2005.pdf","D:/NICE_history/CG32","D:/NICE_history/CG32/Second_consultation_NICE_version_26_August_2005.pdf",TRUE,"downloaded",
"CG32","Stakeholder list updated","Stakeholder list","16 March 2017","pdf","https://www.nice.org.uk/guidance/cg32/documents/stakeholder-list-2","Stakeholder_list","16_March_2017","pdf","Stakeholder_list_16_March_2017.pdf","D:/NICE_history/CG32","D:/NICE_history/CG32/Stakeholder_list_16_March_2017.pdf",TRUE,"downloaded",
"CG32","Surveillance consultation","Comments form","20 March 2017","docx","https://www.nice.org.uk/guidance/cg32/documents/comments-form","Comments_form","20_March_2017","docx","Comments_form_20_March_2017.docx","D:/NICE_history/CG32","D:/NICE_history/CG32/Comments_form_20_March_2017.docx",TRUE,"downloaded",
"CG32","Surveillance consultation","Surveillance review proposal","20 March 2017","pdf","https://www.nice.org.uk/guidance/cg32/documents/surveillance-review-proposal","Surveillance_review_proposal","20_March_2017","pdf","Surveillance_review_proposal_20_March_2017.pdf","D:/NICE_history/CG32","D:/NICE_history/CG32/Surveillance_review_proposal_20_March_2017.pdf",TRUE,"downloaded",
"CG50","2007/009 NICE asked to develop guidance on new treatments for breast and lung cancer, Crohn's disease, ulcerative colitis, obesity and rheumatoid arthritis","2007/009 NICE asked to develop guidance on new treatments for breast and lung cancer, Crohn's disease, ulcerative colitis, obesity and rheumatoid arthritis","07 February 2007","pdf","https://www.nice.org.uk/guidance/cg50/documents/2007009-nice-asked-to-develop-guidance-on-new-treatments-for-breast-and-lung-cancer-crohns-disease-ulcerative-colitis-obesity-and-rheumatoid-arthritis2","2007_009_NICE_asked_to_develop_guidance_on_new_treatments_for_breast_and_lung_cancer,_Crohn's_disease,_ulcerative_colitis,_obesity_and_rheumatoid_arthritis","07_February_2007","pdf","2007_009_NICE_asked_to_develop_guidance_on_new_treatments_for_breast_and_lung_cancer,_Crohn's_disease,_ulcerative_colitis,_obesity_and_rheumatoid_arthritis_07_February_2007.pdf","D:/NICE_history/CG50","D:/NICE_history/CG50/2007_009_NICE_asked_to_develop_guidance_on_new_treatments_for_breast_and_lung_cancer,_Crohn's_disease,_ulcerative_colitis,_obesity_and_rheumatoid_arthritis_07_February_2007.pdf",TRUE,"downloaded",
"CG50","2007/009 NICE asked to develop guidance on new treatments for breast and lung cancer, Crohn's disease, ulcerative colitis, obesity and rheumatoid arthritis","2007/009 NICE asked to develop guidance on new treatments for breast and lung cancer, Crohn's disease, ulcerative colitis, obesity and rheumatoid arthritis","07 February 2007","pdf","https://www.nice.org.uk/guidance/cg50/documents/2007009-nice-asked-to-develop-guidance-on-new-treatments-for-breast-and-lung-cancer-crohns-disease-ulcerative-colitis-obesity-and-rheumatoid-arthritis4","2007_009_NICE_asked_to_develop_guidance_on_new_treatments_for_breast_and_lung_cancer,_Crohn's_disease,_ulcerative_colitis,_obesity_and_rheumatoid_arthritis","07_February_2007","pdf","2007_009_NICE_asked_to_develop_guidance_on_new_treatments_for_breast_and_lung_cancer,_Crohn's_disease,_ulcerative_colitis,_obesity_and_rheumatoid_arthritis_07_February_2007_2.pdf","D:/NICE_history/CG50","D:/NICE_history/CG50/2007_009_NICE_asked_to_develop_guidance_on_new_treatments_for_breast_and_lung_cancer,_Crohn's_disease,_ulcerative_colitis,_obesity_and_rheumatoid_arthritis_07_February_2007_2.pdf",TRUE,"downloaded",
"CG50","Committee list updated","List of declarations of interest","27 March 2017","pdf","https://www.nice.org.uk/guidance/cg50/documents/list-of-declarations-of-interest","List_of_declarations_of_interest","27_March_2017","pdf","List_of_declarations_of_interest_27_March_2017.pdf","D:/NICE_history/CG50","D:/NICE_history/CG50/List_of_declarations_of_interest_27_March_2017.pdf",TRUE,"downloaded",
"CG50","Draft guidance consultation","Consultation - Appendices to the full guideline","05 April 2007","pdf","https://www.nice.org.uk/guidance/cg50/documents/acutely-ill-patients-in-hospital-consultation-appendices-to-the-full-guideline2","Consultation_-_Appendices_to_the_full_guideline","05_April_2007","pdf","Consultation_-_Appendices_to_the_full_guideline_05_April_2007.pdf","D:/NICE_history/CG50","D:/NICE_history/CG50/Consultation_-_Appendices_to_the_full_guideline_05_April_2007.pdf",TRUE,"downloaded",
"CG50","Draft guidance consultation","Consultation - comments form","05 April 2007","docx","https://www.nice.org.uk/guidance/cg50/documents/acutely-ill-patients-in-hospital-consultation-comments-form2","Consultation_-_comments_form","05_April_2007","docx","Consultation_-_comments_form_05_April_2007.docx","D:/NICE_history/CG50","D:/NICE_history/CG50/Consultation_-_comments_form_05_April_2007.docx",TRUE,"downloaded",
"CG50","Draft guidance consultation","Full guideline, draft for consultation","05 April 2007","pdf","https://www.nice.org.uk/guidance/cg50/documents/acutely-ill-patients-in-hospital-full-guideline-draft-for-consultation2","Full_guideline,_draft_for_consultation","05_April_2007","pdf","Full_guideline,_draft_for_consultation_05_April_2007.pdf","D:/NICE_history/CG50","D:/NICE_history/CG50/Full_guideline,_draft_for_consultation_05_April_2007.pdf",TRUE,"downloaded",
"CG50","Draft guidance consultation","List of stakeholders","31 July 2007","pdf","https://www.nice.org.uk/guidance/cg50/documents/acutely-ill-patients-in-hospital-list-of-stakeholders2","List_of_stakeholders","31_July_2007","pdf","List_of_stakeholders_31_July_2007.pdf","D:/NICE_history/CG50","D:/NICE_history/CG50/List_of_stakeholders_31_July_2007.pdf",TRUE,"downloaded",
"CG50","Final scope","Final scope","10 April 2007","pdf","https://www.nice.org.uk/guidance/cg50/documents/acutely-ill-patients-in-hospital-final-scope2","Final_scope","10_April_2007","pdf","Final_scope_10_April_2007.pdf","D:/NICE_history/CG50","D:/NICE_history/CG50/Final_scope_10_April_2007.pdf",TRUE,"downloaded",
"CG50","GDG membership","GDG membership","06 December 2006","pdf","https://www.nice.org.uk/guidance/cg50/documents/acutely-ill-patients-in-hospital-gdg-membership2","GDG_membership","06_December_2006","pdf","GDG_membership_06_December_2006.pdf","D:/NICE_history/CG50","D:/NICE_history/CG50/GDG_membership_06_December_2006.pdf",TRUE,"downloaded",
"CG50","Review documents","Review proposal consultation comments table","06 January 2011","pdf","https://www.nice.org.uk/guidance/cg50/documents/cg50-acutely-ill-patients-in-hospital-review-proposal-consultation-comments-table2","Review_proposal_consultation_comments_table","06_January_2011","pdf","Review_proposal_consultation_comments_table_06_January_2011.pdf","D:/NICE_history/CG50","D:/NICE_history/CG50/Review_proposal_consultation_comments_table_06_January_2011.pdf",TRUE,"downloaded",
"CG50","Review documents","Review proposal stakeholder consultation - 8-21 November 2010","08 November 2010","pdf","https://www.nice.org.uk/guidance/cg50/documents/cg50-acutely-ill-patients-in-hospital-review-proposal-stakeholder-consultation-821-november-20102","Review_proposal_stakeholder_consultation_-_8-21_November_2010","08_November_2010","pdf","Review_proposal_stakeholder_consultation_-_8-21_November_2010_08_November_2010.pdf","D:/NICE_history/CG50","D:/NICE_history/CG50/Review_proposal_stakeholder_consultation_-_8-21_November_2010_08_November_2010.pdf",TRUE,"downloaded",
"CG50","Review documents","Stakeholder comments proforma","08 November 2010","docx","https://www.nice.org.uk/guidance/cg50/documents/cg50-acutely-ill-patients-in-hospital-stakeholder-comments-proforma-2","Stakeholder_comments_proforma","08_November_2010","docx","Stakeholder_comments_proforma_08_November_2010.docx","D:/NICE_history/CG50","D:/NICE_history/CG50/Stakeholder_comments_proforma_08_November_2010.docx",TRUE,"downloaded",
"CG50","Review documents","Review decision","23 December 2010","pdf","https://www.nice.org.uk/guidance/cg50/documents/acutely-ill-patients-in-hospital-review-decision2","Review_decision","23_December_2010","pdf","Review_decision_23_December_2010.pdf","D:/NICE_history/CG50","D:/NICE_history/CG50/Review_decision_23_December_2010.pdf",TRUE,"downloaded",
"CG50","Stakeholder comments","Stakeholder comments","31 July 2007","pdf","https://www.nice.org.uk/guidance/cg50/documents/acutely-ill-patients-in-hospital-stakeholder-comments2","Stakeholder_comments","31_July_2007","pdf","Stakeholder_comments_31_July_2007.pdf","D:/NICE_history/CG50","D:/NICE_history/CG50/Stakeholder_comments_31_July_2007.pdf",TRUE,"downloaded",
"CG50","Stakeholder list updated","Stakeholder list","11 January 2016","pdf","https://www.nice.org.uk/guidance/cg50/documents/stakeholder-list","Stakeholder_list","11_January_2016","pdf","Stakeholder_list_11_January_2016.pdf","D:/NICE_history/CG50","D:/NICE_history/CG50/Stakeholder_list_11_January_2016.pdf",TRUE,"downloaded",
"CG50","Stakeholder list updated","Stakeholder list","11 November 2019","pdf","https://www.nice.org.uk/guidance/cg50/documents/stakeholder-list-3","Stakeholder_list","11_November_2019","pdf","Stakeholder_list_11_November_2019.pdf","D:/NICE_history/CG50","D:/NICE_history/CG50/Stakeholder_list_11_November_2019.pdf",TRUE,"downloaded",
"CG50","Surveillance consultation","Comments form","14 November 2019","docx","https://www.nice.org.uk/guidance/cg50/documents/comments-form-2","Comments_form","14_November_2019","docx","Comments_form_14_November_2019.docx","D:/NICE_history/CG50","D:/NICE_history/CG50/Comments_form_14_November_2019.docx",TRUE,"downloaded",
"CG50","Surveillance consultation","Surveillance review proposal","14 November 2019","pdf","https://www.nice.org.uk/guidance/cg50/documents/surveillance-review-proposal-2","Surveillance_review_proposal","14_November_2019","pdf","Surveillance_review_proposal_14_November_2019.pdf","D:/NICE_history/CG50","D:/NICE_history/CG50/Surveillance_review_proposal_14_November_2019.pdf",TRUE,"downloaded",
"CG50","Surveillance consultation: 2016","Comments form","14 January 2016","docx","https://www.nice.org.uk/guidance/cg50/documents/comments-form","Comments_form","14_January_2016","docx","Comments_form_14_January_2016.docx","D:/NICE_history/CG50","D:/NICE_history/CG50/Comments_form_14_January_2016.docx",TRUE,"downloaded",
"CG50","Surveillance consultation: 2016","Surveillance review proposal","14 January 2016","pdf","https://www.nice.org.uk/guidance/cg50/documents/surveillance-review-proposal","Surveillance_review_proposal","14_January_2016","pdf","Surveillance_review_proposal_14_January_2016.pdf","D:/NICE_history/CG50","D:/NICE_history/CG50/Surveillance_review_proposal_14_January_2016.pdf",TRUE,"downloaded",
"CG50","The guideline development process - an overview for stakeholders, the public and the NHS (third edition)","The guideline development process - an overview for stakeholders, the public and the NHS (third edition)","25 April 2007","pdf","https://www.nice.org.uk/guidance/cg50/documents/the-guideline-development-process-an-overview-for-stakeholders-the-public-and-the-nhs-third-edition2","The_guideline_development_process_-_an_overview_for_stakeholders,_the_public_and_the_NHS_(third_edition)","25_April_2007","pdf","The_guideline_development_process_-_an_overview_for_stakeholders,_the_public_and_the_NHS_(third_edition)_25_April_2007.pdf","D:/NICE_history/CG50","D:/NICE_history/CG50/The_guideline_development_process_-_an_overview_for_stakeholders,_the_public_and_the_NHS_(third_edition)_25_April_2007.pdf",TRUE,"downloaded",
"CG65","Addendum consultation","Equality impact assessment 3","07 October 2016","pdf","https://www.nice.org.uk/guidance/cg65/update/cg65-update-1/documents/equality-impact-assessment","Equality_impact_assessment_3","07_October_2016","pdf","Equality_impact_assessment_3_07_October_2016.pdf","D:/NICE_history/CG65","D:/NICE_history/CG65/Equality_impact_assessment_3_07_October_2016.pdf",TRUE,"downloaded",
"CG65","Addendum consultation","Addendum","07 September 2016","pdf","https://www.nice.org.uk/guidance/cg65/update/cg65-update-1/documents/addendum","Addendum","07_September_2016","pdf","Addendum_07_September_2016.pdf","D:/NICE_history/CG65","D:/NICE_history/CG65/Addendum_07_September_2016.pdf",TRUE,"downloaded",
"CG65","Addendum consultation","Short version of addendum","07 September 2016","pdf","https://www.nice.org.uk/guidance/cg65/update/cg65-update-1/documents/short-version-of-addendum","Short_version_of_addendum","07_September_2016","pdf","Short_version_of_addendum_07_September_2016.pdf","D:/NICE_history/CG65","D:/NICE_history/CG65/Short_version_of_addendum_07_September_2016.pdf",TRUE,"downloaded",
"CG65","Equality and health inequalities assessment","Equality impact assessment","02 December 2016","pdf","https://www.nice.org.uk/guidance/cg65/update/cg65-update-1/documents/equality-impact-assessment-2","Equality_impact_assessment","02_December_2016","pdf","Equality_impact_assessment_02_December_2016.pdf","D:/NICE_history/CG65","D:/NICE_history/CG65/Equality_impact_assessment_02_December_2016.pdf",TRUE,"downloaded",
"CG65","Guidance published","Guidance consultation comments and response","14 December 2016","pdf","https://www.nice.org.uk/guidance/cg65/update/cg65-update-1/documents/guidance-consultation-comments-and-response","Guidance_consultation_comments_and_response","14_December_2016","pdf","Guidance_consultation_comments_and_response_14_December_2016.pdf","D:/NICE_history/CG65","D:/NICE_history/CG65/Guidance_consultation_comments_and_response_14_December_2016.pdf",TRUE,"downloaded",
"CG65","Original development on 01 April 2008","Remit: Perioperative hypothermia","02 August 2005","pdf","https://www.nice.org.uk/guidance/cg65/update/CG65/documents/remit-perioperative-hypothermia2","Remit_Perioperative_hypothermia","02_August_2005","pdf","Remit_Perioperative_hypothermia_02_August_2005.pdf","D:/NICE_history/CG65","D:/NICE_history/CG65/Remit_Perioperative_hypothermia_02_August_2005.pdf",TRUE,"downloaded",
"CG65","Original development on 01 April 2008","Perioperative hypothermia: list of stakeholders","03 January 2008","pdf","https://www.nice.org.uk/guidance/cg65/update/CG65/documents/perioperative-hypothermia-list-of-stakeholders2","Perioperative_hypothermia_list_of_stakeholders","03_January_2008","pdf","Perioperative_hypothermia_list_of_stakeholders_03_January_2008.pdf","D:/NICE_history/CG65","D:/NICE_history/CG65/Perioperative_hypothermia_list_of_stakeholders_03_January_2008.pdf",TRUE,"downloaded",
"CG65","Original development on 01 April 2008","Perioperative hypothermia (inadvertent): review consultation document","04 August 2011","pdf","https://www.nice.org.uk/guidance/cg65/update/CG65/documents/perioperative-hypothermia-inadvertent-review-consultation-document2","Perioperative_hypothermia_(inadvertent)_review_consultation_document","04_August_2011","pdf","Perioperative_hypothermia_(inadvertent)_review_consultation_document_04_August_2011.pdf","D:/NICE_history/CG65","D:/NICE_history/CG65/Perioperative_hypothermia_(inadvertent)_review_consultation_document_04_August_2011.pdf",TRUE,"downloaded",
"CG65","Original development on 01 April 2008","Perioperative hypothermia (inadvertent) guideline: Comments proforma","05 November 2007","docx","https://www.nice.org.uk/guidance/cg65/update/CG65/documents/perioperative-hypothermia-inadvertent-guideline-comments-proforma2","Perioperative_hypothermia_(inadvertent)_guideline_Comments_proforma","05_November_2007","docx","Perioperative_hypothermia_(inadvertent)_guideline_Comments_proforma_05_November_2007.docx","D:/NICE_history/CG65","D:/NICE_history/CG65/Perioperative_hypothermia_(inadvertent)_guideline_Comments_proforma_05_November_2007.docx",TRUE,"downloaded",
"CG65","Original development on 01 April 2008","Guideline development group for perioperative hypothermia","09 August 2006","pdf","https://www.nice.org.uk/guidance/cg65/update/CG65/documents/guideline-development-group-for-perioperative-hypothermia2","Guideline_development_group_for_perioperative_hypothermia","09_August_2006","pdf","Guideline_development_group_for_perioperative_hypothermia_09_August_2006.pdf","D:/NICE_history/CG65","D:/NICE_history/CG65/Guideline_development_group_for_perioperative_hypothermia_09_August_2006.pdf",TRUE,"downloaded",
"CG65","Original development on 01 April 2008","Perioperative hypothermia: draft scope for consultation","09 May 2006","pdf","https://www.nice.org.uk/guidance/cg65/update/CG65/documents/perioperative-hypothermia-draft-scope-for-consultation2","Perioperative_hypothermia_draft_scope_for_consultation","09_May_2006","pdf","Perioperative_hypothermia_draft_scope_for_consultation_09_May_2006.pdf","D:/NICE_history/CG65","D:/NICE_history/CG65/Perioperative_hypothermia_draft_scope_for_consultation_09_May_2006.pdf",TRUE,"downloaded",
"CG65","Original development on 01 April 2008","Perioperative hypothermia: final scope","12 October 2006","docx","https://www.nice.org.uk/guidance/cg65/update/CG65/documents/perioperative-hypothermia-final-scope2","Perioperative_hypothermia_final_scope","12_October_2006","docx","Perioperative_hypothermia_final_scope_12_October_2006.docx","D:/NICE_history/CG65","D:/NICE_history/CG65/Perioperative_hypothermia_final_scope_12_October_2006.docx",TRUE,"downloaded",
"CG65","Original development on 01 April 2008","Perioperative hypothermia: statement","12 October 2006","docx","https://www.nice.org.uk/guidance/cg65/update/CG65/documents/perioperative-hypothermia-statement2","Perioperative_hypothermia_statement","12_October_2006","docx","Perioperative_hypothermia_statement_12_October_2006.docx","D:/NICE_history/CG65","D:/NICE_history/CG65/Perioperative_hypothermia_statement_12_October_2006.docx",TRUE,"downloaded",
"CG65","Original development on 01 April 2008","Perioperative hypothermia: stakeholder comments and NCC responses on draft scope","14 March 2007","pdf","https://www.nice.org.uk/guidance/cg65/update/CG65/documents/perioperative-hypothermia-stakeholder-comments-and-ncc-responses-on-draft-scope2","Perioperative_hypothermia_stakeholder_comments_and_NCC_responses_on_draft_scope","14_March_2007","pdf","Perioperative_hypothermia_stakeholder_comments_and_NCC_responses_on_draft_scope_14_March_2007.pdf","D:/NICE_history/CG65","D:/NICE_history/CG65/Perioperative_hypothermia_stakeholder_comments_and_NCC_responses_on_draft_scope_14_March_2007.pdf",TRUE,"downloaded",
"CG65","Original development on 01 April 2008","CG65 Perioperative hypothermia (inadvertent): review proposal","16 March 2015","pdf","https://www.nice.org.uk/guidance/cg65/update/CG65/documents/cg65-perioperative-hypothermia-inadvertent-review-proposal2","CG65_Perioperative_hypothermia_(inadvertent)_review_proposal","16_March_2015","pdf","CG65_Perioperative_hypothermia_(inadvertent)_review_proposal_16_March_2015.pdf","D:/NICE_history/CG65","D:/NICE_history/CG65/CG65_Perioperative_hypothermia_(inadvertent)_review_proposal_16_March_2015.pdf",TRUE,"downloaded",
"CG65","Original development on 01 April 2008","CG65 Perioperative hypothermia (inadvertent): stakeholder list","16 March 2015","pdf","https://www.nice.org.uk/guidance/cg65/update/CG65/documents/cg65-perioperative-hypothermia-inadvertent-stakeholder-list2","CG65_Perioperative_hypothermia_(inadvertent)_stakeholder_list","16_March_2015","pdf","CG65_Perioperative_hypothermia_(inadvertent)_stakeholder_list_16_March_2015.pdf","D:/NICE_history/CG65","D:/NICE_history/CG65/CG65_Perioperative_hypothermia_(inadvertent)_stakeholder_list_16_March_2015.pdf",TRUE,"downloaded",
"CG65","Original development on 01 April 2008","CG65 Perioperative hypothermia (inadvertent): review decision","18 November 2011","docx","https://www.nice.org.uk/guidance/cg65/update/CG65/documents/cg65-perioperative-hypothermia-inadvertent-review-decision2","CG65_Perioperative_hypothermia_(inadvertent)_review_decision","18_November_2011","docx","CG65_Perioperative_hypothermia_(inadvertent)_review_decision_18_November_2011.docx","D:/NICE_history/CG65","D:/NICE_history/CG65/CG65_Perioperative_hypothermia_(inadvertent)_review_decision_18_November_2011.docx",TRUE,"downloaded",
"CG65","Original development on 01 April 2008","Perioperative hypothermia (inadvertent): consultation comments","23 April 2008","pdf","https://www.nice.org.uk/guidance/cg65/update/CG65/documents/perioperative-hypothermia-inadvertent-consultation-comments2","Perioperative_hypothermia_(inadvertent)_consultation_comments","23_April_2008","pdf","Perioperative_hypothermia_(inadvertent)_consultation_comments_23_April_2008.pdf","D:/NICE_history/CG65","D:/NICE_history/CG65/Perioperative_hypothermia_(inadvertent)_consultation_comments_23_April_2008.pdf",TRUE,"downloaded",
"CG65","Original development on 01 April 2008","The guideline development process - an overview for stakeholders, the public and the NHS (third edition)","25 April 2007","pdf","https://www.nice.org.uk/guidance/cg65/update/CG65/documents/the-guideline-development-process-an-overview-for-stakeholders-the-public-and-the-nhs-third-edition2","The_guideline_development_process_-_an_overview_for_stakeholders,_the_public_and_the_NHS_(third_edition)","25_April_2007","pdf","The_guideline_development_process_-_an_overview_for_stakeholders,_the_public_and_the_NHS_(third_edition)_25_April_2007.pdf","D:/NICE_history/CG65","D:/NICE_history/CG65/The_guideline_development_process_-_an_overview_for_stakeholders,_the_public_and_the_NHS_(third_edition)_25_April_2007.pdf",TRUE,"downloaded",
"CG65","Original development on 01 April 2008","Perioperative hypothermia (inadvertent) guideline: guideline for consultation","25 October 2007","pdf","https://www.nice.org.uk/guidance/cg65/update/CG65/documents/perioperative-hypothermia-inadvertent-guideline-guideline-for-consultation2","Perioperative_hypothermia_(inadvertent)_guideline_guideline_for_consultation","25_October_2007","pdf","Perioperative_hypothermia_(inadvertent)_guideline_guideline_for_consultation_25_October_2007.pdf","D:/NICE_history/CG65","D:/NICE_history/CG65/Perioperative_hypothermia_(inadvertent)_guideline_guideline_for_consultation_25_October_2007.pdf",FALSE,"failed","Transferred a partial file [www.nice.org.uk]:
transfer closed with outstanding read data remaining"
"CG65","Original development on 01 April 2008","Perioperative hypothermia (inadvertent) guideline:Appendices","25 October 2007","pdf","https://www.nice.org.uk/guidance/cg65/update/CG65/documents/perioperative-hypothermia-inadvertent-guidelineappendices2","Perioperative_hypothermia_(inadvertent)_guideline_Appendices","25_October_2007","pdf","Perioperative_hypothermia_(inadvertent)_guideline_Appendices_25_October_2007.pdf","D:/NICE_history/CG65","D:/NICE_history/CG65/Perioperative_hypothermia_(inadvertent)_guideline_Appendices_25_October_2007.pdf",TRUE,"downloaded",
"CG65","Original development on 01 April 2008","Perioperative hypothermia: Appendices for consultation","25 October 2007","pdf","https://www.nice.org.uk/guidance/cg65/update/CG65/documents/perioperative-hypothermia-appendices-for-consultation2","Perioperative_hypothermia_Appendices_for_consultation","25_October_2007","pdf","Perioperative_hypothermia_Appendices_for_consultation_25_October_2007.pdf","D:/NICE_history/CG65","D:/NICE_history/CG65/Perioperative_hypothermia_Appendices_for_consultation_25_October_2007.pdf",TRUE,"downloaded",
"CG65","Original development on 01 April 2008","Perioperative hypothermia:draft for consultation","25 October 2007","pdf","https://www.nice.org.uk/guidance/cg65/update/CG65/documents/perioperative-hypothermiadraft-for-consultation2","Perioperative_hypothermia_draft_for_consultation","25_October_2007","pdf","Perioperative_hypothermia_draft_for_consultation_25_October_2007.pdf","D:/NICE_history/CG65","D:/NICE_history/CG65/Perioperative_hypothermia_draft_for_consultation_25_October_2007.pdf",TRUE,"downloaded",
"CG65","Original development on 01 April 2008","Perioperative hypothermia:stakeholder comments","25 October 2007","docx","https://www.nice.org.uk/guidance/cg65/update/CG65/documents/perioperative-hypothermiastakeholder-comments2","Perioperative_hypothermia_stakeholder_comments","25_October_2007","docx","Perioperative_hypothermia_stakeholder_comments_25_October_2007.docx","D:/NICE_history/CG65","D:/NICE_history/CG65/Perioperative_hypothermia_stakeholder_comments_25_October_2007.docx",TRUE,"downloaded",
"CG65","Original development on 01 April 2008","Perioperative hypothermia (inadvertent) guideline: full guideline part 1","29 October 2007","pdf","https://www.nice.org.uk/guidance/cg65/update/CG65/documents/perioperative-hypothermia-inadvertent-guideline-full-guideline-part-12","Perioperative_hypothermia_(inadvertent)_guideline_full_guideline_part_1","29_October_2007","pdf","Perioperative_hypothermia_(inadvertent)_guideline_full_guideline_part_1_29_October_2007.pdf","D:/NICE_history/CG65","D:/NICE_history/CG65/Perioperative_hypothermia_(inadvertent)_guideline_full_guideline_part_1_29_October_2007.pdf",TRUE,"downloaded",
"CG65","Original development on 01 April 2008","Perioperative hypothermia (inadvertent) guideline: full guideline part 2","29 October 2007","pdf","https://www.nice.org.uk/guidance/cg65/update/CG65/documents/perioperative-hypothermia-inadvertent-guideline-full-guideline-part-22","Perioperative_hypothermia_(inadvertent)_guideline_full_guideline_part_2","29_October_2007","pdf","Perioperative_hypothermia_(inadvertent)_guideline_full_guideline_part_2_29_October_2007.pdf","D:/NICE_history/CG65","D:/NICE_history/CG65/Perioperative_hypothermia_(inadvertent)_guideline_full_guideline_part_2_29_October_2007.pdf",TRUE,"downloaded",
"CG65","Original development on 01 April 2008","Perioperative hypothermia (inadvertent) guideline: full guideline part 3","29 October 2007","pdf","https://www.nice.org.uk/guidance/cg65/update/CG65/documents/perioperative-hypothermia-inadvertent-guideline-full-guideline-part-32","Perioperative_hypothermia_(inadvertent)_guideline_full_guideline_part_3","29_October_2007","pdf","Perioperative_hypothermia_(inadvertent)_guideline_full_guideline_part_3_29_October_2007.pdf","D:/NICE_history/CG65","D:/NICE_history/CG65/Perioperative_hypothermia_(inadvertent)_guideline_full_guideline_part_3_29_October_2007.pdf",TRUE,"downloaded",
"CG65","Original development on 01 April 2008","Perioperative hypothermia (inadvertent) guideline: full guideline part 4","29 October 2007","pdf","https://www.nice.org.uk/guidance/cg65/update/CG65/documents/perioperative-hypothermia-inadvertent-guideline-full-guideline-part-42","Perioperative_hypothermia_(inadvertent)_guideline_full_guideline_part_4","29_October_2007","pdf","Perioperative_hypothermia_(inadvertent)_guideline_full_guideline_part_4_29_October_2007.pdf","D:/NICE_history/CG65","D:/NICE_history/CG65/Perioperative_hypothermia_(inadvertent)_guideline_full_guideline_part_4_29_October_2007.pdf",TRUE,"downloaded",
"CG65","Review questions document published","Review questions","09 March 2016","pdf","https://www.nice.org.uk/guidance/cg65/update/cg65-update-1/documents/review-questions","Review_questions","09_March_2016","pdf","Review_questions_09_March_2016.pdf","D:/NICE_history/CG65","D:/NICE_history/CG65/Review_questions_09_March_2016.pdf",TRUE,"downloaded",
"CG65","Stakeholder list updated","Stakeholder list","14 December 2016","pdf","https://www.nice.org.uk/guidance/cg65/update/cg65-update-1/documents/stakeholder-list","Stakeholder_list","14_December_2016","pdf","Stakeholder_list_14_December_2016.pdf","D:/NICE_history/CG65","D:/NICE_history/CG65/Stakeholder_list_14_December_2016.pdf",TRUE,"downloaded",
"CG71","Addendum consultation","Addendum","12 May 2017","pdf","https://www.nice.org.uk/guidance/cg71/update/cg71-update-1/documents/addendum","Addendum","12_May_2017","pdf","Addendum_12_May_2017.pdf","D:/NICE_history/CG71","D:/NICE_history/CG71/Addendum_12_May_2017.pdf",TRUE,"downloaded",
"CG71","Addendum consultation","Comments form","12 May 2017","docx","https://www.nice.org.uk/guidance/cg71/update/cg71-update-1/documents/comments-form","Comments_form","12_May_2017","docx","Comments_form_12_May_2017.docx","D:/NICE_history/CG71","D:/NICE_history/CG71/Comments_form_12_May_2017.docx",TRUE,"downloaded",
"CG71","Addendum consultation","Committee member list and declarations of interests","12 May 2017","pdf","https://www.nice.org.uk/guidance/cg71/update/cg71-update-1/documents/committee-member-list-3","Committee_member_list_and_declarations_of_interests","12_May_2017","pdf","Committee_member_list_and_declarations_of_interests_12_May_2017.pdf","D:/NICE_history/CG71","D:/NICE_history/CG71/Committee_member_list_and_declarations_of_interests_12_May_2017.pdf",TRUE,"downloaded",
"CG71","Addendum consultation","Equality impact assessment - Section 3","12 May 2017","pdf","https://www.nice.org.uk/guidance/cg71/update/cg71-update-1/documents/equality-impact-assessment","Equality_impact_assessment_-_Section_3","12_May_2017","pdf","Equality_impact_assessment_-_Section_3_12_May_2017.pdf","D:/NICE_history/CG71","D:/NICE_history/CG71/Equality_impact_assessment_-_Section_3_12_May_2017.pdf",TRUE,"downloaded",
"CG71","Addendum consultation","Key research recommendations","12 May 2017","docx","https://www.nice.org.uk/guidance/cg71/update/cg71-update-1/documents/33","Key_research_recommendations","12_May_2017","docx","Key_research_recommendations_12_May_2017.docx","D:/NICE_history/CG71","D:/NICE_history/CG71/Key_research_recommendations_12_May_2017.docx",TRUE,"downloaded",
"CG71","Addendum consultation","Short version of addendum","12 May 2017","pdf","https://www.nice.org.uk/guidance/cg71/update/cg71-update-1/documents/short-version-of-addendum","Short_version_of_addendum","12_May_2017","pdf","Short_version_of_addendum_12_May_2017.pdf","D:/NICE_history/CG71","D:/NICE_history/CG71/Short_version_of_addendum_12_May_2017.pdf",TRUE,"downloaded",
"CG71","Committee list updated","Committee member list","01 December 2016","pdf","https://www.nice.org.uk/guidance/cg71/update/cg71-update-1/documents/committee-member-list-2","Committee_member_list","01_December_2016","pdf","Committee_member_list_01_December_2016.pdf","D:/NICE_history/CG71","D:/NICE_history/CG71/Committee_member_list_01_December_2016.pdf",TRUE,"downloaded",
"CG71","Committee meetings","Minutes","02 November 2017","pdf","https://www.nice.org.uk/guidance/cg71/update/cg71-update-1/documents/minutes-3","Minutes","02_November_2017","pdf","Minutes_02_November_2017.pdf","D:/NICE_history/CG71","D:/NICE_history/CG71/Minutes_02_November_2017.pdf",TRUE,"downloaded",
"CG71","Committee meetings","Minutes","29 March 2017","pdf","https://www.nice.org.uk/guidance/cg71/update/cg71-update-1/documents/minutes","Minutes","29_March_2017","pdf","Minutes_29_March_2017.pdf","D:/NICE_history/CG71","D:/NICE_history/CG71/Minutes_29_March_2017.pdf",TRUE,"downloaded",
"CG71","Committee meetings","Minutes","29 March 2017","pdf","https://www.nice.org.uk/guidance/cg71/update/cg71-update-1/documents/minutes-2","Minutes","29_March_2017","pdf","Minutes_29_March_2017_2.pdf","D:/NICE_history/CG71","D:/NICE_history/CG71/Minutes_29_March_2017_2.pdf",TRUE,"downloaded",
"CG71","Expected publication","Committee member list","02 November 2017","pdf","https://www.nice.org.uk/guidance/cg71/update/cg71-update-1/documents/committee-member-list-4","Committee_member_list","02_November_2017","pdf","Committee_member_list_02_November_2017.pdf","D:/NICE_history/CG71","D:/NICE_history/CG71/Committee_member_list_02_November_2017.pdf",TRUE,"downloaded",
"CG71","Expected publication","Consultation comments and responses","02 November 2017","pdf","https://www.nice.org.uk/guidance/cg71/update/cg71-update-1/documents/consultation-comments-and-responses","Consultation_comments_and_responses","02_November_2017","pdf","Consultation_comments_and_responses_02_November_2017.pdf","D:/NICE_history/CG71","D:/NICE_history/CG71/Consultation_comments_and_responses_02_November_2017.pdf",TRUE,"downloaded",
"CG71","Expected publication","Equality impact assessment","29 November 2017","pdf","https://www.nice.org.uk/guidance/cg71/update/cg71-update-1/documents/equality-impact-assessment-3","Equality_impact_assessment","29_November_2017","pdf","Equality_impact_assessment_29_November_2017.pdf","D:/NICE_history/CG71","D:/NICE_history/CG71/Equality_impact_assessment_29_November_2017.pdf",TRUE,"downloaded",
"CG71","List of registered stakeholders","List of registered stakeholders","01 September 2015","pdf","https://www.nice.org.uk/guidance/cg71/update/cg71-update-1/documents/familial-hypercholesterolaemia-standing-committee-update-list-of-registered-stakeholders2","List_of_registered_stakeholders","01_September_2015","pdf","List_of_registered_stakeholders_01_September_2015.pdf","D:/NICE_history/CG71","D:/NICE_history/CG71/List_of_registered_stakeholders_01_September_2015.pdf",TRUE,"downloaded",
"CG71","Original development on 01 August 2008","Familial hypercholesterolaemia: GDG membership","01 February 2007","pdf","https://www.nice.org.uk/guidance/cg71/update/CG71/documents/familial-hypercholesterolaemia-gdg-membership2","Familial_hypercholesterolaemia_GDG_membership","01_February_2007","pdf","Familial_hypercholesterolaemia_GDG_membership_01_February_2007.pdf","D:/NICE_history/CG71","D:/NICE_history/CG71/Familial_hypercholesterolaemia_GDG_membership_01_February_2007.pdf",TRUE,"downloaded",
"CG71","Original development on 01 August 2008","Appendix A","06 December 2013","pdf","https://www.nice.org.uk/guidance/cg71/update/CG71/documents/familial-hypercholesterolaemia-consultation2","Appendix_A","06_December_2013","pdf","Appendix_A_06_December_2013.pdf","D:/NICE_history/CG71","D:/NICE_history/CG71/Appendix_A_06_December_2013.pdf",TRUE,"downloaded",
"CG71","Original development on 01 August 2008","Familial hypercholesterolaemia: final scope","08 February 2007","pdf","https://www.nice.org.uk/guidance/cg71/update/CG71/documents/familial-hypercholesterolaemia-final-scope2","Familial_hypercholesterolaemia_final_scope","08_February_2007","pdf","Familial_hypercholesterolaemia_final_scope_08_February_2007.pdf","D:/NICE_history/CG71","D:/NICE_history/CG71/Familial_hypercholesterolaemia_final_scope_08_February_2007.pdf",TRUE,"downloaded",
"CG71","Original development on 01 August 2008","Familial hypercholesterolaemia: Appendix A","08 February 2008","pdf","https://www.nice.org.uk/guidance/cg71/update/CG71/documents/familial-hypercholesterolaemia-appendix-a2","Familial_hypercholesterolaemia_Appendix_A","08_February_2008","pdf","Familial_hypercholesterolaemia_Appendix_A_08_February_2008.pdf","D:/NICE_history/CG71","D:/NICE_history/CG71/Familial_hypercholesterolaemia_Appendix_A_08_February_2008.pdf",TRUE,"downloaded",
"CG71","Original development on 01 August 2008","Familial hypercholesterolaemia: Appendix B","08 February 2008","pdf","https://www.nice.org.uk/guidance/cg71/update/CG71/documents/familial-hypercholesterolaemia-appendix-b2","Familial_hypercholesterolaemia_Appendix_B","08_February_2008","pdf","Familial_hypercholesterolaemia_Appendix_B_08_February_2008.pdf","D:/NICE_history/CG71","D:/NICE_history/CG71/Familial_hypercholesterolaemia_Appendix_B_08_February_2008.pdf",TRUE,"downloaded",
"CG71","Original development on 01 August 2008","Familial hypercholesterolaemia: Appendix C","08 February 2008","pdf","https://www.nice.org.uk/guidance/cg71/update/CG71/documents/familial-hypercholesterolaemia-appendix-c2","Familial_hypercholesterolaemia_Appendix_C","08_February_2008","pdf","Familial_hypercholesterolaemia_Appendix_C_08_February_2008.pdf","D:/NICE_history/CG71","D:/NICE_history/CG71/Familial_hypercholesterolaemia_Appendix_C_08_February_2008.pdf",TRUE,"downloaded",
"CG71","Original development on 01 August 2008","Familial hypercholesterolaemia: Appendix D","08 February 2008","pdf","https://www.nice.org.uk/guidance/cg71/update/CG71/documents/familial-hypercholesterolaemia-appendix-d2","Familial_hypercholesterolaemia_Appendix_D","08_February_2008","pdf","Familial_hypercholesterolaemia_Appendix_D_08_February_2008.pdf","D:/NICE_history/CG71","D:/NICE_history/CG71/Familial_hypercholesterolaemia_Appendix_D_08_February_2008.pdf",TRUE,"downloaded",
"CG71","Original development on 01 August 2008","Familial hypercholesterolaemia: Appendix E","08 February 2008","pdf","https://www.nice.org.uk/guidance/cg71/update/CG71/documents/familial-hypercholesterolaemia-appendix-e2","Familial_hypercholesterolaemia_Appendix_E","08_February_2008","pdf","Familial_hypercholesterolaemia_Appendix_E_08_February_2008.pdf","D:/NICE_history/CG71","D:/NICE_history/CG71/Familial_hypercholesterolaemia_Appendix_E_08_February_2008.pdf",TRUE,"downloaded",
"CG71","Original development on 01 August 2008","Familial hypercholesterolaemia: Appendix F","08 February 2008","pdf","https://www.nice.org.uk/guidance/cg71/update/CG71/documents/familial-hypercholesterolaemia-appendix-f2","Familial_hypercholesterolaemia_Appendix_F","08_February_2008","pdf","Familial_hypercholesterolaemia_Appendix_F_08_February_2008.pdf","D:/NICE_history/CG71","D:/NICE_history/CG71/Familial_hypercholesterolaemia_Appendix_F_08_February_2008.pdf",TRUE,"downloaded",
"CG71","Original development on 01 August 2008","Familial hypercholesterolaemia: Appendix G","08 February 2008","pdf","https://www.nice.org.uk/guidance/cg71/update/CG71/documents/familial-hypercholesterolaemia-appendix-g2","Familial_hypercholesterolaemia_Appendix_G","08_February_2008","pdf","Familial_hypercholesterolaemia_Appendix_G_08_February_2008.pdf","D:/NICE_history/CG71","D:/NICE_history/CG71/Familial_hypercholesterolaemia_Appendix_G_08_February_2008.pdf",TRUE,"downloaded",
"CG71","Original development on 01 August 2008","Familial hypercholesterolaemia: Comments proforma","08 February 2008","docx","https://www.nice.org.uk/guidance/cg71/update/CG71/documents/familial-hypercholesterolaemia-comments-proforma2","Familial_hypercholesterolaemia_Comments_proforma","08_February_2008","docx","Familial_hypercholesterolaemia_Comments_proforma_08_February_2008.docx","D:/NICE_history/CG71","D:/NICE_history/CG71/Familial_hypercholesterolaemia_Comments_proforma_08_February_2008.docx",TRUE,"downloaded",
"CG71","Original development on 01 August 2008","Familial hypercholesterolaemia: Full guideline","08 February 2008","pdf","https://www.nice.org.uk/guidance/cg71/update/CG71/documents/familial-hypercholesterolaemia-full-guideline2","Familial_hypercholesterolaemia_Full_guideline","08_February_2008","pdf","Familial_hypercholesterolaemia_Full_guideline_08_February_2008.pdf","D:/NICE_history/CG71","D:/NICE_history/CG71/Familial_hypercholesterolaemia_Full_guideline_08_February_2008.pdf",TRUE,"downloaded",
"CG71","Original development on 01 August 2008","Familial hypercholesterolaemia: NICE guideline","08 February 2008","pdf","https://www.nice.org.uk/guidance/cg71/update/CG71/documents/familial-hypercholesterolaemia-nice-guideline2","Familial_hypercholesterolaemia_NICE_guideline","08_February_2008","pdf","Familial_hypercholesterolaemia_NICE_guideline_08_February_2008.pdf","D:/NICE_history/CG71","D:/NICE_history/CG71/Familial_hypercholesterolaemia_NICE_guideline_08_February_2008.pdf",TRUE,"downloaded",
"CG71","Original development on 01 August 2008","Familial Hypercholesterolaemia: Draft Scope, comments form","10 July 2006","docx","https://www.nice.org.uk/guidance/cg71/update/CG71/documents/familial-hypercholesterolaemia-draft-scope-comments-form2","Familial_Hypercholesterolaemia_Draft_Scope,_comments_form","10_July_2006","docx","Familial_Hypercholesterolaemia_Draft_Scope,_comments_form_10_July_2006.docx","D:/NICE_history/CG71","D:/NICE_history/CG71/Familial_Hypercholesterolaemia_Draft_Scope,_comments_form_10_July_2006.docx",TRUE,"downloaded",
"CG71","Original development on 01 August 2008","Familial hypercholesterolaemia: GDG minutes 11 January 2008","10 July 2008","pdf","https://www.nice.org.uk/guidance/cg71/update/CG71/documents/familial-hypercholesterolaemia-gdg-minutes-11-january-20082","Familial_hypercholesterolaemia_GDG_minutes_11_January_2008","10_July_2008","pdf","Familial_hypercholesterolaemia_GDG_minutes_11_January_2008_10_July_2008.pdf","D:/NICE_history/CG71","D:/NICE_history/CG71/Familial_hypercholesterolaemia_GDG_minutes_11_January_2008_10_July_2008.pdf",TRUE,"downloaded",
"CG71","Original development on 01 August 2008","Familial hypercholesterolaemia: GDG minutes 2 May 2008","10 July 2008","pdf","https://www.nice.org.uk/guidance/cg71/update/CG71/documents/familial-hypercholesterolaemia-gdg-minutes-2-may-20082","Familial_hypercholesterolaemia_GDG_minutes_2_May_2008","10_July_2008","pdf","Familial_hypercholesterolaemia_GDG_minutes_2_May_2008_10_July_2008.pdf","D:/NICE_history/CG71","D:/NICE_history/CG71/Familial_hypercholesterolaemia_GDG_minutes_2_May_2008_10_July_2008.pdf",TRUE,"downloaded",
"CG71","Original development on 01 August 2008","Familial hypercholesterolaemia: review decision","11 August 2011","pdf","https://www.nice.org.uk/guidance/cg71/update/CG71/documents/familial-hypercholesterolaemia-review-decision2","Familial_hypercholesterolaemia_review_decision","11_August_2011","pdf","Familial_hypercholesterolaemia_review_decision_11_August_2011.pdf","D:/NICE_history/CG71","D:/NICE_history/CG71/Familial_hypercholesterolaemia_review_decision_11_August_2011.pdf",TRUE,"downloaded",
"CG71","Original development on 01 August 2008","Familial hypercholesterolaemia: GDG minutes 23 June 2008","12 August 2008","pdf","https://www.nice.org.uk/guidance/cg71/update/CG71/documents/familial-hypercholesterolaemia-gdg-minutes-23-june-20082","Familial_hypercholesterolaemia_GDG_minutes_23_June_2008","12_August_2008","pdf","Familial_hypercholesterolaemia_GDG_minutes_23_June_2008_12_August_2008.pdf","D:/NICE_history/CG71","D:/NICE_history/CG71/Familial_hypercholesterolaemia_GDG_minutes_23_June_2008_12_August_2008.pdf",TRUE,"downloaded",
"CG71","Original development on 01 August 2008","Familial hypercholesterolaemia: draft scope","15 July 2008","pdf","https://www.nice.org.uk/guidance/cg71/update/CG71/documents/familial-hypercholesterolaemia-draft-scope2","Familial_hypercholesterolaemia_draft_scope","15_July_2008","pdf","Familial_hypercholesterolaemia_draft_scope_15_July_2008.pdf","D:/NICE_history/CG71","D:/NICE_history/CG71/Familial_hypercholesterolaemia_draft_scope_15_July_2008.pdf",TRUE,"downloaded",
"CG71","Original development on 01 August 2008","The guideline development process - an overview for stakeholders, the public and the NHS (third edition)","25 April 2007","pdf","https://www.nice.org.uk/guidance/cg71/update/CG71/documents/the-guideline-development-process-an-overview-for-stakeholders-the-public-and-the-nhs-third-edition2","The_guideline_development_process_-_an_overview_for_stakeholders,_the_public_and_the_NHS_(third_edition)","25_April_2007","pdf","The_guideline_development_process_-_an_overview_for_stakeholders,_the_public_and_the_NHS_(third_edition)_25_April_2007.pdf","D:/NICE_history/CG71","D:/NICE_history/CG71/The_guideline_development_process_-_an_overview_for_stakeholders,_the_public_and_the_NHS_(third_edition)_25_April_2007.pdf",TRUE,"downloaded",
"CG71","Original development on 01 August 2008","Familial hypercholesterolaemia: draft consultation comments 1","27 August 2008","pdf","https://www.nice.org.uk/guidance/cg71/update/CG71/documents/familial-hypercholesterolaemia-draft-consultation-comments-12","Familial_hypercholesterolaemia_draft_consultation_comments_1","27_August_2008","pdf","Familial_hypercholesterolaemia_draft_consultation_comments_1_27_August_2008.pdf","D:/NICE_history/CG71","D:/NICE_history/CG71/Familial_hypercholesterolaemia_draft_consultation_comments_1_27_August_2008.pdf",TRUE,"downloaded",
"CG71","Original development on 01 August 2008","Familial hypercholesterolaemia: draft consultation comments 2","27 August 2008","pdf","https://www.nice.org.uk/guidance/cg71/update/CG71/documents/familial-hypercholesterolaemia-draft-consultation-comments-22","Familial_hypercholesterolaemia_draft_consultation_comments_2","27_August_2008","pdf","Familial_hypercholesterolaemia_draft_consultation_comments_2_27_August_2008.pdf","D:/NICE_history/CG71","D:/NICE_history/CG71/Familial_hypercholesterolaemia_draft_consultation_comments_2_27_August_2008.pdf",TRUE,"downloaded",
"CG71","Original development on 01 August 2008","CG71 Familial hypercholesterolaemia: review proposal","27 June 2011","pdf","https://www.nice.org.uk/guidance/cg71/update/CG71/documents/cg71-familial-hypercholesterolaemia-review-proposal2","CG71_Familial_hypercholesterolaemia_review_proposal","27_June_2011","pdf","CG71_Familial_hypercholesterolaemia_review_proposal_27_June_2011.pdf","D:/NICE_history/CG71","D:/NICE_history/CG71/CG71_Familial_hypercholesterolaemia_review_proposal_27_June_2011.pdf",TRUE,"downloaded",
"CG71","Pre-consultation documents released","Committee member list","12 May 2016","pdf","https://www.nice.org.uk/guidance/cg71/update/cg71-update-1/documents/committee-member-list","Committee_member_list","12_May_2016","pdf","Committee_member_list_12_May_2016.pdf","D:/NICE_history/CG71","D:/NICE_history/CG71/Committee_member_list_12_May_2016.pdf",TRUE,"downloaded",
"CG71","Pre-consultation documents released","Review questions","12 May 2016","pdf","https://www.nice.org.uk/guidance/cg71/update/cg71-update-1/documents/review-questions","Review_questions","12_May_2016","pdf","Review_questions_12_May_2016.pdf","D:/NICE_history/CG71","D:/NICE_history/CG71/Review_questions_12_May_2016.pdf",TRUE,"downloaded",
"CG71","Review questions document published","Review questions","01 December 2016","pdf","https://www.nice.org.uk/guidance/cg71/update/cg71-update-1/documents/review-questions-2","Review_questions","01_December_2016","pdf","Review_questions_01_December_2016.pdf","D:/NICE_history/CG71","D:/NICE_history/CG71/Review_questions_01_December_2016.pdf",TRUE,"downloaded",
"CG71","Stakeholder list updated","Stakeholder list","10 May 2017","pdf","https://www.nice.org.uk/guidance/cg71/update/cg71-update-1/documents/stakeholder-list-2","Stakeholder_list","10_May_2017","pdf","Stakeholder_list_10_May_2017.pdf","D:/NICE_history/CG71","D:/NICE_history/CG71/Stakeholder_list_10_May_2017.pdf",TRUE,"downloaded",
"CG77","Antisocial personality disorders (ASPD): Guidance development group","Antisocial personality disorders (ASPD): Guidance development group list","07 March 2008","pdf","https://www.nice.org.uk/guidance/cg77/documents/antisocial-personality-disorders-aspd-guidance-development-group-list2","Antisocial_personality_disorders_(ASPD)_Guidance_development_group_list","07_March_2008","pdf","Antisocial_personality_disorders_(ASPD)_Guidance_development_group_list_07_March_2008.pdf","D:/NICE_history/CG77","D:/NICE_history/CG77/Antisocial_personality_disorders_(ASPD)_Guidance_development_group_list_07_March_2008.pdf",TRUE,"downloaded",
"CG77","Antisocial personality disorders (ASPD): Guidance development group","Antisocial personality disorders (ASPD): Guidance Development Group minutes - 10 October 2008","10 November 2008","pdf","https://www.nice.org.uk/guidance/cg77/documents/antisocial-personality-disorders-aspd-guidance-development-group-minutes-10-october-20082","Antisocial_personality_disorders_(ASPD)_Guidance_Development_Group_minutes_-_10_October_2008","10_November_2008","pdf","Antisocial_personality_disorders_(ASPD)_Guidance_Development_Group_minutes_-_10_October_2008_10_November_2008.pdf","D:/NICE_history/CG77","D:/NICE_history/CG77/Antisocial_personality_disorders_(ASPD)_Guidance_Development_Group_minutes_-_10_October_2008_10_November_2008.pdf",TRUE,"downloaded",
"CG77","Antisocial personality disorders (ASPD): Guidance development group","Antisocial personality disorders (ASPD): Guidance Development Group minutes - 11 April 2008","27 May 2008","pdf","https://www.nice.org.uk/guidance/cg77/documents/antisocial-personality-disorders-aspd-guidance-development-group-minutes-11-april-20082","Antisocial_personality_disorders_(ASPD)_Guidance_Development_Group_minutes_-_11_April_2008","27_May_2008","pdf","Antisocial_personality_disorders_(ASPD)_Guidance_Development_Group_minutes_-_11_April_2008_27_May_2008.pdf","D:/NICE_history/CG77","D:/NICE_history/CG77/Antisocial_personality_disorders_(ASPD)_Guidance_Development_Group_minutes_-_11_April_2008_27_May_2008.pdf",TRUE,"downloaded",
"CG77","Antisocial personality disorders (ASPD): Guidance development group","Antisocial personality disorders (ASPD): Guidance Development Group minutes - 8 February 2008","27 May 2008","pdf","https://www.nice.org.uk/guidance/cg77/documents/antisocial-personality-disorders-aspd-guidance-development-group-minutes-8-february-20082","Antisocial_personality_disorders_(ASPD)_Guidance_Development_Group_minutes_-_8_February_2008","27_May_2008","pdf","Antisocial_personality_disorders_(ASPD)_Guidance_Development_Group_minutes_-_8_February_2008_27_May_2008.pdf","D:/NICE_history/CG77","D:/NICE_history/CG77/Antisocial_personality_disorders_(ASPD)_Guidance_Development_Group_minutes_-_8_February_2008_27_May_2008.pdf",TRUE,"downloaded",
"CG77","Antisocial personality disorders (ASPD): comments table responses","Antisocial personality disorders (ASPD): comments table responses","28 April 2009","pdf","https://www.nice.org.uk/guidance/cg77/documents/antisocial-personality-disorders-aspd-comments-table-responses2","Antisocial_personality_disorders_(ASPD)_comments_table_responses","28_April_2009","pdf","Antisocial_personality_disorders_(ASPD)_comments_table_responses_28_April_2009.pdf","D:/NICE_history/CG77","D:/NICE_history/CG77/Antisocial_personality_disorders_(ASPD)_comments_table_responses_28_April_2009.pdf",TRUE,"downloaded",
"CG77","Antisocial personality disorders (ASPD): consultation on the draft guideline","Antisocial personality disorders (ASPD): NICE guideline for consultation","08 August 2008","pdf","https://www.nice.org.uk/guidance/cg77/documents/antisocial-personality-disorders-aspd-nice-guideline-for-consultation2","Antisocial_personality_disorders_(ASPD)_NICE_guideline_for_consultation","08_August_2008","pdf","Antisocial_personality_disorders_(ASPD)_NICE_guideline_for_consultation_08_August_2008.pdf","D:/NICE_history/CG77","D:/NICE_history/CG77/Antisocial_personality_disorders_(ASPD)_NICE_guideline_for_consultation_08_August_2008.pdf",TRUE,"downloaded",
"CG77","Antisocial personality disorders (ASPD): consultation on the draft guideline","Antisocial personality disorders (ASPD): full guideline for consultation","08 August 2008","pdf","https://www.nice.org.uk/guidance/cg77/documents/antisocial-personality-disorders-aspd-full-guideline-for-consultation2","Antisocial_personality_disorders_(ASPD)_full_guideline_for_consultation","08_August_2008","pdf","Antisocial_personality_disorders_(ASPD)_full_guideline_for_consultation_08_August_2008.pdf","D:/NICE_history/CG77","D:/NICE_history/CG77/Antisocial_personality_disorders_(ASPD)_full_guideline_for_consultation_08_August_2008.pdf",TRUE,"downloaded",
"CG77","Antisocial personality disorders (ASPD): consultation on the draft guideline","Appendix 15: study characteristic tables","08 August 2008","pdf","https://www.nice.org.uk/guidance/cg77/documents/appendix-15-study-characteristic-tables2","Appendix_15_study_characteristic_tables","08_August_2008","pdf","Appendix_15_study_characteristic_tables_08_August_2008.pdf","D:/NICE_history/CG77","D:/NICE_history/CG77/Appendix_15_study_characteristic_tables_08_August_2008.pdf",TRUE,"downloaded",
"CG77","Antisocial personality disorders (ASPD): consultation on the draft guideline","Appendix 16: clinical evidence forest plots","08 August 2008","docx","https://www.nice.org.uk/guidance/cg77/documents/appendix-16-clinical-evidence-forest-plots2","Appendix_16_clinical_evidence_forest_plots","08_August_2008","docx","Appendix_16_clinical_evidence_forest_plots_08_August_2008.docx","D:/NICE_history/CG77","D:/NICE_history/CG77/Appendix_16_clinical_evidence_forest_plots_08_August_2008.docx",TRUE,"downloaded",
"CG77","Antisocial personality disorders (ASPD): consultation on the draft guideline","Appendix 17: GRADE evidence profiles","08 August 2008","docx","https://www.nice.org.uk/guidance/cg77/documents/appendix-17-grade-evidence-profiles2","Appendix_17_GRADE_evidence_profiles","08_August_2008","docx","Appendix_17_GRADE_evidence_profiles_08_August_2008.docx","D:/NICE_history/CG77","D:/NICE_history/CG77/Appendix_17_GRADE_evidence_profiles_08_August_2008.docx",TRUE,"downloaded",
"CG77","Antisocial personality disorders (ASPD): consultation on the draft guideline","Appendix 18a FFT model - estimated costs of FFT for 100 families","08 August 2008","xlsx","https://www.nice.org.uk/guidance/cg77/documents/appendix-18a-fft-model-estimated-costs-of-fft-for-100-families2","Appendix_18a_FFT_model_-_estimated_costs_of_FFT_for_100_families","08_August_2008","xlsx","Appendix_18a_FFT_model_-_estimated_costs_of_FFT_for_100_families_08_August_2008.xlsx","D:/NICE_history/CG77","D:/NICE_history/CG77/Appendix_18a_FFT_model_-_estimated_costs_of_FFT_for_100_families_08_August_2008.xlsx",TRUE,"downloaded",
"CG77","Antisocial personality disorders (ASPD): consultation on the draft guideline","Appendix 18b FFT model - estimated weighted cost of a crime","08 August 2008","xlsx","https://www.nice.org.uk/guidance/cg77/documents/appendix-18b-fft-model-estimated-weighted-cost-of-a-crime2","Appendix_18b_FFT_model_-_estimated_weighted_cost_of_a_crime","08_August_2008","xlsx","Appendix_18b_FFT_model_-_estimated_weighted_cost_of_a_crime_08_August_2008.xlsx","D:/NICE_history/CG77","D:/NICE_history/CG77/Appendix_18b_FFT_model_-_estimated_weighted_cost_of_a_crime_08_August_2008.xlsx",TRUE,"downloaded",
"CG77","Antisocial personality disorders (ASPD): consultation on the draft guideline","Appendix 18c: R&R model","08 August 2008","xlsx","https://www.nice.org.uk/guidance/cg77/documents/appendix-18c-rr-model2","Appendix_18c_R&R_model","08_August_2008","xlsx","Appendix_18c_R&R_model_08_August_2008.xlsx","D:/NICE_history/CG77","D:/NICE_history/CG77/Appendix_18c_R&R_model_08_August_2008.xlsx",TRUE,"downloaded",
"CG77","Personality disorders - antisocial: Draft scope","Personality disorders - antisocial: Draft scope","21 November 2006","pdf","https://www.nice.org.uk/guidance/cg77/documents/personality-disorders-antisocial-draft-scope2","Personality_disorders_-_antisocial_Draft_scope","21_November_2006","pdf","Personality_disorders_-_antisocial_Draft_scope_21_November_2006.pdf","D:/NICE_history/CG77","D:/NICE_history/CG77/Personality_disorders_-_antisocial_Draft_scope_21_November_2006.pdf",TRUE,"downloaded",
"CG77","Personality disorders - antisocial: Draft scope, comments form","Personality disorders - antisocial: Draft scope, comments form","21 November 2006","docx","https://www.nice.org.uk/guidance/cg77/documents/personality-disorders-antisocial-draft-scope-comments-form2","Personality_disorders_-_antisocial_Draft_scope,_comments_form","21_November_2006","docx","Personality_disorders_-_antisocial_Draft_scope,_comments_form_21_November_2006.docx","D:/NICE_history/CG77","D:/NICE_history/CG77/Personality_disorders_-_antisocial_Draft_scope,_comments_form_21_November_2006.docx",TRUE,"downloaded",
"CG77","Personality disorders - antisocial: final scope","Personality disorders - antisocial: final scope","19 March 2007","pdf","https://www.nice.org.uk/guidance/cg77/documents/personality-disorders-antisocial-final-scope2","Personality_disorders_-_antisocial_final_scope","19_March_2007","pdf","Personality_disorders_-_antisocial_final_scope_19_March_2007.pdf","D:/NICE_history/CG77","D:/NICE_history/CG77/Personality_disorders_-_antisocial_final_scope_19_March_2007.pdf",TRUE,"downloaded",
"CG77","Review documents","Antisocial personality disorders (ASPD): list of stakeholders","10 October 2011","pdf","https://www.nice.org.uk/guidance/cg77/documents/antisocial-personality-disorders-aspd-list-of-stakeholders2","Antisocial_personality_disorders_(ASPD)_list_of_stakeholders","10_October_2011","pdf","Antisocial_personality_disorders_(ASPD)_list_of_stakeholders_10_October_2011.pdf","D:/NICE_history/CG77","D:/NICE_history/CG77/Antisocial_personality_disorders_(ASPD)_list_of_stakeholders_10_October_2011.pdf",TRUE,"downloaded",
"CG77","Review documents","Consultation document","10 October 2011","pdf","https://www.nice.org.uk/guidance/cg77/documents/antisocial-personality-disorder-consultation-document2","Consultation_document","10_October_2011","pdf","Consultation_document_10_October_2011.pdf","D:/NICE_history/CG77","D:/NICE_history/CG77/Consultation_document_10_October_2011.pdf",TRUE,"downloaded",
"CG77","Review documents","Static list review decision","17 February 2014","pdf","https://www.nice.org.uk/guidance/cg77/documents/cg77-antisocial-personality-disorder-static-list-review-decision2","Static_list_review_decision","17_February_2014","pdf","Static_list_review_decision_17_February_2014.pdf","D:/NICE_history/CG77","D:/NICE_history/CG77/Static_list_review_decision_17_February_2014.pdf",TRUE,"downloaded",
"CG77","Review documents","Review decision","17 November 2011","pdf","https://www.nice.org.uk/guidance/cg77/documents/antisocial-personality-disorder-review-decision2","Review_decision","17_November_2011","pdf","Review_decision_17_November_2011.pdf","D:/NICE_history/CG77","D:/NICE_history/CG77/Review_decision_17_November_2011.pdf",TRUE,"downloaded",
"CG77","Scope consultation table with responses","Scope consultation table with responses","14 June 2007","pdf","https://www.nice.org.uk/guidance/cg77/documents/scope-consultation-table-with-responses2","Scope_consultation_table_with_responses","14_June_2007","pdf","Scope_consultation_table_with_responses_14_June_2007.pdf","D:/NICE_history/CG77","D:/NICE_history/CG77/Scope_consultation_table_with_responses_14_June_2007.pdf",TRUE,"downloaded",
"CG77","Stakeholder list updated","Stakeholder list","23 July 2018","pdf","https://www.nice.org.uk/guidance/cg77/documents/stakeholder-list","Stakeholder_list","23_July_2018","pdf","Stakeholder_list_23_July_2018.pdf","D:/NICE_history/CG77","D:/NICE_history/CG77/Stakeholder_list_23_July_2018.pdf",TRUE,"downloaded",
"CG77","Surveillance consultation","Comments form","30 April 2018","docx","https://www.nice.org.uk/guidance/cg77/documents/comments-form","Comments_form","30_April_2018","docx","Comments_form_30_April_2018.docx","D:/NICE_history/CG77","D:/NICE_history/CG77/Comments_form_30_April_2018.docx",TRUE,"downloaded",
"CG77","Surveillance consultation","Surveillance review proposal","30 April 2018","pdf","https://www.nice.org.uk/guidance/cg77/documents/surveillance-review-proposal","Surveillance_review_proposal","30_April_2018","pdf","Surveillance_review_proposal_30_April_2018.pdf","D:/NICE_history/CG77","D:/NICE_history/CG77/Surveillance_review_proposal_30_April_2018.pdf",TRUE,"downloaded",
"CG77","The guideline development process - an overview for stakeholders, the public and the NHS (third edition)","The guideline development process - an overview for stakeholders, the public and the NHS (third edition)","25 April 2007","pdf","https://www.nice.org.uk/guidance/cg77/documents/the-guideline-development-process-an-overview-for-stakeholders-the-public-and-the-nhs-third-edition2","The_guideline_development_process_-_an_overview_for_stakeholders,_the_public_and_the_NHS_(third_edition)","25_April_2007","pdf","The_guideline_development_process_-_an_overview_for_stakeholders,_the_public_and_the_NHS_(third_edition)_25_April_2007.pdf","D:/NICE_history/CG77","D:/NICE_history/CG77/The_guideline_development_process_-_an_overview_for_stakeholders,_the_public_and_the_NHS_(third_edition)_25_April_2007.pdf",TRUE,"downloaded",
"CG118","Background information","Download PDF version","06 December 2013","pdf","https://www.nice.org.uk/guidance/cg118/documents/nice-publishes-new-guideline-on-colonoscopic-surveillance-for-the-prevention-of-colorectal-cancer-in-people-with-ulcerative-colitis-crohns-disease-or-adenomas2","Download_PDF_version","06_December_2013","pdf","Download_PDF_version_06_December_2013.pdf","D:/NICE_history/CG118","D:/NICE_history/CG118/Download_PDF_version_06_December_2013.pdf",TRUE,"downloaded",
"CG118","Colonoscopic surveillance for colorectal cancer in high-risk groups: inflammatory bowel disease and polyps: guideline development and consultation","Colonoscopic surveillance for colorectal cancer in high-risk groups: inflammatory bowel disease and polyps: GDG membership list","01 March 2011","pdf","https://www.nice.org.uk/guidance/cg118/documents/colonoscopic-surveillance-for-colorectal-cancer-in-highrisk-groupsinflammatory-bowel-disease-and-polyps-gdg-membership-list2","Colonoscopic_surveillance_for_colorectal_cancer_in_high-risk_groups_inflammatory_bowel_disease_and_polyps_GDG_membership_list","01_March_2011","pdf","Colonoscopic_surveillance_for_colorectal_cancer_in_high-risk_groups_inflammatory_bowel_disease_and_polyps_GDG_membership_list_01_March_2011.pdf","D:/NICE_history/CG118","D:/NICE_history/CG118/Colonoscopic_surveillance_for_colorectal_cancer_in_high-risk_groups_inflammatory_bowel_disease_and_polyps_GDG_membership_list_01_March_2011.pdf",TRUE,"downloaded",
"CG118","Colonoscopic surveillance for colorectal cancer in high-risk groups: inflammatory bowel disease and polyps: guideline development and consultation","Colonoscopic surveillance - GDG minutes - 5 March 2010","02 November 2010","pdf","https://www.nice.org.uk/guidance/cg118/documents/colonoscopic-surveillance-gdg-minutes-5-march-20102","Colonoscopic_surveillance_-_GDG_minutes_-_5_March_2010","02_November_2010","pdf","Colonoscopic_surveillance_-_GDG_minutes_-_5_March_2010_02_November_2010.pdf","D:/NICE_history/CG118","D:/NICE_history/CG118/Colonoscopic_surveillance_-_GDG_minutes_-_5_March_2010_02_November_2010.pdf",TRUE,"downloaded",
"CG118","Colonoscopic surveillance for colorectal cancer in high-risk groups: inflammatory bowel disease and polyps: guideline development and consultation","Colonoscopic surveillance - GDG minutes - 29 & 30 April 2010","03 September 2010","pdf","https://www.nice.org.uk/guidance/cg118/documents/colonoscopic-surveillance-gdg-minutes-29-30-april-20102","Colonoscopic_surveillance_-_GDG_minutes_-_29_&_30_April_2010","03_September_2010","pdf","Colonoscopic_surveillance_-_GDG_minutes_-_29_&_30_April_2010_03_September_2010.pdf","D:/NICE_history/CG118","D:/NICE_history/CG118/Colonoscopic_surveillance_-_GDG_minutes_-_29_&_30_April_2010_03_September_2010.pdf",TRUE,"downloaded",
"CG118","Colonoscopic surveillance for colorectal cancer in high-risk groups: inflammatory bowel disease and polyps: guideline development and consultation","Colonoscopic surveillance - GDG minutes - 4 February 2010","08 April 2010","pdf","https://www.nice.org.uk/guidance/cg118/documents/colonoscopic-surveillance-gdg-minutes-4-february-20102","Colonoscopic_surveillance_-_GDG_minutes_-_4_February_2010","08_April_2010","pdf","Colonoscopic_surveillance_-_GDG_minutes_-_4_February_2010_08_April_2010.pdf","D:/NICE_history/CG118","D:/NICE_history/CG118/Colonoscopic_surveillance_-_GDG_minutes_-_4_February_2010_08_April_2010.pdf",TRUE,"downloaded",
"CG118","Colonoscopic surveillance for colorectal cancer in high-risk groups: inflammatory bowel disease and polyps: guideline development and consultation","Colonoscopic surveillance for colorectal cancer in high-risk groups: inflammatory bowel disease and polyps: 2nd draft guideline consultation - NICE confidentiality agreement for model release","09 December 2010","docx","https://www.nice.org.uk/guidance/cg118/documents/colonoscopic-surveillance-for-colorectal-cancer-in-highrisk-groups-inflammatory-bowel-disease-and-polyps-2nd-draft-guideline-consultation-nice-confidentiality-agreement-for-model-release-2","Colonoscopic_surveillance_for_colorectal_cancer_in_high-risk_groups_inflammatory_bowel_disease_and_polyps_2nd_draft_guideline_consultation_-_NICE_confidentiality_agreement_for_model_release","09_December_2010","docx","Colonoscopic_surveillance_for_colorectal_cancer_in_high-risk_groups_inflammatory_bowel_disease_and_polyps_2nd_draft_guideline_consultation_-_NICE_confidentiality_agreement_for_model_release_09_December_2010.docx","D:/NICE_history/CG118","D:/NICE_history/CG118/Colonoscopic_surveillance_for_colorectal_cancer_in_high-risk_groups_inflammatory_bowel_disease_and_polyps_2nd_draft_guideline_consultation_-_NICE_confidentiality_agreement_for_model_release_09_December_2010.docx",TRUE,"downloaded",
"CG118","Colonoscopic surveillance for colorectal cancer in high-risk groups: inflammatory bowel disease and polyps: guideline development and consultation","Colonoscopic surveillance for colorectal cancer in high-risk groups: inflammatory bowel disease and polyps: 2nd draft guideline consultation - comments proforma","09 December 2010","docx","https://www.nice.org.uk/guidance/cg118/documents/colonoscopic-surveillance-for-colorectal-cancer-in-highrisk-groups-inflammatory-bowel-disease-and-polyps-2nd-draft-guideline-consultation-comments-proforma2","Colonoscopic_surveillance_for_colorectal_cancer_in_high-risk_groups_inflammatory_bowel_disease_and_polyps_2nd_draft_guideline_consultation_-_comments_proforma","09_December_2010","docx","Colonoscopic_surveillance_for_colorectal_cancer_in_high-risk_groups_inflammatory_bowel_disease_and_polyps_2nd_draft_guideline_consultation_-_comments_proforma_09_December_2010.docx","D:/NICE_history/CG118","D:/NICE_history/CG118/Colonoscopic_surveillance_for_colorectal_cancer_in_high-risk_groups_inflammatory_bowel_disease_and_polyps_2nd_draft_guideline_consultation_-_comments_proforma_09_December_2010.docx",TRUE,"downloaded",
"CG118","Colonoscopic surveillance for colorectal cancer in high-risk groups: inflammatory bowel disease and polyps: guideline development and consultation","Colonoscopic surveillance for colorectal cancer in high-risk groups: inflammatory bowel disease and polyps: 2nd draft guideline consultation - full guideline","09 December 2010","pdf","https://www.nice.org.uk/guidance/cg118/documents/colonoscopic-surveillance-for-colorectal-cancer-in-highrisk-groups-inflammatory-bowel-disease-and-polyps-2nd-draft-guideline-consultation-full-guideline2","Colonoscopic_surveillance_for_colorectal_cancer_in_high-risk_groups_inflammatory_bowel_disease_and_polyps_2nd_draft_guideline_consultation_-_full_guideline","09_December_2010","pdf","Colonoscopic_surveillance_for_colorectal_cancer_in_high-risk_groups_inflammatory_bowel_disease_and_polyps_2nd_draft_guideline_consultation_-_full_guideline_09_December_2010.pdf","D:/NICE_history/CG118","D:/NICE_history/CG118/Colonoscopic_surveillance_for_colorectal_cancer_in_high-risk_groups_inflammatory_bowel_disease_and_polyps_2nd_draft_guideline_consultation_-_full_guideline_09_December_2010.pdf",TRUE,"downloaded",
"CG118","Colonoscopic surveillance for colorectal cancer in high-risk groups: inflammatory bowel disease and polyps: guideline development and consultation","Colonoscopic surveillance for colorectal cancer in high-risk groups: inflammatory bowel disease and polyps: 2nd draft guideline consultation - full guideline appendices 1-6","09 December 2010","pdf","https://www.nice.org.uk/guidance/cg118/documents/colonoscopic-surveillance-for-colorectal-cancer-in-highrisk-groups-inflammatory-bowel-disease-and-polyps-2nd-draft-guideline-consultation-full-guideline-appendices-162","Colonoscopic_surveillance_for_colorectal_cancer_in_high-risk_groups_inflammatory_bowel_disease_and_polyps_2nd_draft_guideline_consultation_-_full_guideline_appendices_1-6","09_December_2010","pdf","Colonoscopic_surveillance_for_colorectal_cancer_in_high-risk_groups_inflammatory_bowel_disease_and_polyps_2nd_draft_guideline_consultation_-_full_guideline_appendices_1-6_09_December_2010.pdf","D:/NICE_history/CG118","D:/NICE_history/CG118/Colonoscopic_surveillance_for_colorectal_cancer_in_high-risk_groups_inflammatory_bowel_disease_and_polyps_2nd_draft_guideline_consultation_-_full_guideline_appendices_1-6_09_December_2010.pdf",TRUE,"downloaded",
"CG118","Colonoscopic surveillance for colorectal cancer in high-risk groups: inflammatory bowel disease and polyps: guideline development and consultation","Colonoscopic surveillance for colorectal cancer in high-risk groups: inflammatory bowel disease and polyps: 2nd draft guideline consultation - full guideline appendices 7-8","09 December 2010","pdf","https://www.nice.org.uk/guidance/cg118/documents/colonoscopic-surveillance-for-colorectal-cancer-in-highrisk-groups-inflammatory-bowel-disease-and-polyps-2nd-draft-guideline-consultation-full-guideline-appendices-782","Colonoscopic_surveillance_for_colorectal_cancer_in_high-risk_groups_inflammatory_bowel_disease_and_polyps_2nd_draft_guideline_consultation_-_full_guideline_appendices_7-8","09_December_2010","pdf","Colonoscopic_surveillance_for_colorectal_cancer_in_high-risk_groups_inflammatory_bowel_disease_and_polyps_2nd_draft_guideline_consultation_-_full_guideline_appendices_7-8_09_December_2010.pdf","D:/NICE_history/CG118","D:/NICE_history/CG118/Colonoscopic_surveillance_for_colorectal_cancer_in_high-risk_groups_inflammatory_bowel_disease_and_polyps_2nd_draft_guideline_consultation_-_full_guideline_appendices_7-8_09_December_2010.pdf",TRUE,"downloaded",
"CG118","Colonoscopic surveillance for colorectal cancer in high-risk groups: inflammatory bowel disease and polyps: guideline development and consultation","Colonoscopic surveillance for colorectal cancer in high-risk groups - inflammatory bowel disease and polyps: list of stakeholders","17 February 2011","pdf","https://www.nice.org.uk/guidance/cg118/documents/colonoscopic-surveillance-for-colorectal-cancer-in-highrisk-groups-inflammatory-bowel-disease-and-polyps-list-of-stakeholders2","Colonoscopic_surveillance_for_colorectal_cancer_in_high-risk_groups_-_inflammatory_bowel_disease_and_polyps_list_of_stakeholders","17_February_2011","pdf","Colonoscopic_surveillance_for_colorectal_cancer_in_high-risk_groups_-_inflammatory_bowel_disease_and_polyps_list_of_stakeholders_17_February_2011.pdf","D:/NICE_history/CG118","D:/NICE_history/CG118/Colonoscopic_surveillance_for_colorectal_cancer_in_high-risk_groups_-_inflammatory_bowel_disease_and_polyps_list_of_stakeholders_17_February_2011.pdf",TRUE,"downloaded",
"CG118","Colonoscopic surveillance for colorectal cancer in high-risk groups: inflammatory bowel disease and polyps: guideline development and consultation","Colonoscopic surveillance: 2nd consultation stakeholder comments & developer responses","23 March 2011","pdf","https://www.nice.org.uk/guidance/cg118/documents/colonoscopic-surveillance-2nd-consultation-stakeholder-comments-developer-responses2","Colonoscopic_surveillance_2nd_consultation_stakeholder_comments_&_developer_responses","23_March_2011","pdf","Colonoscopic_surveillance_2nd_consultation_stakeholder_comments_&_developer_responses_23_March_2011.pdf","D:/NICE_history/CG118","D:/NICE_history/CG118/Colonoscopic_surveillance_2nd_consultation_stakeholder_comments_&_developer_responses_23_March_2011.pdf",TRUE,"downloaded",
"CG118","Colonoscopic surveillance for colorectal cancer in high-risk groups: inflammatory bowel disease and polyps: guideline development and consultation","Colonoscopic surveillance: equalities impact assessment form (recommendations)","23 March 2011","pdf","https://www.nice.org.uk/guidance/cg118/documents/colonoscopic-surveillance-equalities-impact-assessment-form-recommendations2","Colonoscopic_surveillance_equalities_impact_assessment_form_(recommendations)","23_March_2011","pdf","Colonoscopic_surveillance_equalities_impact_assessment_form_(recommendations)_23_March_2011.pdf","D:/NICE_history/CG118","D:/NICE_history/CG118/Colonoscopic_surveillance_equalities_impact_assessment_form_(recommendations)_23_March_2011.pdf",TRUE,"downloaded",
"CG118","Colonoscopic surveillance for colorectal cancer in high-risk groups: inflammatory bowel disease and polyps: guideline development and consultation","Colonoscopic surveillance for colorectal cancer in high-risk groups: inflammatory bowel disease and polyps: draft guideline consultation - full guideline","27 May 2010","pdf","https://www.nice.org.uk/guidance/cg118/documents/colonoscopic-surveillance-for-colorectal-cancer-in-highrisk-groupsinflammatory-bowel-disease-and-polyps-draft-guideline-consultation-full-guideline2","Colonoscopic_surveillance_for_colorectal_cancer_in_high-risk_groups_inflammatory_bowel_disease_and_polyps_draft_guideline_consultation_-_full_guideline","27_May_2010","pdf","Colonoscopic_surveillance_for_colorectal_cancer_in_high-risk_groups_inflammatory_bowel_disease_and_polyps_draft_guideline_consultation_-_full_guideline_27_May_2010.pdf","D:/NICE_history/CG118","D:/NICE_history/CG118/Colonoscopic_surveillance_for_colorectal_cancer_in_high-risk_groups_inflammatory_bowel_disease_and_polyps_draft_guideline_consultation_-_full_guideline_27_May_2010.pdf",TRUE,"downloaded",
"CG118","Colonoscopic surveillance for colorectal cancer in high-risk groups: inflammatory bowel disease and polyps: guideline development and consultation","Colonoscopic surveillance for colorectal cancer in high-risk groups: inflammatory bowel disease and polyps: draft guideline consultation - full guideline appendices 1-6","27 May 2010","pdf","https://www.nice.org.uk/guidance/cg118/documents/colonoscopic-surveillance-for-colorectal-cancer-in-highrisk-groupsinflammatory-bowel-disease-and-polyps-draft-guideline-consultation-full-guideline-appendices-162","Colonoscopic_surveillance_for_colorectal_cancer_in_high-risk_groups_inflammatory_bowel_disease_and_polyps_draft_guideline_consultation_-_full_guideline_appendices_1-6","27_May_2010","pdf","Colonoscopic_surveillance_for_colorectal_cancer_in_high-risk_groups_inflammatory_bowel_disease_and_polyps_draft_guideline_consultation_-_full_guideline_appendices_1-6_27_May_2010.pdf","D:/NICE_history/CG118","D:/NICE_history/CG118/Colonoscopic_surveillance_for_colorectal_cancer_in_high-risk_groups_inflammatory_bowel_disease_and_polyps_draft_guideline_consultation_-_full_guideline_appendices_1-6_27_May_2010.pdf",TRUE,"downloaded",
"CG118","Colonoscopic surveillance for colorectal cancer in high-risk groups: inflammatory bowel disease and polyps: guideline development and consultation","Colonoscopic surveillance for colorectal cancer in high-risk groups: inflammatory bowel disease and polyps: draft guideline consultation - full guideline appendices 7-8","27 May 2010","pdf","https://www.nice.org.uk/guidance/cg118/documents/colonoscopic-surveillance-for-colorectal-cancer-in-highrisk-groupsinflammatory-bowel-disease-and-polyps-draft-guideline-consultation-full-guideline-appendices-782","Colonoscopic_surveillance_for_colorectal_cancer_in_high-risk_groups_inflammatory_bowel_disease_and_polyps_draft_guideline_consultation_-_full_guideline_appendices_7-8","27_May_2010","pdf","Colonoscopic_surveillance_for_colorectal_cancer_in_high-risk_groups_inflammatory_bowel_disease_and_polyps_draft_guideline_consultation_-_full_guideline_appendices_7-8_27_May_2010.pdf","D:/NICE_history/CG118","D:/NICE_history/CG118/Colonoscopic_surveillance_for_colorectal_cancer_in_high-risk_groups_inflammatory_bowel_disease_and_polyps_draft_guideline_consultation_-_full_guideline_appendices_7-8_27_May_2010.pdf",TRUE,"downloaded",
"CG118","Colonoscopic surveillance for colorectal cancer in high-risk groups: inflammatory bowel disease and polyps: pre-publication check","Colonoscopic surveillance: consultation tables with developer's responses","15 September 2010","pdf","https://www.nice.org.uk/guidance/cg118/documents/colonoscopic-surveillance-consultation-tables-with-developers-responses2","Colonoscopic_surveillance_consultation_tables_with_developer's_responses","15_September_2010","pdf","Colonoscopic_surveillance_consultation_tables_with_developer's_responses_15_September_2010.pdf","D:/NICE_history/CG118","D:/NICE_history/CG118/Colonoscopic_surveillance_consultation_tables_with_developer's_responses_15_September_2010.pdf",TRUE,"downloaded",
"CG118","Colonoscopic surveillance for colorectal cancer in high-risk groups: inflammatory bowel disease and polyps: pre-publication check","Colonoscopic surveillance: full guideline","15 September 2010","pdf","https://www.nice.org.uk/guidance/cg118/documents/colonoscopic-surveillance-full-guideline2","Colonoscopic_surveillance_full_guideline","15_September_2010","pdf","Colonoscopic_surveillance_full_guideline_15_September_2010.pdf","D:/NICE_history/CG118","D:/NICE_history/CG118/Colonoscopic_surveillance_full_guideline_15_September_2010.pdf",TRUE,"downloaded",
"CG118","Colonoscopic surveillance for colorectal cancer in high-risk groups: inflammatory bowel disease and polyps: pre-publication check","Colonoscopic surveillance: full guideline appendix part 1","15 September 2010","pdf","https://www.nice.org.uk/guidance/cg118/documents/colonoscopic-surveillance-full-guideline-appendix-part-12","Colonoscopic_surveillance_full_guideline_appendix_part_1","15_September_2010","pdf","Colonoscopic_surveillance_full_guideline_appendix_part_1_15_September_2010.pdf","D:/NICE_history/CG118","D:/NICE_history/CG118/Colonoscopic_surveillance_full_guideline_appendix_part_1_15_September_2010.pdf",TRUE,"downloaded",
"CG118","Colonoscopic surveillance for colorectal cancer in high-risk groups: inflammatory bowel disease and polyps: pre-publication check","Colonoscopic surveillance: full guideline appendix part 2","15 September 2010","pdf","https://www.nice.org.uk/guidance/cg118/documents/colonoscopic-surveillance-full-guideline-appendix-part-22","Colonoscopic_surveillance_full_guideline_appendix_part_2","15_September_2010","pdf","Colonoscopic_surveillance_full_guideline_appendix_part_2_15_September_2010.pdf","D:/NICE_history/CG118","D:/NICE_history/CG118/Colonoscopic_surveillance_full_guideline_appendix_part_2_15_September_2010.pdf",TRUE,"downloaded",
"CG118","Colonoscopic surveillance for colorectal cancer in high-risk groups: inflammatory bowel disease and polyps: pre-publication check","Colonoscopic surveillance: pre-publication check comments form","15 September 2010","docx","https://www.nice.org.uk/guidance/cg118/documents/colonoscopic-surveillance-prepublication-check-comments-form2","Colonoscopic_surveillance_pre-publication_check_comments_form","15_September_2010","docx","Colonoscopic_surveillance_pre-publication_check_comments_form_15_September_2010.docx","D:/NICE_history/CG118","D:/NICE_history/CG118/Colonoscopic_surveillance_pre-publication_check_comments_form_15_September_2010.docx",TRUE,"downloaded",
"CG118","Colonoscopic surveillance for colorectal cancer in high-risk groups: inflammatory bowel disease and polyps: pre-publication check","Colonoscopic surveillance: pre publication check stakeholder comments & developer responses","23 March 2011","pdf","https://www.nice.org.uk/guidance/cg118/documents/colonoscopic-surveillance-pre-publication-check-stakeholder-comments-developer-responses2","Colonoscopic_surveillance_pre_publication_check_stakeholder_comments_&_developer_responses","23_March_2011","pdf","Colonoscopic_surveillance_pre_publication_check_stakeholder_comments_&_developer_responses_23_March_2011.pdf","D:/NICE_history/CG118","D:/NICE_history/CG118/Colonoscopic_surveillance_pre_publication_check_stakeholder_comments_&_developer_responses_23_March_2011.pdf",TRUE,"downloaded",
"CG118","Colonoscopic surveillance for colorectal cancer in high-risk groups: inflammatory bowel disease and polyps: remit","Colonoscopic surveillance for colorectal cancer in high-risk groups: inflammatory bowel disease and polyps: remit","21 May 2009","pdf","https://www.nice.org.uk/guidance/cg118/documents/colonoscopic-surveillance-for-colorectal-cancer-in-highrisk-groupsinflammatory-bowel-disease-and-polyps-remit2","Colonoscopic_surveillance_for_colorectal_cancer_in_high-risk_groups_inflammatory_bowel_disease_and_polyps_remit","21_May_2009","pdf","Colonoscopic_surveillance_for_colorectal_cancer_in_high-risk_groups_inflammatory_bowel_disease_and_polyps_remit_21_May_2009.pdf","D:/NICE_history/CG118","D:/NICE_history/CG118/Colonoscopic_surveillance_for_colorectal_cancer_in_high-risk_groups_inflammatory_bowel_disease_and_polyps_remit_21_May_2009.pdf",TRUE,"downloaded",
"CG118","Colonoscopic surveillance for colorectal cancer in high-risk groups: inflammatory bowel disease and polyps: scoping workshop, consultation and final scope","Colonoscopic surveillance for colorectal cancer in high-risk groups: inflammatory bowel disease and polyps: stakeholder scope comments and developers responses","01 February 2010","pdf","https://www.nice.org.uk/guidance/cg118/documents/colonoscopic-surveillance-for-colorectal-cancer-in-highrisk-groupsinflammatory-bowel-disease-and-polyps-stakeholder-scope-comments-and-developers-responses2","Colonoscopic_surveillance_for_colorectal_cancer_in_high-risk_groups_inflammatory_bowel_disease_and_polyps_stakeholder_scope_comments_and_developers_responses","01_February_2010","pdf","Colonoscopic_surveillance_for_colorectal_cancer_in_high-risk_groups_inflammatory_bowel_disease_and_polyps_stakeholder_scope_comments_and_developers_responses_01_February_2010.pdf","D:/NICE_history/CG118","D:/NICE_history/CG118/Colonoscopic_surveillance_for_colorectal_cancer_in_high-risk_groups_inflammatory_bowel_disease_and_polyps_stakeholder_scope_comments_and_developers_responses_01_February_2010.pdf",TRUE,"downloaded",
"CG118","Colonoscopic surveillance for colorectal cancer in high-risk groups: inflammatory bowel disease and polyps: scoping workshop, consultation and final scope","Colorectal cancer in patients with ulcerative colitis, Crohn's disease and polyps: final scope","06 May 2010","pdf","https://www.nice.org.uk/guidance/cg118/documents/colorectal-cancer-in-patients-with-ulcerative-colitis-crohns-disease-and-polyps-final-scope2","Colorectal_cancer_in_patients_with_ulcerative_colitis,_Crohn's_disease_and_polyps_final_scope","06_May_2010","pdf","Colorectal_cancer_in_patients_with_ulcerative_colitis,_Crohn's_disease_and_polyps_final_scope_06_May_2010.pdf","D:/NICE_history/CG118","D:/NICE_history/CG118/Colorectal_cancer_in_patients_with_ulcerative_colitis,_Crohn's_disease_and_polyps_final_scope_06_May_2010.pdf",TRUE,"downloaded",
"CG118","Colonoscopic surveillance for colorectal cancer in high-risk groups: inflammatory bowel disease and polyps: scoping workshop, consultation and final scope","Colorectal cancer in patients with ulcerative colitis, Crohn's disease and polyps: scoping workshop minutes","20 October 2009","pdf","https://www.nice.org.uk/guidance/cg118/documents/colorectal-cancer-in-patients-with-ulcerative-colitis-crohns-disease-and-polyps-scoping-workshop-minutes2","Colorectal_cancer_in_patients_with_ulcerative_colitis,_Crohn's_disease_and_polyps_scoping_workshop_minutes","20_October_2009","pdf","Colorectal_cancer_in_patients_with_ulcerative_colitis,_Crohn's_disease_and_polyps_scoping_workshop_minutes_20_October_2009.pdf","D:/NICE_history/CG118","D:/NICE_history/CG118/Colorectal_cancer_in_patients_with_ulcerative_colitis,_Crohn's_disease_and_polyps_scoping_workshop_minutes_20_October_2009.pdf",TRUE,"downloaded",
"CG118","Review documents","Static list review decision","17 February 2014","pdf","https://www.nice.org.uk/guidance/cg118/documents/cg118-colonoscopic-surveillance-for-prevention-of-colorectal-cancer-in-people-with-ulcerative-colitis-crohns-disease-or-adenomas-static-list-review-decision2","Static_list_review_decision","17_February_2014","pdf","Static_list_review_decision_17_February_2014.pdf","D:/NICE_history/CG118","D:/NICE_history/CG118/Static_list_review_decision_17_February_2014.pdf",TRUE,"downloaded",
"CG118","Stakeholder list updated","Stakeholder list","25 August 2022","pdf","https://www.nice.org.uk/guidance/cg118/documents/stakeholder-list","Stakeholder_list","25_August_2022","pdf","Stakeholder_list_25_August_2022.pdf","D:/NICE_history/CG118","D:/NICE_history/CG118/Stakeholder_list_25_August_2022.pdf",TRUE,"downloaded",
"CG118","Surveillance consultation","Consultation questions","01 June 2022","pdf","https://www.nice.org.uk/guidance/cg118/documents/257","Consultation_questions","01_June_2022","pdf","Consultation_questions_01_June_2022.pdf","D:/NICE_history/CG118","D:/NICE_history/CG118/Consultation_questions_01_June_2022.pdf",TRUE,"downloaded",
"CG118","Surveillance consultation","Surveillance review proposal","01 June 2022","pdf","https://www.nice.org.uk/guidance/cg118/documents/162","Surveillance_review_proposal","01_June_2022","pdf","Surveillance_review_proposal_01_June_2022.pdf","D:/NICE_history/CG118","D:/NICE_history/CG118/Surveillance_review_proposal_01_June_2022.pdf",TRUE,"downloaded",
"CG122","Background information","2011/071 Improved testing for ovarian cancer could save lives","06 December 2013","pdf","https://www.nice.org.uk/guidance/cg122/documents/improved-testing-for-ovarian-cancer-could-save-lives3","2011_071_Improved_testing_for_ovarian_cancer_could_save_lives","06_December_2013","pdf","2011_071_Improved_testing_for_ovarian_cancer_could_save_lives_06_December_2013.pdf","D:/NICE_history/CG122","D:/NICE_history/CG122/2011_071_Improved_testing_for_ovarian_cancer_could_save_lives_06_December_2013.pdf",TRUE,"downloaded",
"CG122","Background information","Table of stakeholder comments on the guidance consultation and developer responses","08 February 2011","pdf","https://www.nice.org.uk/guidance/cg122/documents/ovarian-cancer-table-of-stakeholder-comments-on-the-guidance-consultation-and-developer-responses2","Table_of_stakeholder_comments_on_the_guidance_consultation_and_developer_responses","08_February_2011","pdf","Table_of_stakeholder_comments_on_the_guidance_consultation_and_developer_responses_08_February_2011.pdf","D:/NICE_history/CG122","D:/NICE_history/CG122/Table_of_stakeholder_comments_on_the_guidance_consultation_and_developer_responses_08_February_2011.pdf",TRUE,"downloaded",
"CG122","Guideline development and consultation","Ovarian Cancer draft consultation press release","06 December 2013","pdf","https://www.nice.org.uk/guidance/cg122/documents/nice-opens-consultation-on-first-ever-guidelines-to-tackle-ovarian-cancer3","Ovarian_Cancer_draft_consultation_press_release","06_December_2013","pdf","Ovarian_Cancer_draft_consultation_press_release_06_December_2013.pdf","D:/NICE_history/CG122","D:/NICE_history/CG122/Ovarian_Cancer_draft_consultation_press_release_06_December_2013.pdf",TRUE,"downloaded",
"CG122","Guideline development and consultation","Equalities Impact Assessment Form","06 May 2011","pdf","https://www.nice.org.uk/guidance/cg122/documents/ovarian-cancer-equalities-impact-assessment-form2","Equalities_Impact_Assessment_Form","06_May_2011","pdf","Equalities_Impact_Assessment_Form_06_May_2011.pdf","D:/NICE_history/CG122","D:/NICE_history/CG122/Equalities_Impact_Assessment_Form_06_May_2011.pdf",TRUE,"downloaded",
"CG122","Guideline development and consultation","List of registered stakeholders","12 January 2011","pdf","https://www.nice.org.uk/guidance/cg122/documents/ovarian-cancer-list-of-registered-stakeholders2","List_of_registered_stakeholders","12_January_2011","pdf","List_of_registered_stakeholders_12_January_2011.pdf","D:/NICE_history/CG122","D:/NICE_history/CG122/List_of_registered_stakeholders_12_January_2011.pdf",TRUE,"downloaded",
"CG122","Guideline development and consultation","GDG 10 minutes: 17 - 18 June 2010","13 August 2010","pdf","https://www.nice.org.uk/guidance/cg122/documents/gdg-10-minutes-17-18-june-20102","GDG_10_minutes_17_-_18_June_2010","13_August_2010","pdf","GDG_10_minutes_17_-_18_June_2010_13_August_2010.pdf","D:/NICE_history/CG122","D:/NICE_history/CG122/GDG_10_minutes_17_-_18_June_2010_13_August_2010.pdf",TRUE,"downloaded",
"CG122","Guideline development and consultation","GDG 9 minutes: 27 April 2010","14 July 2010","pdf","https://www.nice.org.uk/guidance/cg122/documents/gdg-9-minutes-27-april-20102","GDG_9_minutes_27_April_2010","14_July_2010","pdf","GDG_9_minutes_27_April_2010_14_July_2010.pdf","D:/NICE_history/CG122","D:/NICE_history/CG122/GDG_9_minutes_27_April_2010_14_July_2010.pdf",TRUE,"downloaded",
"CG122","Guideline development and consultation","GDG membership list","16 April 2009","pdf","https://www.nice.org.uk/guidance/cg122/documents/ovarian-cancer-gdg-membership-list2","GDG_membership_list","16_April_2009","pdf","GDG_membership_list_16_April_2009.pdf","D:/NICE_history/CG122","D:/NICE_history/CG122/GDG_membership_list_16_April_2009.pdf",TRUE,"downloaded",
"CG122","Guideline development and consultation","GDG 2 minutes: 9 June 09","17 July 2009","pdf","https://www.nice.org.uk/guidance/cg122/documents/gdg-2-minutes-9-june-092","GDG_2_minutes_9_June_09","17_July_2009","pdf","GDG_2_minutes_9_June_09_17_July_2009.pdf","D:/NICE_history/CG122","D:/NICE_history/CG122/GDG_2_minutes_9_June_09_17_July_2009.pdf",TRUE,"downloaded",
"CG122","Guideline development and consultation","GDG 3 minutes: 13 July 2009","18 May 2010","pdf","https://www.nice.org.uk/guidance/cg122/documents/gdg-3-minutes-13-july-20092","GDG_3_minutes_13_July_2009","18_May_2010","pdf","GDG_3_minutes_13_July_2009_18_May_2010.pdf","D:/NICE_history/CG122","D:/NICE_history/CG122/GDG_3_minutes_13_July_2009_18_May_2010.pdf",TRUE,"downloaded",
"CG122","Guideline development and consultation","GDG 6 minutes: 10 December 2009","18 May 2010","pdf","https://www.nice.org.uk/guidance/cg122/documents/gdg-6-minutes-10-december-20092","GDG_6_minutes_10_December_2009","18_May_2010","pdf","GDG_6_minutes_10_December_2009_18_May_2010.pdf","D:/NICE_history/CG122","D:/NICE_history/CG122/GDG_6_minutes_10_December_2009_18_May_2010.pdf",TRUE,"downloaded",
"CG122","Guideline development and consultation","GDG 7 minutes: 25 January 2010","18 May 2010","pdf","https://www.nice.org.uk/guidance/cg122/documents/gdg-7-minutes-25-january-20102","GDG_7_minutes_25_January_2010","18_May_2010","pdf","GDG_7_minutes_25_January_2010_18_May_2010.pdf","D:/NICE_history/CG122","D:/NICE_history/CG122/GDG_7_minutes_25_January_2010_18_May_2010.pdf",TRUE,"downloaded",
"CG122","Guideline development and consultation","GDG 1 minutes: 27 - 28 April 09","19 June 2009","pdf","https://www.nice.org.uk/guidance/cg122/documents/gdg-1-minutes-27-28-april-092","GDG_1_minutes_27_-_28_April_09","19_June_2009","pdf","GDG_1_minutes_27_-_28_April_09_19_June_2009.pdf","D:/NICE_history/CG122","D:/NICE_history/CG122/GDG_1_minutes_27_-_28_April_09_19_June_2009.pdf",TRUE,"downloaded",
"CG122","Guideline development and consultation","GDG 5 minutes: 26 October 2009","21 January 2010","pdf","https://www.nice.org.uk/guidance/cg122/documents/gdg-5-minutes-26-october-20092","GDG_5_minutes_26_October_2009","21_January_2010","pdf","GDG_5_minutes_26_October_2009_21_January_2010.pdf","D:/NICE_history/CG122","D:/NICE_history/CG122/GDG_5_minutes_26_October_2009_21_January_2010.pdf",TRUE,"downloaded",
"CG122","Guideline development and consultation","GDG 8 minutes: 10 December 2009","21 May 2010","pdf","https://www.nice.org.uk/guidance/cg122/documents/gdg-8-minutes-10-december-20092","GDG_8_minutes_10_December_2009","21_May_2010","pdf","GDG_8_minutes_10_December_2009_21_May_2010.pdf","D:/NICE_history/CG122","D:/NICE_history/CG122/GDG_8_minutes_10_December_2009_21_May_2010.pdf",TRUE,"downloaded",
"CG122","Guideline development and consultation","Full guideline for consultation","21 October 2010","pdf","https://www.nice.org.uk/guidance/cg122/documents/ovarian-cancer-full-guideline-for-consultation2","Full_guideline_for_consultation","21_October_2010","pdf","Full_guideline_for_consultation_21_October_2010.pdf","D:/NICE_history/CG122","D:/NICE_history/CG122/Full_guideline_for_consultation_21_October_2010.pdf",TRUE,"downloaded",
"CG122","Guideline development and consultation","Comments proforma","24 September 2010","docx","https://www.nice.org.uk/guidance/cg122/documents/ovarian-cancer-comments-proforma2","Comments_proforma","24_September_2010","docx","Comments_proforma_24_September_2010.docx","D:/NICE_history/CG122","D:/NICE_history/CG122/Comments_proforma_24_September_2010.docx",TRUE,"downloaded",
"CG122","Guideline development and consultation","Confidentiality agreement","24 September 2010","docx","https://www.nice.org.uk/guidance/cg122/documents/ovarian-cancer-confidentiality-agreement2","Confidentiality_agreement","24_September_2010","docx","Confidentiality_agreement_24_September_2010.docx","D:/NICE_history/CG122","D:/NICE_history/CG122/Confidentiality_agreement_24_September_2010.docx",TRUE,"downloaded",
"CG122","Guideline development and consultation","Evidence review","24 September 2010","pdf","https://www.nice.org.uk/guidance/cg122/documents/ovarian-cancer-evidence-review2","Evidence_review","24_September_2010","pdf","Evidence_review_24_September_2010.pdf","D:/NICE_history/CG122","D:/NICE_history/CG122/Evidence_review_24_September_2010.pdf",TRUE,"downloaded",
"CG122","Guideline development and consultation","NICE guideline for consultation","24 September 2010","pdf","https://www.nice.org.uk/guidance/cg122/documents/ovarian-cancer-nice-guideline-for-consultation2","NICE_guideline_for_consultation","24_September_2010","pdf","NICE_guideline_for_consultation_24_September_2010.pdf","D:/NICE_history/CG122","D:/NICE_history/CG122/NICE_guideline_for_consultation_24_September_2010.pdf",TRUE,"downloaded",
"CG122","Other information","Evidence update","01 January 2013","pdf","https://www.nice.org.uk/guidance/cg122/documents/cg122-ovarian-cancer-evidence-update2","Evidence_update","01_January_2013","pdf","Evidence_update_01_January_2013.pdf","D:/NICE_history/CG122","D:/NICE_history/CG122/Evidence_update_01_January_2013.pdf",TRUE,"downloaded",
"CG122","Pre-publication check","Full guideline for pre-publication check","03 February 2011","pdf","https://www.nice.org.uk/guidance/cg122/documents/ovarian-cancer-full-guideline-for-prepublication-check2","Full_guideline_for_pre-publication_check","03_February_2011","pdf","Full_guideline_for_pre-publication_check_03_February_2011.pdf","D:/NICE_history/CG122","D:/NICE_history/CG122/Full_guideline_for_pre-publication_check_03_February_2011.pdf",TRUE,"downloaded",
"CG122","Pre-publication check","Pre-publication check reporting form","03 February 2011","docx","https://www.nice.org.uk/guidance/cg122/documents/ovarian-cancer-prepublication-check-reporting-form2","Pre-publication_check_reporting_form","03_February_2011","docx","Pre-publication_check_reporting_form_03_February_2011.docx","D:/NICE_history/CG122","D:/NICE_history/CG122/Pre-publication_check_reporting_form_03_February_2011.docx",TRUE,"downloaded",
"CG122","Remit","Remit","01 November 2007","pdf","https://www.nice.org.uk/guidance/cg122/documents/ovarian-cancer-remit2","Remit","01_November_2007","pdf","Remit_01_November_2007.pdf","D:/NICE_history/CG122","D:/NICE_history/CG122/Remit_01_November_2007.pdf",TRUE,"downloaded",
"CG122","Scoping workshop, consultation and final scope","Comments proforma","18 February 2009","docx","https://www.nice.org.uk/guidance/cg122/documents/ovarian-cancer-comments-proforma4","Comments_proforma","18_February_2009","docx","Comments_proforma_18_February_2009.docx","D:/NICE_history/CG122","D:/NICE_history/CG122/Comments_proforma_18_February_2009.docx",TRUE,"downloaded",
"CG122","Scoping workshop, consultation and final scope","Draft scope","18 February 2009","pdf","https://www.nice.org.uk/guidance/cg122/documents/ovarian-cancer-draft-scope2","Draft_scope","18_February_2009","pdf","Draft_scope_18_February_2009.pdf","D:/NICE_history/CG122","D:/NICE_history/CG122/Draft_scope_18_February_2009.pdf",TRUE,"downloaded",
"CG122","Scoping workshop, consultation and final scope","Final scope","19 June 2009","pdf","https://www.nice.org.uk/guidance/cg122/documents/ovarian-cancer-final-scope2","Final_scope","19_June_2009","pdf","Final_scope_19_June_2009.pdf","D:/NICE_history/CG122","D:/NICE_history/CG122/Final_scope_19_June_2009.pdf",TRUE,"downloaded",
"CG122","Scoping workshop, consultation and final scope","Scoping workshop notes","25 March 2009","pdf","https://www.nice.org.uk/guidance/cg122/documents/ovarian-cancer-scoping-workshop-notes2","Scoping_workshop_notes","25_March_2009","pdf","Scoping_workshop_notes_25_March_2009.pdf","D:/NICE_history/CG122","D:/NICE_history/CG122/Scoping_workshop_notes_25_March_2009.pdf",TRUE,"downloaded",
"CG122","Stakeholder list updated","Stakeholder list","25 February 2026","pdf","https://www.nice.org.uk/guidance/cg122/documents/stakeholder-list-2","Stakeholder_list","25_February_2026","pdf","Stakeholder_list_25_February_2026.pdf","D:/NICE_history/CG122","D:/NICE_history/CG122/Stakeholder_list_25_February_2026.pdf",TRUE,"downloaded",
"CG122","Surveillance consultation","Comments form","01 December 2015","docx","https://www.nice.org.uk/guidance/cg122/documents/comments-form","Comments_form","01_December_2015","docx","Comments_form_01_December_2015.docx","D:/NICE_history/CG122","D:/NICE_history/CG122/Comments_form_01_December_2015.docx",TRUE,"downloaded",
"CG122","Surveillance consultation","Surveillance review proposal","01 December 2015","pdf","https://www.nice.org.uk/guidance/cg122/documents/surveillance-review-proposal","Surveillance_review_proposal","01_December_2015","pdf","Surveillance_review_proposal_01_December_2015.pdf","D:/NICE_history/CG122","D:/NICE_history/CG122/Surveillance_review_proposal_01_December_2015.pdf",TRUE,"downloaded",
"CG141","Acute upper GI bleeding: guideline development and consultation","Acute upper GI bleeding: GDG membership list","04 June 2010","pdf","https://www.nice.org.uk/guidance/cg141/documents/acute-upper-gi-bleeding-gdg-membership-list2","Acute_upper_GI_bleeding_GDG_membership_list","04_June_2010","pdf","Acute_upper_GI_bleeding_GDG_membership_list_04_June_2010.pdf","D:/NICE_history/CG141","D:/NICE_history/CG141/Acute_upper_GI_bleeding_GDG_membership_list_04_June_2010.pdf",TRUE,"downloaded",
"CG141","Acute upper GI bleeding: guideline development and consultation","GDG minutes: 10 December 2010","09 June 2011","pdf","https://www.nice.org.uk/guidance/cg141/documents/gdg-minutes-10-december-20102","GDG_minutes_10_December_2010","09_June_2011","pdf","GDG_minutes_10_December_2010_09_June_2011.pdf","D:/NICE_history/CG141","D:/NICE_history/CG141/GDG_minutes_10_December_2010_09_June_2011.pdf",TRUE,"downloaded",
"CG141","Acute upper GI bleeding: guideline development and consultation","GDG minutes: 11 March 2011","09 June 2011","pdf","https://www.nice.org.uk/guidance/cg141/documents/gdg-minutes-11-march-20112","GDG_minutes_11_March_2011","09_June_2011","pdf","GDG_minutes_11_March_2011_09_June_2011.pdf","D:/NICE_history/CG141","D:/NICE_history/CG141/GDG_minutes_11_March_2011_09_June_2011.pdf",TRUE,"downloaded",
"CG141","Acute upper GI bleeding: guideline development and consultation","GDG minutes: 15 April 2011","09 June 2011","pdf","https://www.nice.org.uk/guidance/cg141/documents/gdg-minutes-15-april-20112","GDG_minutes_15_April_2011","09_June_2011","pdf","GDG_minutes_15_April_2011_09_June_2011.pdf","D:/NICE_history/CG141","D:/NICE_history/CG141/GDG_minutes_15_April_2011_09_June_2011.pdf",TRUE,"downloaded",
"CG141","Acute upper GI bleeding: guideline development and consultation","GDG minutes: 28 January 2011","09 June 2011","pdf","https://www.nice.org.uk/guidance/cg141/documents/gdg-minutes-28-january-20112","GDG_minutes_28_January_2011","09_June_2011","pdf","GDG_minutes_28_January_2011_09_June_2011.pdf","D:/NICE_history/CG141","D:/NICE_history/CG141/GDG_minutes_28_January_2011_09_June_2011.pdf",TRUE,"downloaded",
"CG141","Acute upper GI bleeding: guideline development and consultation","GDG minutes: 24 September 2010","09 November 2010","pdf","https://www.nice.org.uk/guidance/cg141/documents/gdg-minutes-24-september-20102","GDG_minutes_24_September_2010","09_November_2010","pdf","GDG_minutes_24_September_2010_09_November_2010.pdf","D:/NICE_history/CG141","D:/NICE_history/CG141/GDG_minutes_24_September_2010_09_November_2010.pdf",TRUE,"downloaded",
"CG141","Acute upper GI bleeding: guideline development and consultation","Acute upper GI bleeding: NICE guideline","13 December 2011","pdf","https://www.nice.org.uk/guidance/cg141/documents/acute-upper-gi-bleeding-nice-guideline2","Acute_upper_GI_bleeding_NICE_guideline","13_December_2011","pdf","Acute_upper_GI_bleeding_NICE_guideline_13_December_2011.pdf","D:/NICE_history/CG141","D:/NICE_history/CG141/Acute_upper_GI_bleeding_NICE_guideline_13_December_2011.pdf",TRUE,"downloaded",
"CG141","Acute upper GI bleeding: guideline development and consultation","Acute upper GI bleeding: appendices","13 December 2011","pdf","https://www.nice.org.uk/guidance/cg141/documents/acute-upper-gi-bleeding-appendices2","Acute_upper_GI_bleeding_appendices","13_December_2011","pdf","Acute_upper_GI_bleeding_appendices_13_December_2011.pdf","D:/NICE_history/CG141","D:/NICE_history/CG141/Acute_upper_GI_bleeding_appendices_13_December_2011.pdf",TRUE,"downloaded",
"CG141","Acute upper GI bleeding: guideline development and consultation","Acute upper GI bleeding: comments proforma","13 December 2011","docx","https://www.nice.org.uk/guidance/cg141/documents/acute-upper-gi-bleeding-comments-proforma2","Acute_upper_GI_bleeding_comments_proforma","13_December_2011","docx","Acute_upper_GI_bleeding_comments_proforma_13_December_2011.docx","D:/NICE_history/CG141","D:/NICE_history/CG141/Acute_upper_GI_bleeding_comments_proforma_13_December_2011.docx",TRUE,"downloaded",
"CG141","Acute upper GI bleeding: guideline development and consultation","Acute upper GI bleeding: full guideline","13 December 2011","pdf","https://www.nice.org.uk/guidance/cg141/documents/acute-upper-gi-bleeding-full-guideline2","Acute_upper_GI_bleeding_full_guideline","13_December_2011","pdf","Acute_upper_GI_bleeding_full_guideline_13_December_2011.pdf","D:/NICE_history/CG141","D:/NICE_history/CG141/Acute_upper_GI_bleeding_full_guideline_13_December_2011.pdf",TRUE,"downloaded",
"CG141","Acute upper GI bleeding: guideline development and consultation","Acute upper GI bleeding: consultation comments table","13 June 2012","pdf","https://www.nice.org.uk/guidance/cg141/documents/acute-upper-gi-bleeding-consultation-comments-table2","Acute_upper_GI_bleeding_consultation_comments_table","13_June_2012","pdf","Acute_upper_GI_bleeding_consultation_comments_table_13_June_2012.pdf","D:/NICE_history/CG141","D:/NICE_history/CG141/Acute_upper_GI_bleeding_consultation_comments_table_13_June_2012.pdf",TRUE,"downloaded",
"CG141","Acute upper GI bleeding: guideline development and consultation","Acute upper GI bleeding: list of stakeholders","16 May 2011","pdf","https://www.nice.org.uk/guidance/cg141/documents/acute-upper-gi-bleeding-list-of-stakeholders2","Acute_upper_GI_bleeding_list_of_stakeholders","16_May_2011","pdf","Acute_upper_GI_bleeding_list_of_stakeholders_16_May_2011.pdf","D:/NICE_history/CG141","D:/NICE_history/CG141/Acute_upper_GI_bleeding_list_of_stakeholders_16_May_2011.pdf",TRUE,"downloaded",
"CG141","Acute upper GI bleeding: guideline development and consultation","GDG minutes: 29 October 2010","23 December 2010","pdf","https://www.nice.org.uk/guidance/cg141/documents/gdg-minutes-29-october-20102","GDG_minutes_29_October_2010","23_December_2010","pdf","GDG_minutes_29_October_2010_23_December_2010.pdf","D:/NICE_history/CG141","D:/NICE_history/CG141/GDG_minutes_29_October_2010_23_December_2010.pdf",TRUE,"downloaded",
"CG141","Acute upper GI bleeding: guideline development and consultation","GDG minutes: 16 July 2010","24 August 2010","pdf","https://www.nice.org.uk/guidance/cg141/documents/gdg-minutes-16-july-20102","GDG_minutes_16_July_2010","24_August_2010","pdf","GDG_minutes_16_July_2010_24_August_2010.pdf","D:/NICE_history/CG141","D:/NICE_history/CG141/GDG_minutes_16_July_2010_24_August_2010.pdf",TRUE,"downloaded",
"CG141","Acute upper GI bleeding: guideline development and consultation","Acute upper GI bleeding: equality impact assessment","28 June 2012","pdf","https://www.nice.org.uk/guidance/cg141/documents/acute-upper-gi-bleeding-equality-impact-assessment2","Acute_upper_GI_bleeding_equality_impact_assessment","28_June_2012","pdf","Acute_upper_GI_bleeding_equality_impact_assessment_28_June_2012.pdf","D:/NICE_history/CG141","D:/NICE_history/CG141/Acute_upper_GI_bleeding_equality_impact_assessment_28_June_2012.pdf",TRUE,"downloaded",
"CG141","Acute upper GI bleeding: guideline development and consultation","GDG minutes: 30 July 2010","29 September 2010","pdf","https://www.nice.org.uk/guidance/cg141/documents/gdg-minutes-30-july-20102","GDG_minutes_30_July_2010","29_September_2010","pdf","GDG_minutes_30_July_2010_29_September_2010.pdf","D:/NICE_history/CG141","D:/NICE_history/CG141/GDG_minutes_30_July_2010_29_September_2010.pdf",TRUE,"downloaded",
"CG141","Acute upper GI bleeding: remit","Acute upper GI bleeding: remit","19 May 2009","pdf","https://www.nice.org.uk/guidance/cg141/documents/acute-upper-gi-bleeding-remit2","Acute_upper_GI_bleeding_remit","19_May_2009","pdf","Acute_upper_GI_bleeding_remit_19_May_2009.pdf","D:/NICE_history/CG141","D:/NICE_history/CG141/Acute_upper_GI_bleeding_remit_19_May_2009.pdf",TRUE,"downloaded",
"CG141","Acute upper GI bleeding: scoping workshop, consultation and final scope","Acute upper GI bleeding: Scoping EIA form","01 October 2013","pdf","https://www.nice.org.uk/guidance/cg141/documents/acute-upper-gi-bleeding-scoping-eia-form2","Acute_upper_GI_bleeding_Scoping_EIA_form","01_October_2013","pdf","Acute_upper_GI_bleeding_Scoping_EIA_form_01_October_2013.pdf","D:/NICE_history/CG141","D:/NICE_history/CG141/Acute_upper_GI_bleeding_Scoping_EIA_form_01_October_2013.pdf",TRUE,"downloaded",
"CG141","Acute upper GI bleeding: scoping workshop, consultation and final scope","Acute upper GI bleeding: final scope","02 June 2010","pdf","https://www.nice.org.uk/guidance/cg141/documents/acute-upper-gi-bleeding-final-scope2","Acute_upper_GI_bleeding_final_scope","02_June_2010","pdf","Acute_upper_GI_bleeding_final_scope_02_June_2010.pdf","D:/NICE_history/CG141","D:/NICE_history/CG141/Acute_upper_GI_bleeding_final_scope_02_June_2010.pdf",TRUE,"downloaded",
"CG141","Acute upper GI bleeding: scoping workshop, consultation and final scope","Acute upper GI bleeding: scope comments table","04 June 2010","pdf","https://www.nice.org.uk/guidance/cg141/documents/acute-upper-gi-bleeding-scope-comments-table2","Acute_upper_GI_bleeding_scope_comments_table","04_June_2010","pdf","Acute_upper_GI_bleeding_scope_comments_table_04_June_2010.pdf","D:/NICE_history/CG141","D:/NICE_history/CG141/Acute_upper_GI_bleeding_scope_comments_table_04_June_2010.pdf",TRUE,"downloaded",
"CG141","Acute upper GI bleeding: scoping workshop, consultation and final scope","Acute upper GI bleeding: stakeholder scoping workshop notes","16 March 2010","pdf","https://www.nice.org.uk/guidance/cg141/documents/acute-upper-gi-bleeding-stakeholder-scoping-workshop-notes2","Acute_upper_GI_bleeding_stakeholder_scoping_workshop_notes","16_March_2010","pdf","Acute_upper_GI_bleeding_stakeholder_scoping_workshop_notes_16_March_2010.pdf","D:/NICE_history/CG141","D:/NICE_history/CG141/Acute_upper_GI_bleeding_stakeholder_scoping_workshop_notes_16_March_2010.pdf",TRUE,"downloaded",
"CG141","Other information","CG141 Acute upper GI bleeding: evidence update","01 August 2014","pdf","https://www.nice.org.uk/guidance/cg141/documents/cg141-acute-upper-gi-bleeding-evidence-update2","CG141_Acute_upper_GI_bleeding_evidence_update","01_August_2014","pdf","CG141_Acute_upper_GI_bleeding_evidence_update_01_August_2014.pdf","D:/NICE_history/CG141","D:/NICE_history/CG141/CG141_Acute_upper_GI_bleeding_evidence_update_01_August_2014.pdf",TRUE,"downloaded",
"CG141","Review documents","CG141 Acute upper GI bleeding: review decision","22 August 2014","pdf","https://www.nice.org.uk/guidance/cg141/documents/cg141-acute-upper-gi-bleeding-review-decision2","CG141_Acute_upper_GI_bleeding_review_decision","22_August_2014","pdf","CG141_Acute_upper_GI_bleeding_review_decision_22_August_2014.pdf","D:/NICE_history/CG141","D:/NICE_history/CG141/CG141_Acute_upper_GI_bleeding_review_decision_22_August_2014.pdf",TRUE,"downloaded",
"CG141","Stakeholder list updated","Stakeholder list","29 November 2018","pdf","https://www.nice.org.uk/guidance/cg141/documents/stakeholder-list-2","Stakeholder_list","29_November_2018","pdf","Stakeholder_list_29_November_2018.pdf","D:/NICE_history/CG141","D:/NICE_history/CG141/Stakeholder_list_29_November_2018.pdf",TRUE,"downloaded",
"CG141","Surveillance consultation","Comments form","12 October 2018","docx","https://www.nice.org.uk/guidance/cg141/documents/comments-form-2","Comments_form","12_October_2018","docx","Comments_form_12_October_2018.docx","D:/NICE_history/CG141","D:/NICE_history/CG141/Comments_form_12_October_2018.docx",TRUE,"downloaded",
"CG141","Surveillance consultation","Surveillance review proposal","12 October 2018","pdf","https://www.nice.org.uk/guidance/cg141/documents/surveillance-review-proposal-2","Surveillance_review_proposal","12_October_2018","pdf","Surveillance_review_proposal_12_October_2018.pdf","D:/NICE_history/CG141","D:/NICE_history/CG141/Surveillance_review_proposal_12_October_2018.pdf",TRUE,"downloaded",
"CG141","Surveillance consultation","Comments form","27 June 2016","docx","https://www.nice.org.uk/guidance/cg141/documents/comments-form","Comments_form","27_June_2016","docx","Comments_form_27_June_2016.docx","D:/NICE_history/CG141","D:/NICE_history/CG141/Comments_form_27_June_2016.docx",TRUE,"downloaded",
"CG141","Surveillance consultation","Surveillance review proposal","27 June 2016","pdf","https://www.nice.org.uk/guidance/cg141/documents/surveillance-review-proposal","Surveillance_review_proposal","27_June_2016","pdf","Surveillance_review_proposal_27_June_2016.pdf","D:/NICE_history/CG141","D:/NICE_history/CG141/Surveillance_review_proposal_27_June_2016.pdf",TRUE,"downloaded",
"PH38","Addendum consultation","Short version of addendum","20 June 2017","pdf","https://www.nice.org.uk/guidance/ph38/documents/short-version-of-addendum-2","Short_version_of_addendum","20_June_2017","pdf","Short_version_of_addendum_20_June_2017.pdf","D:/NICE_history/PH38","D:/NICE_history/PH38/Short_version_of_addendum_20_June_2017.pdf",TRUE,"downloaded",
"PH38","Addendum consultation","Comments form","23 May 2017","docx","https://www.nice.org.uk/guidance/ph38/documents/comments-form","Comments_form","23_May_2017","docx","Comments_form_23_May_2017.docx","D:/NICE_history/PH38","D:/NICE_history/PH38/Comments_form_23_May_2017.docx",TRUE,"downloaded",
"PH38","Addendum consultation","Committee member list and DOIs","23 May 2017","pdf","https://www.nice.org.uk/guidance/ph38/documents/committee-member-list-2","Committee_member_list_and_DOIs","23_May_2017","pdf","Committee_member_list_and_DOIs_23_May_2017.pdf","D:/NICE_history/PH38","D:/NICE_history/PH38/Committee_member_list_and_DOIs_23_May_2017.pdf",TRUE,"downloaded",
"PH38","Addendum consultation","Equality impact assessment","23 May 2017","pdf","https://www.nice.org.uk/guidance/ph38/documents/equality-impact-assessment","Equality_impact_assessment","23_May_2017","pdf","Equality_impact_assessment_23_May_2017.pdf","D:/NICE_history/PH38","D:/NICE_history/PH38/Equality_impact_assessment_23_May_2017.pdf",TRUE,"downloaded",
"PH38","Addendum consultation","Key research recommendations","23 May 2017","docx","https://www.nice.org.uk/guidance/ph38/documents/33","Key_research_recommendations","23_May_2017","docx","Key_research_recommendations_23_May_2017.docx","D:/NICE_history/PH38","D:/NICE_history/PH38/Key_research_recommendations_23_May_2017.docx",TRUE,"downloaded",
"PH38","Addendum consultation","Addendum","24 May 2017","pdf","https://www.nice.org.uk/guidance/ph38/documents/addendum-2","Addendum","24_May_2017","pdf","Addendum_24_May_2017.pdf","D:/NICE_history/PH38","D:/NICE_history/PH38/Addendum_24_May_2017.pdf",TRUE,"downloaded",
"PH38","Consultation comments published","Consultation comments and responses","15 September 2017","pdf","https://www.nice.org.uk/guidance/ph38/documents/consultation-comments-and-responses","Consultation_comments_and_responses","15_September_2017","pdf","Consultation_comments_and_responses_15_September_2017.pdf","D:/NICE_history/PH38","D:/NICE_history/PH38/Consultation_comments_and_responses_15_September_2017.pdf",TRUE,"downloaded",
"PH38","Equality and health inequalities assessment","Equality impact assessment","15 September 2017","pdf","https://www.nice.org.uk/guidance/ph38/documents/equality-impact-assessment-2","Equality_impact_assessment","15_September_2017","pdf","Equality_impact_assessment_15_September_2017.pdf","D:/NICE_history/PH38","D:/NICE_history/PH38/Equality_impact_assessment_15_September_2017.pdf",TRUE,"downloaded",
"PH38","Review questions document published","Review questions","25 January 2017","pdf","https://www.nice.org.uk/guidance/ph38/documents/review-questions","Review_questions","25_January_2017","pdf","Review_questions_25_January_2017.pdf","D:/NICE_history/PH38","D:/NICE_history/PH38/Review_questions_25_January_2017.pdf",TRUE,"downloaded",
"PH38","Stakeholder list updated","Stakeholder list","28 March 2018","pdf","https://www.nice.org.uk/guidance/ph38/documents/stakeholder-list","Stakeholder_list","28_March_2018","pdf","Stakeholder_list_28_March_2018.pdf","D:/NICE_history/PH38","D:/NICE_history/PH38/Stakeholder_list_28_March_2018.pdf",TRUE,"downloaded",
"PH38","Standing committee allocated","Committee member list","10 January 2017","pdf","https://www.nice.org.uk/guidance/ph38/documents/committee-member-list","Committee_member_list","10_January_2017","pdf","Committee_member_list_10_January_2017.pdf","D:/NICE_history/PH38","D:/NICE_history/PH38/Committee_member_list_10_January_2017.pdf",TRUE,"downloaded",
"PH38","Surveillance consultation","Comments form","31 January 2018","docx","https://www.nice.org.uk/guidance/ph38/documents/comments-form-2","Comments_form","31_January_2018","docx","Comments_form_31_January_2018.docx","D:/NICE_history/PH38","D:/NICE_history/PH38/Comments_form_31_January_2018.docx",TRUE,"downloaded",
"PH38","Surveillance consultation","Surveillance review proposal","31 January 2018","pdf","https://www.nice.org.uk/guidance/ph38/documents/surveillance-review-proposal","Surveillance_review_proposal","31_January_2018","pdf","Surveillance_review_proposal_31_January_2018.pdf","D:/NICE_history/PH38","D:/NICE_history/PH38/Surveillance_review_proposal_31_January_2018.pdf",TRUE,"downloaded",
"NG259","Committee list updated","Committee member list updated","05 January 2026","pdf","https://www.nice.org.uk/guidance/ng259/documents/committee-member-list-2","Committee_member_list_updated","05_January_2026","pdf","Committee_member_list_updated_05_January_2026.pdf","D:/NICE_history/NG259","D:/NICE_history/NG259/Committee_member_list_updated_05_January_2026.pdf",TRUE,"downloaded",
"NG259","Committee meetings","Minutes 1","02 February 2023","pdf","https://www.nice.org.uk/guidance/ng259/documents/minutes-14","Minutes_1","02_February_2023","pdf","Minutes_1_02_February_2023.pdf","D:/NICE_history/NG259","D:/NICE_history/NG259/Minutes_1_02_February_2023.pdf",TRUE,"downloaded",
"NG259","Committee meetings","Minutes 17","03 June 2025","pdf","https://www.nice.org.uk/guidance/ng259/documents/minutes-2","Minutes_17","03_June_2025","pdf","Minutes_17_03_June_2025.pdf","D:/NICE_history/NG259","D:/NICE_history/NG259/Minutes_17_03_June_2025.pdf",TRUE,"downloaded",
"NG259","Committee meetings","Minutes 21","04 November 2025","pdf","https://www.nice.org.uk/guidance/ng259/documents/minutes-6","Minutes_21","04_November_2025","pdf","Minutes_21_04_November_2025.pdf","D:/NICE_history/NG259","D:/NICE_history/NG259/Minutes_21_04_November_2025.pdf",TRUE,"downloaded",
"NG259","Committee meetings","Minutes 22","05 November 2025","pdf","https://www.nice.org.uk/guidance/ng259/documents/minutes-7","Minutes_22","05_November_2025","pdf","Minutes_22_05_November_2025.pdf","D:/NICE_history/NG259","D:/NICE_history/NG259/Minutes_22_05_November_2025.pdf",TRUE,"downloaded",
"NG259","Committee meetings","Minutes 3","07 June 2023","pdf","https://www.nice.org.uk/guidance/ng259/documents/minutes-18","Minutes_3","07_June_2023","pdf","Minutes_3_07_June_2023.pdf","D:/NICE_history/NG259","D:/NICE_history/NG259/Minutes_3_07_June_2023.pdf",TRUE,"downloaded",
"NG259","Committee meetings","Minutes 20","07 October 2025","pdf","https://www.nice.org.uk/guidance/ng259/documents/minutes-5","Minutes_20","07_October_2025","pdf","Minutes_20_07_October_2025.pdf","D:/NICE_history/NG259","D:/NICE_history/NG259/Minutes_20_07_October_2025.pdf",TRUE,"downloaded",
"NG259","Committee meetings","Minutes 7","09 January 2024","pdf","https://www.nice.org.uk/guidance/ng259/documents/minutes-22","Minutes_7","09_January_2024","pdf","Minutes_7_09_January_2024.pdf","D:/NICE_history/NG259","D:/NICE_history/NG259/Minutes_7_09_January_2024.pdf",TRUE,"downloaded",
"NG259","Committee meetings","Minutes 10","12 June 2024","pdf","https://www.nice.org.uk/guidance/ng259/documents/minutes-25","Minutes_10","12_June_2024","pdf","Minutes_10_12_June_2024.pdf","D:/NICE_history/NG259","D:/NICE_history/NG259/Minutes_10_12_June_2024.pdf",TRUE,"downloaded",
"NG259","Committee meetings","Minutes 5","12 October 2023","pdf","https://www.nice.org.uk/guidance/ng259/documents/minutes-20","Minutes_5","12_October_2023","pdf","Minutes_5_12_October_2023.pdf","D:/NICE_history/NG259","D:/NICE_history/NG259/Minutes_5_12_October_2023.pdf",TRUE,"downloaded",
"NG259","Committee meetings","Minutes 8","14 February 2024","pdf","https://www.nice.org.uk/guidance/ng259/documents/minutes-23","Minutes_8","14_February_2024","pdf","Minutes_8_14_February_2024.pdf","D:/NICE_history/NG259","D:/NICE_history/NG259/Minutes_8_14_February_2024.pdf",TRUE,"downloaded",
"NG259","Committee meetings","Minutes 13","16 December 2024","pdf","https://www.nice.org.uk/guidance/ng259/documents/minutes-28","Minutes_13","16_December_2024","pdf","Minutes_13_16_December_2024.pdf","D:/NICE_history/NG259","D:/NICE_history/NG259/Minutes_13_16_December_2024.pdf",TRUE,"downloaded",
"NG259","Committee meetings","Minutes 18","16 July 2025","pdf","https://www.nice.org.uk/guidance/ng259/documents/minutes-3","Minutes_18","16_July_2025","pdf","Minutes_18_16_July_2025.pdf","D:/NICE_history/NG259","D:/NICE_history/NG259/Minutes_18_16_July_2025.pdf",TRUE,"downloaded",
"NG259","Committee meetings","Minutes 4","20 July 2023","pdf","https://www.nice.org.uk/guidance/ng259/documents/minutes-19","Minutes_4","20_July_2023","pdf","Minutes_4_20_July_2023.pdf","D:/NICE_history/NG259","D:/NICE_history/NG259/Minutes_4_20_July_2023.pdf",TRUE,"downloaded",
"NG259","Committee meetings","Minutes 23","20 March 2026","pdf","https://www.nice.org.uk/guidance/ng259/documents/minutes-8","Minutes_23","20_March_2026","pdf","Minutes_23_20_March_2026.pdf","D:/NICE_history/NG259","D:/NICE_history/NG259/Minutes_23_20_March_2026.pdf",TRUE,"downloaded",
"NG259","Committee meetings","Minutes 6","22 November 2023","pdf","https://www.nice.org.uk/guidance/ng259/documents/minutes-21","Minutes_6","22_November_2023","pdf","Minutes_6_22_November_2023.pdf","D:/NICE_history/NG259","D:/NICE_history/NG259/Minutes_6_22_November_2023.pdf",TRUE,"downloaded",
"NG259","Committee meetings","Minutes 12","23 September 2024","pdf","https://www.nice.org.uk/guidance/ng259/documents/minutes-27","Minutes_12","23_September_2024","pdf","Minutes_12_23_September_2024.pdf","D:/NICE_history/NG259","D:/NICE_history/NG259/Minutes_12_23_September_2024.pdf",TRUE,"downloaded",
"NG259","Committee meetings","Minutes 24","24 March 2026","pdf","https://www.nice.org.uk/guidance/ng259/documents/minutes-9","Minutes_24","24_March_2026","pdf","Minutes_24_24_March_2026.pdf","D:/NICE_history/NG259","D:/NICE_history/NG259/Minutes_24_24_March_2026.pdf",TRUE,"downloaded",
"NG259","Committee meetings","Minutes 9","25 March 2024","pdf","https://www.nice.org.uk/guidance/ng259/documents/minutes-24","Minutes_9","25_March_2024","pdf","Minutes_9_25_March_2024.pdf","D:/NICE_history/NG259","D:/NICE_history/NG259/Minutes_9_25_March_2024.pdf",TRUE,"downloaded",
"NG259","Committee meetings","Minutes 2","26 April 2023","pdf","https://www.nice.org.uk/guidance/ng259/documents/minutes-17","Minutes_2","26_April_2023","pdf","Minutes_2_26_April_2023.pdf","D:/NICE_history/NG259","D:/NICE_history/NG259/Minutes_2_26_April_2023.pdf",TRUE,"downloaded",
"NG259","Committee meetings","Minutes 15","26 March 2025","pdf","https://www.nice.org.uk/guidance/ng259/documents/minutes-30","Minutes_15","26_March_2025","pdf","Minutes_15_26_March_2025.pdf","D:/NICE_history/NG259","D:/NICE_history/NG259/Minutes_15_26_March_2025.pdf",TRUE,"downloaded",
"NG259","Committee meetings","Minutes 16","28 April 2025","pdf","https://www.nice.org.uk/guidance/ng259/documents/minutes","Minutes_16","28_April_2025","pdf","Minutes_16_28_April_2025.pdf","D:/NICE_history/NG259","D:/NICE_history/NG259/Minutes_16_28_April_2025.pdf",TRUE,"downloaded",
"NG259","Committee meetings","Minutes 14","28 January 2025","pdf","https://www.nice.org.uk/guidance/ng259/documents/minutes-29","Minutes_14","28_January_2025","pdf","Minutes_14_28_January_2025.pdf","D:/NICE_history/NG259","D:/NICE_history/NG259/Minutes_14_28_January_2025.pdf",TRUE,"downloaded",
"NG259","Committee meetings","Minutes 11","30 July 2024","pdf","https://www.nice.org.uk/guidance/ng259/documents/minutes-26","Minutes_11","30_July_2024","pdf","Minutes_11_30_July_2024.pdf","D:/NICE_history/NG259","D:/NICE_history/NG259/Minutes_11_30_July_2024.pdf",TRUE,"downloaded",
"NG259","Committee meetings","Minutes 19","30 September 2025","pdf","https://www.nice.org.uk/guidance/ng259/documents/minutes-4","Minutes_19","30_September_2025","pdf","Minutes_19_30_September_2025.pdf","D:/NICE_history/NG259","D:/NICE_history/NG259/Minutes_19_30_September_2025.pdf",TRUE,"downloaded",
"NG259","Declaration of interests","Register of interests","13 January 2026","pdf","https://www.nice.org.uk/guidance/ng259/documents/register-of-interests","Register_of_interests","13_January_2026","pdf","Register_of_interests_13_January_2026.pdf","D:/NICE_history/NG259","D:/NICE_history/NG259/Register_of_interests_13_January_2026.pdf",TRUE,"downloaded",
"NG259","Declaration of interests","Register of interests","18 November 2024","pdf","https://www.nice.org.uk/guidance/ng259/documents/register-of-interests-3","Register_of_interests","18_November_2024","pdf","Register_of_interests_18_November_2024.pdf","D:/NICE_history/NG259","D:/NICE_history/NG259/Register_of_interests_18_November_2024.pdf",TRUE,"downloaded",
"NG259","Draft guidance consultation","Committee member list","13 January 2026","pdf","https://www.nice.org.uk/guidance/ng259/documents/committee-member-list-4","Committee_member_list","13_January_2026","pdf","Committee_member_list_13_January_2026.pdf","D:/NICE_history/NG259","D:/NICE_history/NG259/Committee_member_list_13_January_2026.pdf",FALSE,"failed","Transferred a partial file [www.nice.org.uk]:
transfer closed with outstanding read data remaining"
"NG259","Draft guidance consultation","Draft guideline (downloadable version)","13 January 2026","pdf","https://www.nice.org.uk/guidance/ng259/documents/450-2","Draft_guideline_(downloadable_version)","13_January_2026","pdf","Draft_guideline_(downloadable_version)_13_January_2026.pdf","D:/NICE_history/NG259","D:/NICE_history/NG259/Draft_guideline_(downloadable_version)_13_January_2026.pdf",TRUE,"downloaded",
"NG259","Draft guidance consultation","Equality impact assessment (downloadable version)","13 January 2026","docx","https://www.nice.org.uk/guidance/ng259/documents/801-4","Equality_impact_assessment_(downloadable_version)","13_January_2026","docx","Equality_impact_assessment_(downloadable_version)_13_January_2026.docx","D:/NICE_history/NG259","D:/NICE_history/NG259/Equality_impact_assessment_(downloadable_version)_13_January_2026.docx",TRUE,"downloaded",
"NG259","Draft guidance consultation","Evidence review A","13 January 2026","docx","https://www.nice.org.uk/guidance/ng259/documents/evidence-review-9","Evidence_review_A","13_January_2026","docx","Evidence_review_A_13_January_2026.docx","D:/NICE_history/NG259","D:/NICE_history/NG259/Evidence_review_A_13_January_2026.docx",TRUE,"downloaded",
"NG259","Draft guidance consultation","Evidence review B","13 January 2026","docx","https://www.nice.org.uk/guidance/ng259/documents/evidence-review-10","Evidence_review_B","13_January_2026","docx","Evidence_review_B_13_January_2026.docx","D:/NICE_history/NG259","D:/NICE_history/NG259/Evidence_review_B_13_January_2026.docx",TRUE,"downloaded",
"NG259","Draft guidance consultation","Evidence review C","13 January 2026","docx","https://www.nice.org.uk/guidance/ng259/documents/evidence-review-11","Evidence_review_C","13_January_2026","docx","Evidence_review_C_13_January_2026.docx","D:/NICE_history/NG259","D:/NICE_history/NG259/Evidence_review_C_13_January_2026.docx",TRUE,"downloaded",
"NG259","Draft guidance consultation","Evidence review D","13 January 2026","docx","https://www.nice.org.uk/guidance/ng259/documents/evidence-review-12","Evidence_review_D","13_January_2026","docx","Evidence_review_D_13_January_2026.docx","D:/NICE_history/NG259","D:/NICE_history/NG259/Evidence_review_D_13_January_2026.docx",TRUE,"downloaded",
"NG259","Draft guidance consultation","Evidence review E","13 January 2026","docx","https://www.nice.org.uk/guidance/ng259/documents/evidence-review-13","Evidence_review_E","13_January_2026","docx","Evidence_review_E_13_January_2026.docx","D:/NICE_history/NG259","D:/NICE_history/NG259/Evidence_review_E_13_January_2026.docx",TRUE,"downloaded",
"NG259","Draft guidance consultation","Evidence review F","13 January 2026","docx","https://www.nice.org.uk/guidance/ng259/documents/evidence-review-14","Evidence_review_F","13_January_2026","docx","Evidence_review_F_13_January_2026.docx","D:/NICE_history/NG259","D:/NICE_history/NG259/Evidence_review_F_13_January_2026.docx",TRUE,"downloaded",
"NG259","Draft guidance consultation","Evidence review G","13 January 2026","docx","https://www.nice.org.uk/guidance/ng259/documents/evidence-review-15","Evidence_review_G","13_January_2026","docx","Evidence_review_G_13_January_2026.docx","D:/NICE_history/NG259","D:/NICE_history/NG259/Evidence_review_G_13_January_2026.docx",TRUE,"downloaded",
"NG259","Draft guidance consultation","Evidence review H","13 January 2026","docx","https://www.nice.org.uk/guidance/ng259/documents/evidence-review-16","Evidence_review_H","13_January_2026","docx","Evidence_review_H_13_January_2026.docx","D:/NICE_history/NG259","D:/NICE_history/NG259/Evidence_review_H_13_January_2026.docx",TRUE,"downloaded",
"NG259","Draft guidance consultation","Final scope","13 January 2026","pdf","https://www.nice.org.uk/guidance/ng259/documents/final-scope","Final_scope","13_January_2026","pdf","Final_scope_13_January_2026.pdf","D:/NICE_history/NG259","D:/NICE_history/NG259/Final_scope_13_January_2026.pdf",TRUE,"downloaded",
"NG259","Draft guidance consultation","Guideline comments form","13 January 2026","docx","https://www.nice.org.uk/guidance/ng259/documents/comments-form-2","Guideline_comments_form","13_January_2026","docx","Guideline_comments_form_13_January_2026.docx","D:/NICE_history/NG259","D:/NICE_history/NG259/Guideline_comments_form_13_January_2026.docx",TRUE,"downloaded",
"NG259","Draft guidance consultation","MTA consultation comments form","13 January 2026","docx","https://www.nice.org.uk/guidance/ng259/documents/comments-form-5","MTA_consultation_comments_form","13_January_2026","docx","MTA_consultation_comments_form_13_January_2026.docx","D:/NICE_history/NG259","D:/NICE_history/NG259/MTA_consultation_comments_form_13_January_2026.docx",TRUE,"downloaded",
"NG259","Draft guidance consultation","Scope","13 January 2026","pdf","https://www.nice.org.uk/guidance/ng259/documents/supporting-documentation-12","Scope","13_January_2026","pdf","Scope_13_January_2026.pdf","D:/NICE_history/NG259","D:/NICE_history/NG259/Scope_13_January_2026.pdf",TRUE,"downloaded",
"NG259","Draft guidance consultation","Supporting Document C Osteoporosis guideline committee DOI register","13 January 2026","pdf","https://www.nice.org.uk/guidance/ng259/documents/supporting-documentation-11","Supporting_Document_C_Osteoporosis_guideline_committee_DOI_register","13_January_2026","pdf","Supporting_Document_C_Osteoporosis_guideline_committee_DOI_register_13_January_2026.pdf","D:/NICE_history/NG259","D:/NICE_history/NG259/Supporting_Document_C_Osteoporosis_guideline_committee_DOI_register_13_January_2026.pdf",TRUE,"downloaded",
"NG259","Draft guidance consultation","Supporting Document F Osteoporosis methods chapter","13 January 2026","pdf","https://www.nice.org.uk/guidance/ng259/documents/supporting-documentation-7","Supporting_Document_F_Osteoporosis_methods_chapter","13_January_2026","pdf","Supporting_Document_F_Osteoporosis_methods_chapter_13_January_2026.pdf","D:/NICE_history/NG259","D:/NICE_history/NG259/Supporting_Document_F_Osteoporosis_methods_chapter_13_January_2026.pdf",TRUE,"downloaded",
"NG259","Draft guidance consultation","Supporting documentation Developing NICE guidelines how to get involved","13 January 2026","pdf","https://www.nice.org.uk/guidance/ng259/documents/supporting-documentation-10","Supporting_documentation_Developing_NICE_guidelines_how_to_get_involved","13_January_2026","pdf","Supporting_documentation_Developing_NICE_guidelines_how_to_get_involved_13_January_2026.pdf","D:/NICE_history/NG259","D:/NICE_history/NG259/Supporting_documentation_Developing_NICE_guidelines_how_to_get_involved_13_January_2026.pdf",TRUE,"downloaded",
"NG259","Draft guidance consultation","Supporting documentation Osteoporosis CG146 Appendices","13 January 2026","pdf","https://www.nice.org.uk/guidance/ng259/documents/supporting-documentation-9","Supporting_documentation_Osteoporosis_CG146_Appendices","13_January_2026","pdf","Supporting_documentation_Osteoporosis_CG146_Appendices_13_January_2026.pdf","D:/NICE_history/NG259","D:/NICE_history/NG259/Supporting_documentation_Osteoporosis_CG146_Appendices_13_January_2026.pdf",TRUE,"downloaded",
"NG259","Draft guidance consultation","Supporting documentation Osteoporosis CG146 Full Guideline","13 January 2026","pdf","https://www.nice.org.uk/guidance/ng259/documents/supporting-documentation-8","Supporting_documentation_Osteoporosis_CG146_Full_Guideline","13_January_2026","pdf","Supporting_documentation_Osteoporosis_CG146_Full_Guideline_13_January_2026.pdf","D:/NICE_history/NG259","D:/NICE_history/NG259/Supporting_documentation_Osteoporosis_CG146_Full_Guideline_13_January_2026.pdf",TRUE,"downloaded",
"NG259","Draft guidance consultation","Surveillance document","13 January 2026","pdf","https://www.nice.org.uk/guidance/ng259/documents/supporting-documentation","Surveillance_document","13_January_2026","pdf","Surveillance_document_13_January_2026.pdf","D:/NICE_history/NG259","D:/NICE_history/NG259/Surveillance_document_13_January_2026.pdf",TRUE,"downloaded",
"NG259","Draft scope consultation","Comments form","27 October 2022","docx","https://www.nice.org.uk/guidance/ng259/documents/comments-form","Comments_form","27_October_2022","docx","Comments_form_27_October_2022.docx","D:/NICE_history/NG259","D:/NICE_history/NG259/Comments_form_27_October_2022.docx",TRUE,"downloaded",
"NG259","Draft scope consultation","Draft scope (downloadable version)","27 October 2022","pdf","https://www.nice.org.uk/guidance/ng259/documents/draft-scope-pdf-version","Draft_scope_(downloadable_version)","27_October_2022","pdf","Draft_scope_(downloadable_version)_27_October_2022.pdf","D:/NICE_history/NG259","D:/NICE_history/NG259/Draft_scope_(downloadable_version)_27_October_2022.pdf",TRUE,"downloaded",
"NG259","Draft scope consultation","Equality impact assessment 1 (downloadable version)","27 October 2022","pdf","https://www.nice.org.uk/guidance/ng259/documents/801-2","Equality_impact_assessment_1_(downloadable_version)","27_October_2022","pdf","Equality_impact_assessment_1_(downloadable_version)_27_October_2022.pdf","D:/NICE_history/NG259","D:/NICE_history/NG259/Equality_impact_assessment_1_(downloadable_version)_27_October_2022.pdf",TRUE,"downloaded",
"NG259","Guidance published","Committee member list","29 July 2026","pdf","https://www.nice.org.uk/guidance/ng259/documents/committee-member-list-3","Committee_member_list","29_July_2026","pdf","Committee_member_list_29_July_2026.pdf","D:/NICE_history/NG259","D:/NICE_history/NG259/Committee_member_list_29_July_2026.pdf",TRUE,"downloaded",
"NG259","Guidance published","Consultation comments and responses","29 July 2026","pdf","https://www.nice.org.uk/guidance/ng259/documents/consultation-comments-and-responses-2","Consultation_comments_and_responses","29_July_2026","pdf","Consultation_comments_and_responses_29_July_2026.pdf","D:/NICE_history/NG259","D:/NICE_history/NG259/Consultation_comments_and_responses_29_July_2026.pdf",TRUE,"downloaded",
"NG259","Guidance published","Equality and health inequalities assessment (downloadable version)","29 July 2026","pdf","https://www.nice.org.uk/guidance/ng259/documents/equality-and-health-inequalities","Equality_and_health_inequalities_assessment_(downloadable_version)","29_July_2026","pdf","Equality_and_health_inequalities_assessment_(downloadable_version)_29_July_2026.pdf","D:/NICE_history/NG259","D:/NICE_history/NG259/Equality_and_health_inequalities_assessment_(downloadable_version)_29_July_2026.pdf",TRUE,"downloaded",
"NG259","Guidance published","Team acknowledgements","29 July 2026","pdf","https://www.nice.org.uk/guidance/ng259/documents/supporting-documentation-6","Team_acknowledgements","29_July_2026","pdf","Team_acknowledgements_29_July_2026.pdf","D:/NICE_history/NG259","D:/NICE_history/NG259/Team_acknowledgements_29_July_2026.pdf",TRUE,"downloaded",
"NG259","Scope published","Consultation comments and responses","20 February 2023","pdf","https://www.nice.org.uk/guidance/ng259/documents/consultation-comments-and-responses-3","Consultation_comments_and_responses","20_February_2023","pdf","Consultation_comments_and_responses_20_February_2023.pdf","D:/NICE_history/NG259","D:/NICE_history/NG259/Consultation_comments_and_responses_20_February_2023.pdf",TRUE,"downloaded",
"NG259","Scope published","Equality impact assessment 2 (downloadable version)","20 February 2023","pdf","https://www.nice.org.uk/guidance/ng259/documents/801-3","Equality_impact_assessment_2_(downloadable_version)","20_February_2023","pdf","Equality_impact_assessment_2_(downloadable_version)_20_February_2023.pdf","D:/NICE_history/NG259","D:/NICE_history/NG259/Equality_impact_assessment_2_(downloadable_version)_20_February_2023.pdf",TRUE,"downloaded",
"NG259","Scope published","Final scope","20 February 2023","pdf","https://www.nice.org.uk/guidance/ng259/documents/final-scope-3","Final_scope","20_February_2023","pdf","Final_scope_20_February_2023.pdf","D:/NICE_history/NG259","D:/NICE_history/NG259/Final_scope_20_February_2023.pdf",TRUE,"downloaded",
"NG259","Stakeholder list updated","Stakeholder list","11 July 2024","pdf","https://www.nice.org.uk/guidance/ng259/documents/stakeholder-list-3","Stakeholder_list","11_July_2024","pdf","Stakeholder_list_11_July_2024.pdf","D:/NICE_history/NG259","D:/NICE_history/NG259/Stakeholder_list_11_July_2024.pdf",TRUE,"downloaded",
"NG259","Stakeholder list updated","Stakeholder list","28 July 2026","pdf","https://www.nice.org.uk/guidance/ng259/documents/stakeholder-list","Stakeholder_list","28_July_2026","pdf","Stakeholder_list_28_July_2026.pdf","D:/NICE_history/NG259","D:/NICE_history/NG259/Stakeholder_list_28_July_2026.pdf",TRUE,"downloaded",
"CG151","Neutropenic sepsis: Remit","Neutropenic sepsis: Remit","20 November 2009","pdf","https://www.nice.org.uk/guidance/cg151/documents/neutropenic-sepsis-remit2","Neutropenic_sepsis_Remit","20_November_2009","pdf","Neutropenic_sepsis_Remit_20_November_2009.pdf","D:/NICE_history/CG151","D:/NICE_history/CG151/Neutropenic_sepsis_Remit_20_November_2009.pdf",TRUE,"downloaded",
"CG151","Neutropenic sepsis: consultation comments table","Neutropenic sepsis: consultation comments table","19 September 2012","pdf","https://www.nice.org.uk/guidance/cg151/documents/neutropenic-sepsis-consultation-comments-table2","Neutropenic_sepsis_consultation_comments_table","19_September_2012","pdf","Neutropenic_sepsis_consultation_comments_table_19_September_2012.pdf","D:/NICE_history/CG151","D:/NICE_history/CG151/Neutropenic_sepsis_consultation_comments_table_19_September_2012.pdf",TRUE,"downloaded",
"CG151","Neutropenic sepsis: equality impact assessment","Neutropenic sepsis: equality impact assessment","19 September 2012","pdf","https://www.nice.org.uk/guidance/cg151/documents/neutropenic-sepsis-equality-impact-assessment2","Neutropenic_sepsis_equality_impact_assessment","19_September_2012","pdf","Neutropenic_sepsis_equality_impact_assessment_19_September_2012.pdf","D:/NICE_history/CG151","D:/NICE_history/CG151/Neutropenic_sepsis_equality_impact_assessment_19_September_2012.pdf",TRUE,"downloaded",
"CG151","Neutropenic sepsis: guideline consultation","Neutropenic sepsis: NICE guideline","16 February 2012","pdf","https://www.nice.org.uk/guidance/cg151/documents/neutropenic-sepsis-nice-guideline2","Neutropenic_sepsis_NICE_guideline","16_February_2012","pdf","Neutropenic_sepsis_NICE_guideline_16_February_2012.pdf","D:/NICE_history/CG151","D:/NICE_history/CG151/Neutropenic_sepsis_NICE_guideline_16_February_2012.pdf",TRUE,"downloaded",
"CG151","Neutropenic sepsis: guideline consultation","Neutropenic sepsis: confidentiality agreement","16 February 2012","docx","https://www.nice.org.uk/guidance/cg151/documents/neutropenic-sepsis-confidentiality-agreement2","Neutropenic_sepsis_confidentiality_agreement","16_February_2012","docx","Neutropenic_sepsis_confidentiality_agreement_16_February_2012.docx","D:/NICE_history/CG151","D:/NICE_history/CG151/Neutropenic_sepsis_confidentiality_agreement_16_February_2012.docx",TRUE,"downloaded",
"CG151","Neutropenic sepsis: guideline consultation","Neutropenic sepsis: evidence review","16 February 2012","pdf","https://www.nice.org.uk/guidance/cg151/documents/neutropenic-sepsis-evidence-review2","Neutropenic_sepsis_evidence_review","16_February_2012","pdf","Neutropenic_sepsis_evidence_review_16_February_2012.pdf","D:/NICE_history/CG151","D:/NICE_history/CG151/Neutropenic_sepsis_evidence_review_16_February_2012.pdf",TRUE,"downloaded",
"CG151","Neutropenic sepsis: guideline consultation","Neutropenic sepsis: full guideline","16 February 2012","pdf","https://www.nice.org.uk/guidance/cg151/documents/neutropenic-sepsis-full-guideline2","Neutropenic_sepsis_full_guideline","16_February_2012","pdf","Neutropenic_sepsis_full_guideline_16_February_2012.pdf","D:/NICE_history/CG151","D:/NICE_history/CG151/Neutropenic_sepsis_full_guideline_16_February_2012.pdf",TRUE,"downloaded",
"CG151","Neutropenic sepsis: guideline consultation","Neutropenic sepsis: list of stakeholders","16 June 2010","pdf","https://www.nice.org.uk/guidance/cg151/documents/neutropenic-sepsis-list-of-stakeholders2","Neutropenic_sepsis_list_of_stakeholders","16_June_2010","pdf","Neutropenic_sepsis_list_of_stakeholders_16_June_2010.pdf","D:/NICE_history/CG151","D:/NICE_history/CG151/Neutropenic_sepsis_list_of_stakeholders_16_June_2010.pdf",TRUE,"downloaded",
"CG151","Neutropenic sepsis: guideline development and consultation","Neutropenic sepsis: GDG members","07 April 2011","pdf","https://www.nice.org.uk/guidance/cg151/documents/neutropenic-sepsis-gdg-members2","Neutropenic_sepsis_GDG_members","07_April_2011","pdf","Neutropenic_sepsis_GDG_members_07_April_2011.pdf","D:/NICE_history/CG151","D:/NICE_history/CG151/Neutropenic_sepsis_GDG_members_07_April_2011.pdf",TRUE,"downloaded",
"CG151","Neutropenic sepsis: guideline development and consultation","GDG 1 minutes: 21 & 22 September 2010","14 April 2011","pdf","https://www.nice.org.uk/guidance/cg151/documents/gdg-1-minutes-21-22-september-20102","GDG_1_minutes_21_&_22_September_2010","14_April_2011","pdf","GDG_1_minutes_21_&_22_September_2010_14_April_2011.pdf","D:/NICE_history/CG151","D:/NICE_history/CG151/GDG_1_minutes_21_&_22_September_2010_14_April_2011.pdf",TRUE,"downloaded",
"CG151","Neutropenic sepsis: guideline development and consultation","GDG 3 minutes: 7 February 2011","14 April 2011","pdf","https://www.nice.org.uk/guidance/cg151/documents/gdg-3-minutes-7-february-20112","GDG_3_minutes_7_February_2011","14_April_2011","pdf","GDG_3_minutes_7_February_2011_14_April_2011.pdf","D:/NICE_history/CG151","D:/NICE_history/CG151/GDG_3_minutes_7_February_2011_14_April_2011.pdf",TRUE,"downloaded",
"CG151","Neutropenic sepsis: guideline development and consultation","GDG 4 minutes: 29 & 30 March 2011","22 December 2011","pdf","https://www.nice.org.uk/guidance/cg151/documents/gdg-4-minutes-29-30-march-20112","GDG_4_minutes_29_&_30_March_2011","22_December_2011","pdf","GDG_4_minutes_29_&_30_March_2011_22_December_2011.pdf","D:/NICE_history/CG151","D:/NICE_history/CG151/GDG_4_minutes_29_&_30_March_2011_22_December_2011.pdf",TRUE,"downloaded",
"CG151","Neutropenic sepsis: guideline development and consultation","GDG 5 minutes: 26 May 2011","22 December 2011","pdf","https://www.nice.org.uk/guidance/cg151/documents/gdg-5-minutes-26-may-20112","GDG_5_minutes_26_May_2011","22_December_2011","pdf","GDG_5_minutes_26_May_2011_22_December_2011.pdf","D:/NICE_history/CG151","D:/NICE_history/CG151/GDG_5_minutes_26_May_2011_22_December_2011.pdf",TRUE,"downloaded",
"CG151","Neutropenic sepsis: guideline development and consultation","GDG 6 minutes: 22 July 2011","22 December 2011","pdf","https://www.nice.org.uk/guidance/cg151/documents/gdg-6-minutes-22-july-20112","GDG_6_minutes_22_July_2011","22_December_2011","pdf","GDG_6_minutes_22_July_2011_22_December_2011.pdf","D:/NICE_history/CG151","D:/NICE_history/CG151/GDG_6_minutes_22_July_2011_22_December_2011.pdf",TRUE,"downloaded",
"CG151","Neutropenic sepsis: guideline development and consultation","GDG 7 minutes: 9 September 2011","22 December 2011","pdf","https://www.nice.org.uk/guidance/cg151/documents/gdg-7-minutes-9-september-20112","GDG_7_minutes_9_September_2011","22_December_2011","pdf","GDG_7_minutes_9_September_2011_22_December_2011.pdf","D:/NICE_history/CG151","D:/NICE_history/CG151/GDG_7_minutes_9_September_2011_22_December_2011.pdf",TRUE,"downloaded",
"CG151","Neutropenic sepsis: scoping workshop, consultation and final scope","Neutropenic sepsis: scoping workshop notes","04 June 2010","pdf","https://www.nice.org.uk/guidance/cg151/documents/neutropenic-sepsis-scoping-workshop-notes2","Neutropenic_sepsis_scoping_workshop_notes","04_June_2010","pdf","Neutropenic_sepsis_scoping_workshop_notes_04_June_2010.pdf","D:/NICE_history/CG151","D:/NICE_history/CG151/Neutropenic_sepsis_scoping_workshop_notes_04_June_2010.pdf",TRUE,"downloaded",
"CG151","Neutropenic sepsis: scoping workshop, consultation and final scope","Neutropenic sepsis: comments proforma","07 June 2010","docx","https://www.nice.org.uk/guidance/cg151/documents/neutropenic-sepsis-comments-proforma2","Neutropenic_sepsis_comments_proforma","07_June_2010","docx","Neutropenic_sepsis_comments_proforma_07_June_2010.docx","D:/NICE_history/CG151","D:/NICE_history/CG151/Neutropenic_sepsis_comments_proforma_07_June_2010.docx",TRUE,"downloaded",
"CG151","Neutropenic sepsis: scoping workshop, consultation and final scope","Neutropenic sepsis: draft scope","07 June 2010","pdf","https://www.nice.org.uk/guidance/cg151/documents/neutropenic-sepsis-draft-scope2","Neutropenic_sepsis_draft_scope","07_June_2010","pdf","Neutropenic_sepsis_draft_scope_07_June_2010.pdf","D:/NICE_history/CG151","D:/NICE_history/CG151/Neutropenic_sepsis_draft_scope_07_June_2010.pdf",TRUE,"downloaded",
"CG151","Neutropenic sepsis: scoping workshop, consultation and final scope","Neutropenic sepsis: final scope","09 September 2010","pdf","https://www.nice.org.uk/guidance/cg151/documents/neutropenic-sepsis-final-scope2","Neutropenic_sepsis_final_scope","09_September_2010","pdf","Neutropenic_sepsis_final_scope_09_September_2010.pdf","D:/NICE_history/CG151","D:/NICE_history/CG151/Neutropenic_sepsis_final_scope_09_September_2010.pdf",TRUE,"downloaded",
"CG151","Neutropenic sepsis: scoping workshop, consultation and final scope","Neutropenic sepsis: scope consultation comments table","18 October 2010","pdf","https://www.nice.org.uk/guidance/cg151/documents/neutropenic-sepsis-scope-consultation-comments-table2","Neutropenic_sepsis_scope_consultation_comments_table","18_October_2010","pdf","Neutropenic_sepsis_scope_consultation_comments_table_18_October_2010.pdf","D:/NICE_history/CG151","D:/NICE_history/CG151/Neutropenic_sepsis_scope_consultation_comments_table_18_October_2010.pdf",TRUE,"downloaded",
"CG151","Neutropenic sepsis: scoping workshop, consultation and final scope","Neutropenic sepsis: equality impact assessment form scoping","28 September 2010","pdf","https://www.nice.org.uk/guidance/cg151/documents/neutropenic-sepsis-equality-impact-assessment-form-scoping2","Neutropenic_sepsis_equality_impact_assessment_form_scoping","28_September_2010","pdf","Neutropenic_sepsis_equality_impact_assessment_form_scoping_28_September_2010.pdf","D:/NICE_history/CG151","D:/NICE_history/CG151/Neutropenic_sepsis_equality_impact_assessment_form_scoping_28_September_2010.pdf",TRUE,"downloaded",
"CG151","Review documents","CG151 Neutropenic sepsis: static list review decision","17 February 2014","pdf","https://www.nice.org.uk/guidance/cg151/documents/cg151-neutropenic-sepsis-static-list-review-decision2","CG151_Neutropenic_sepsis_static_list_review_decision","17_February_2014","pdf","CG151_Neutropenic_sepsis_static_list_review_decision_17_February_2014.pdf","D:/NICE_history/CG151","D:/NICE_history/CG151/CG151_Neutropenic_sepsis_static_list_review_decision_17_February_2014.pdf",TRUE,"downloaded",
"CG151","Stakeholder list updated","Stakeholder list","07 February 2019","pdf","https://www.nice.org.uk/guidance/cg151/documents/stakeholder-list","Stakeholder_list","07_February_2019","pdf","Stakeholder_list_07_February_2019.pdf","D:/NICE_history/CG151","D:/NICE_history/CG151/Stakeholder_list_07_February_2019.pdf",TRUE,"downloaded",
"CG151","Surveillance consultation","Comments form","21 November 2018","docx","https://www.nice.org.uk/guidance/cg151/documents/comments-form","Comments_form","21_November_2018","docx","Comments_form_21_November_2018.docx","D:/NICE_history/CG151","D:/NICE_history/CG151/Comments_form_21_November_2018.docx",TRUE,"downloaded",
"CG151","Surveillance consultation","Surveillance review proposal","21 November 2018","pdf","https://www.nice.org.uk/guidance/cg151/documents/surveillance-review-proposal","Surveillance_review_proposal","21_November_2018","pdf","Surveillance_review_proposal_21_November_2018.pdf","D:/NICE_history/CG151","D:/NICE_history/CG151/Surveillance_review_proposal_21_November_2018.pdf",TRUE,"downloaded",
"CG164","Addendum consultation","Equality impact assessment","02 December 2016","pdf","https://www.nice.org.uk/guidance/cg164/update/cg164-update-1/documents/equality-impact-assessment","Equality_impact_assessment","02_December_2016","pdf","Equality_impact_assessment_02_December_2016.pdf","D:/NICE_history/CG164","D:/NICE_history/CG164/Equality_impact_assessment_02_December_2016.pdf",TRUE,"downloaded",
"CG164","Addendum consultation","Consultation comments and responses","22 March 2017","pdf","https://www.nice.org.uk/guidance/cg164/update/cg164-update-1/documents/consultation-comments-and-responses","Consultation_comments_and_responses","22_March_2017","pdf","Consultation_comments_and_responses_22_March_2017.pdf","D:/NICE_history/CG164","D:/NICE_history/CG164/Consultation_comments_and_responses_22_March_2017.pdf",TRUE,"downloaded",
"CG164","Addendum consultation","Addendum 1 - chemoprevention","29 November 2016","pdf","https://www.nice.org.uk/guidance/cg164/update/cg164-update-1/documents/addendum-4","Addendum_1_-_chemoprevention","29_November_2016","pdf","Addendum_1_-_chemoprevention_29_November_2016.pdf","D:/NICE_history/CG164","D:/NICE_history/CG164/Addendum_1_-_chemoprevention_29_November_2016.pdf",TRUE,"downloaded",
"CG164","Addendum consultation","Addendum 2 - genetic testing","29 November 2016","pdf","https://www.nice.org.uk/guidance/cg164/update/cg164-update-1/documents/addendum-3","Addendum_2_-_genetic_testing","29_November_2016","pdf","Addendum_2_-_genetic_testing_29_November_2016.pdf","D:/NICE_history/CG164","D:/NICE_history/CG164/Addendum_2_-_genetic_testing_29_November_2016.pdf",TRUE,"downloaded",
"CG164","Addendum consultation","Short version of addendum","29 November 2016","pdf","https://www.nice.org.uk/guidance/cg164/update/cg164-update-1/documents/short-version-of-addendum","Short_version_of_addendum","29_November_2016","pdf","Short_version_of_addendum_29_November_2016.pdf","D:/NICE_history/CG164","D:/NICE_history/CG164/Short_version_of_addendum_29_November_2016.pdf",TRUE,"downloaded",
"CG164","Committee list updated","List of declarations of interest","22 March 2017","pdf","https://www.nice.org.uk/guidance/cg164/update/cg164-update-1/documents/list-of-declarations-of-interest","List_of_declarations_of_interest","22_March_2017","pdf","List_of_declarations_of_interest_22_March_2017.pdf","D:/NICE_history/CG164","D:/NICE_history/CG164/List_of_declarations_of_interest_22_March_2017.pdf",TRUE,"downloaded",
"CG164","Equality and health inequalities assessment","Equality impact assessment 4","22 March 2017","pdf","https://www.nice.org.uk/guidance/cg164/update/cg164-update-1/documents/equality-impact-assessment-2","Equality_impact_assessment_4","22_March_2017","pdf","Equality_impact_assessment_4_22_March_2017.pdf","D:/NICE_history/CG164","D:/NICE_history/CG164/Equality_impact_assessment_4_22_March_2017.pdf",TRUE,"downloaded",
"CG164","Original development on 01 June 2013","GDG 1 minutes","02 December 2011","pdf","https://www.nice.org.uk/guidance/cg164/update/CG164/documents/familial-breast-cancer-gdg-1-minutes2","GDG_1_minutes","02_December_2011","pdf","GDG_1_minutes_02_December_2011.pdf","D:/NICE_history/CG164","D:/NICE_history/CG164/GDG_1_minutes_02_December_2011.pdf",FALSE,"failed","Transferred a partial file [www.nice.org.uk]:
transfer closed with outstanding read data remaining"
"CG164","Original development on 01 June 2013","GDG membership list","05 December 2011","pdf","https://www.nice.org.uk/guidance/cg164/update/CG164/documents/familial-breast-cancer-gdg-membership-list2","GDG_membership_list","05_December_2011","pdf","GDG_membership_list_05_December_2011.pdf","D:/NICE_history/CG164","D:/NICE_history/CG164/GDG_membership_list_05_December_2011.pdf",TRUE,"downloaded",
"CG164","Original development on 01 June 2013","Scope","06 July 2011","pdf","https://www.nice.org.uk/guidance/cg164/update/CG164/documents/familial-breast-cancer-scope2","Scope","06_July_2011","pdf","Scope_06_July_2011.pdf","D:/NICE_history/CG164","D:/NICE_history/CG164/Scope_06_July_2011.pdf",TRUE,"downloaded",
"CG164","Original development on 01 June 2013","Scope consultation table","06 July 2011","pdf","https://www.nice.org.uk/guidance/cg164/update/CG164/documents/familial-breast-cancer-scope-consultation-table2","Scope_consultation_table","06_July_2011","pdf","Scope_consultation_table_06_July_2011.pdf","D:/NICE_history/CG164","D:/NICE_history/CG164/Scope_consultation_table_06_July_2011.pdf",TRUE,"downloaded",
"CG164","Original development on 01 June 2013","Remit","08 November 2010","pdf","https://www.nice.org.uk/guidance/cg164/update/CG164/documents/familial-breast-cancer-remit2","Remit","08_November_2010","pdf","Remit_08_November_2010.pdf","D:/NICE_history/CG164","D:/NICE_history/CG164/Remit_08_November_2010.pdf",TRUE,"downloaded",
"CG164","Original development on 01 June 2013","Stakeholder list","09 October 2017","pdf","https://www.nice.org.uk/guidance/cg164/update/CG164/documents/stakeholder-list-2","Stakeholder_list","09_October_2017","pdf","Stakeholder_list_09_October_2017.pdf","D:/NICE_history/CG164","D:/NICE_history/CG164/Stakeholder_list_09_October_2017.pdf",TRUE,"downloaded",
"CG164","Original development on 01 June 2013","Stakeholder list","11 September 2012","pdf","https://www.nice.org.uk/guidance/cg164/update/CG164/documents/familial-breast-cancer-stakeholder-list2","Stakeholder_list","11_September_2012","pdf","Stakeholder_list_11_September_2012.pdf","D:/NICE_history/CG164","D:/NICE_history/CG164/Stakeholder_list_11_September_2012.pdf",TRUE,"downloaded",
"CG164","Original development on 01 June 2013","Scoping equalities impact assessment form","12 November 2013","pdf","https://www.nice.org.uk/guidance/cg164/update/CG164/documents/familial-breast-cancer-scoping-equalities-impact-assessment-form2","Scoping_equalities_impact_assessment_form","12_November_2013","pdf","Scoping_equalities_impact_assessment_form_12_November_2013.pdf","D:/NICE_history/CG164","D:/NICE_history/CG164/Scoping_equalities_impact_assessment_form_12_November_2013.pdf",TRUE,"downloaded",
"CG164","Original development on 01 June 2013","Familial breast cancer (update): NICE version","15 January 2013","pdf","https://www.nice.org.uk/guidance/cg164/update/CG164/documents/familial-breast-cancer-update-nice-version2","Familial_breast_cancer_(update)_NICE_version","15_January_2013","pdf","Familial_breast_cancer_(update)_NICE_version_15_January_2013.pdf","D:/NICE_history/CG164","D:/NICE_history/CG164/Familial_breast_cancer_(update)_NICE_version_15_January_2013.pdf",TRUE,"downloaded",
"CG164","Original development on 01 June 2013","Familial breast cancer (update): appendices","15 January 2013","pdf","https://www.nice.org.uk/guidance/cg164/update/CG164/documents/familial-breast-cancer-update-appendices2","Familial_breast_cancer_(update)_appendices","15_January_2013","pdf","Familial_breast_cancer_(update)_appendices_15_January_2013.pdf","D:/NICE_history/CG164","D:/NICE_history/CG164/Familial_breast_cancer_(update)_appendices_15_January_2013.pdf",TRUE,"downloaded",
"CG164","Original development on 01 June 2013","Familial breast cancer (update): full evidence review","15 January 2013","pdf","https://www.nice.org.uk/guidance/cg164/update/CG164/documents/familial-breast-cancer-update-full-evidence-review2","Familial_breast_cancer_(update)_full_evidence_review","15_January_2013","pdf","Familial_breast_cancer_(update)_full_evidence_review_15_January_2013.pdf","D:/NICE_history/CG164","D:/NICE_history/CG164/Familial_breast_cancer_(update)_full_evidence_review_15_January_2013.pdf",TRUE,"downloaded",
"CG164","Original development on 01 June 2013","Familial breast cancer (update): full evidence review reports for health economics","15 January 2013","pdf","https://www.nice.org.uk/guidance/cg164/update/CG164/documents/familial-breast-cancer-update-full-evidence-review-reports-for-health-economics2","Familial_breast_cancer_(update)_full_evidence_review_reports_for_health_economics","15_January_2013","pdf","Familial_breast_cancer_(update)_full_evidence_review_reports_for_health_economics_15_January_2013.pdf","D:/NICE_history/CG164","D:/NICE_history/CG164/Familial_breast_cancer_(update)_full_evidence_review_reports_for_health_economics_15_January_2013.pdf",TRUE,"downloaded",
"CG164","Original development on 01 June 2013","Familial breast cancer (update): full version","15 January 2013","pdf","https://www.nice.org.uk/guidance/cg164/update/CG164/documents/familial-breast-cancer-update-full-version2","Familial_breast_cancer_(update)_full_version","15_January_2013","pdf","Familial_breast_cancer_(update)_full_version_15_January_2013.pdf","D:/NICE_history/CG164","D:/NICE_history/CG164/Familial_breast_cancer_(update)_full_version_15_January_2013.pdf",TRUE,"downloaded",
"CG164","Original development on 01 June 2013","Familial breast cancer (update): needs assessment full report","15 January 2013","pdf","https://www.nice.org.uk/guidance/cg164/update/CG164/documents/familial-breast-cancer-update-needs-assessment-full-report2","Familial_breast_cancer_(update)_needs_assessment_full_report","15_January_2013","pdf","Familial_breast_cancer_(update)_needs_assessment_full_report_15_January_2013.pdf","D:/NICE_history/CG164","D:/NICE_history/CG164/Familial_breast_cancer_(update)_needs_assessment_full_report_15_January_2013.pdf",TRUE,"downloaded",
"CG164","Original development on 01 June 2013","GDG 2 minutes","22 December 2011","pdf","https://www.nice.org.uk/guidance/cg164/update/CG164/documents/familial-breast-cancer-gdg-2-minutes2","GDG_2_minutes","22_December_2011","pdf","GDG_2_minutes_22_December_2011.pdf","D:/NICE_history/CG164","D:/NICE_history/CG164/GDG_2_minutes_22_December_2011.pdf",TRUE,"downloaded",
"CG164","Original development on 01 June 2013","Familial breast cancer (update): Equality Impact Assessment form","25 June 2013","pdf","https://www.nice.org.uk/guidance/cg164/update/CG164/documents/familial-breast-cancer-update-equality-impact-assessment-form2","Familial_breast_cancer_(update)_Equality_Impact_Assessment_form","25_June_2013","pdf","Familial_breast_cancer_(update)_Equality_Impact_Assessment_form_25_June_2013.pdf","D:/NICE_history/CG164","D:/NICE_history/CG164/Familial_breast_cancer_(update)_Equality_Impact_Assessment_form_25_June_2013.pdf",TRUE,"downloaded",
"CG164","Original development on 01 June 2013","Familial breast cancer (update): guideline consultation comments with responses","25 June 2013","pdf","https://www.nice.org.uk/guidance/cg164/update/CG164/documents/familial-breast-cancer-update-guideline-consultation-comments-with-responses2","Familial_breast_cancer_(update)_guideline_consultation_comments_with_responses","25_June_2013","pdf","Familial_breast_cancer_(update)_guideline_consultation_comments_with_responses_25_June_2013.pdf","D:/NICE_history/CG164","D:/NICE_history/CG164/Familial_breast_cancer_(update)_guideline_consultation_comments_with_responses_25_June_2013.pdf",TRUE,"downloaded",
"CG164","Original development on 01 June 2013","Clinical questions","27 September 2012","pdf","https://www.nice.org.uk/guidance/cg164/update/CG164/documents/familial-breast-cancer-clinical-questions2","Clinical_questions","27_September_2012","pdf","Clinical_questions_27_September_2012.pdf","D:/NICE_history/CG164","D:/NICE_history/CG164/Clinical_questions_27_September_2012.pdf",TRUE,"downloaded",
"CG164","Original development on 01 June 2013","Economic health plan","27 September 2012","pdf","https://www.nice.org.uk/guidance/cg164/update/CG164/documents/familial-breast-cancer-economic-health-plan2","Economic_health_plan","27_September_2012","pdf","Economic_health_plan_27_September_2012.pdf","D:/NICE_history/CG164","D:/NICE_history/CG164/Economic_health_plan_27_September_2012.pdf",TRUE,"downloaded",
"CG164","Original development on 01 June 2013","Search strategies","27 September 2012","pdf","https://www.nice.org.uk/guidance/cg164/update/CG164/documents/familial-breast-cancer-search-strategies2","Search_strategies","27_September_2012","pdf","Search_strategies_27_September_2012.pdf","D:/NICE_history/CG164","D:/NICE_history/CG164/Search_strategies_27_September_2012.pdf",TRUE,"downloaded",
"CG164","Original development on 01 June 2013","Draft scope","31 March 2011","pdf","https://www.nice.org.uk/guidance/cg164/update/CG164/documents/familial-breast-cancer-draft-scope2","Draft_scope","31_March_2011","pdf","Draft_scope_31_March_2011.pdf","D:/NICE_history/CG164","D:/NICE_history/CG164/Draft_scope_31_March_2011.pdf",TRUE,"downloaded",
"CG164","Review questions document published","Review questions","25 May 2016","pdf","https://www.nice.org.uk/guidance/cg164/update/cg164-update-1/documents/review-questions","Review_questions","25_May_2016","pdf","Review_questions_25_May_2016.pdf","D:/NICE_history/CG164","D:/NICE_history/CG164/Review_questions_25_May_2016.pdf",TRUE,"downloaded",
"CG164","Stakeholder list updated","Stakeholder list","18 January 2018","pdf","https://www.nice.org.uk/guidance/cg164/update/cg164-update-1/documents/stakeholder-list","Stakeholder_list","18_January_2018","pdf","Stakeholder_list_18_January_2018.pdf","D:/NICE_history/CG164","D:/NICE_history/CG164/Stakeholder_list_18_January_2018.pdf",TRUE,"downloaded",
"CG164","Surveillance consultation","Comments form","11 October 2017","docx","https://www.nice.org.uk/guidance/cg164/update/cg164-update-1/documents/comments-form","Comments_form","11_October_2017","docx","Comments_form_11_October_2017.docx","D:/NICE_history/CG164","D:/NICE_history/CG164/Comments_form_11_October_2017.docx",TRUE,"downloaded",
"CG164","Surveillance consultation","Surveillance review proposal","11 October 2017","pdf","https://www.nice.org.uk/guidance/cg164/update/cg164-update-1/documents/surveillance-review-proposal","Surveillance_review_proposal","11_October_2017","pdf","Surveillance_review_proposal_11_October_2017.pdf","D:/NICE_history/CG164","D:/NICE_history/CG164/Surveillance_review_proposal_11_October_2017.pdf",TRUE,"downloaded",
"CG164","Surveillance consultation","Consultation questions","17 December 2021","pdf","https://www.nice.org.uk/guidance/cg164/update/cg164-update-1/documents/257-2","Consultation_questions","17_December_2021","pdf","Consultation_questions_17_December_2021.pdf","D:/NICE_history/CG164","D:/NICE_history/CG164/Consultation_questions_17_December_2021.pdf",TRUE,"downloaded",
"CG164","Surveillance consultation","Surveillance review proposal","17 December 2021","pdf","https://www.nice.org.uk/guidance/cg164/update/cg164-update-1/documents/162-2","Surveillance_review_proposal","17_December_2021","pdf","Surveillance_review_proposal_17_December_2021.pdf","D:/NICE_history/CG164","D:/NICE_history/CG164/Surveillance_review_proposal_17_December_2021.pdf",TRUE,"downloaded",
"CG179","Pressure ulcer management: guideline development and consultation","Pressure ulcer: GDG 2 - 21 March 2012","01 May 2012","pdf","https://www.nice.org.uk/guidance/cg179/documents/pressure-ulcer-gdg-2-21-march-20122","Pressure_ulcer_GDG_2_-_21_March_2012","01_May_2012","pdf","Pressure_ulcer_GDG_2_-_21_March_2012_01_May_2012.pdf","D:/NICE_history/CG179","D:/NICE_history/CG179/Pressure_ulcer_GDG_2_-_21_March_2012_01_May_2012.pdf",TRUE,"downloaded",
"CG179","Pressure ulcer management: guideline development and consultation","Pressure ulcer: GDG 4 - 14 June 2012","09 August 2012","pdf","https://www.nice.org.uk/guidance/cg179/documents/pressure-ulcer-gdg-4-14-june-20122","Pressure_ulcer_GDG_4_-_14_June_2012","09_August_2012","pdf","Pressure_ulcer_GDG_4_-_14_June_2012_09_August_2012.pdf","D:/NICE_history/CG179","D:/NICE_history/CG179/Pressure_ulcer_GDG_4_-_14_June_2012_09_August_2012.pdf",TRUE,"downloaded",
"CG179","Pressure ulcer management: guideline development and consultation","Pressure ulcer: GDG 5 - 18 July 2012","09 October 2012","pdf","https://www.nice.org.uk/guidance/cg179/documents/pressure-ulcer-gdg-5-18-july-20122","Pressure_ulcer_GDG_5_-_18_July_2012","09_October_2012","pdf","Pressure_ulcer_GDG_5_-_18_July_2012_09_October_2012.pdf","D:/NICE_history/CG179","D:/NICE_history/CG179/Pressure_ulcer_GDG_5_-_18_July_2012_09_October_2012.pdf",TRUE,"downloaded",
"CG179","Pressure ulcer management: guideline development and consultation","Pressure ulcers: consultation table","17 April 2014","pdf","https://www.nice.org.uk/guidance/cg179/documents/pressure-ulcers-consultation-table-2","Pressure_ulcers_consultation_table","17_April_2014","pdf","Pressure_ulcers_consultation_table_17_April_2014.pdf","D:/NICE_history/CG179","D:/NICE_history/CG179/Pressure_ulcers_consultation_table_17_April_2014.pdf",TRUE,"downloaded",
"CG179","Pressure ulcer management: guideline development and consultation","Pressure ulcer: GDG 3 - 27 April 2012","18 July 2012","pdf","https://www.nice.org.uk/guidance/cg179/documents/pressure-ulcer-gdg-3-27-april-20122","Pressure_ulcer_GDG_3_-_27_April_2012","18_July_2012","pdf","Pressure_ulcer_GDG_3_-_27_April_2012_18_July_2012.pdf","D:/NICE_history/CG179","D:/NICE_history/CG179/Pressure_ulcer_GDG_3_-_27_April_2012_18_July_2012.pdf",TRUE,"downloaded",
"CG179","Pressure ulcer management: guideline development and consultation","Pressure Ulcers: draft guideline appendices A - H","18 November 2013","pdf","https://www.nice.org.uk/guidance/cg179/documents/pressure-ulcers-draft-guideline-appendices-a-h2","Pressure_Ulcers_draft_guideline_appendices_A_-_H","18_November_2013","pdf","Pressure_Ulcers_draft_guideline_appendices_A_-_H_18_November_2013.pdf","D:/NICE_history/CG179","D:/NICE_history/CG179/Pressure_Ulcers_draft_guideline_appendices_A_-_H_18_November_2013.pdf",TRUE,"downloaded",
"CG179","Pressure ulcer management: guideline development and consultation","Pressure Ulcers: draft guideline appendices I (part 1)","18 November 2013","pdf","https://www.nice.org.uk/guidance/cg179/documents/pressure-ulcers-draft-guideline-appendices-i-part-12","Pressure_Ulcers_draft_guideline_appendices_I_(part_1)","18_November_2013","pdf","Pressure_Ulcers_draft_guideline_appendices_I_(part_1)_18_November_2013.pdf","D:/NICE_history/CG179","D:/NICE_history/CG179/Pressure_Ulcers_draft_guideline_appendices_I_(part_1)_18_November_2013.pdf",TRUE,"downloaded",
"CG179","Pressure ulcer management: guideline development and consultation","Pressure Ulcers: draft guideline appendices I (part 2)","18 November 2013","pdf","https://www.nice.org.uk/guidance/cg179/documents/pressure-ulcers-draft-guideline-appendices-i-part-22","Pressure_Ulcers_draft_guideline_appendices_I_(part_2)","18_November_2013","pdf","Pressure_Ulcers_draft_guideline_appendices_I_(part_2)_18_November_2013.pdf","D:/NICE_history/CG179","D:/NICE_history/CG179/Pressure_Ulcers_draft_guideline_appendices_I_(part_2)_18_November_2013.pdf",TRUE,"downloaded",
"CG179","Pressure ulcer management: guideline development and consultation","Pressure Ulcers: draft guideline appendices I (part 3)","18 November 2013","pdf","https://www.nice.org.uk/guidance/cg179/documents/pressure-ulcers-draft-guideline-appendices-i-part-32","Pressure_Ulcers_draft_guideline_appendices_I_(part_3)","18_November_2013","pdf","Pressure_Ulcers_draft_guideline_appendices_I_(part_3)_18_November_2013.pdf","D:/NICE_history/CG179","D:/NICE_history/CG179/Pressure_Ulcers_draft_guideline_appendices_I_(part_3)_18_November_2013.pdf",TRUE,"downloaded",
"CG179","Pressure ulcer management: guideline development and consultation","Pressure Ulcers: draft guideline appendices I (part 4)","18 November 2013","pdf","https://www.nice.org.uk/guidance/cg179/documents/pressure-ulcers-draft-guideline-appendices-i-part-42","Pressure_Ulcers_draft_guideline_appendices_I_(part_4)","18_November_2013","pdf","Pressure_Ulcers_draft_guideline_appendices_I_(part_4)_18_November_2013.pdf","D:/NICE_history/CG179","D:/NICE_history/CG179/Pressure_Ulcers_draft_guideline_appendices_I_(part_4)_18_November_2013.pdf",TRUE,"downloaded",
"CG179","Pressure ulcer management: guideline development and consultation","Pressure Ulcers: draft guideline appendices I (part 5)","18 November 2013","pdf","https://www.nice.org.uk/guidance/cg179/documents/pressure-ulcers-draft-guideline-appendices-i-part-52","Pressure_Ulcers_draft_guideline_appendices_I_(part_5)","18_November_2013","pdf","Pressure_Ulcers_draft_guideline_appendices_I_(part_5)_18_November_2013.pdf","D:/NICE_history/CG179","D:/NICE_history/CG179/Pressure_Ulcers_draft_guideline_appendices_I_(part_5)_18_November_2013.pdf",TRUE,"downloaded",
"CG179","Pressure ulcer management: guideline development and consultation","Pressure Ulcers: draft guideline appendices J - P","18 November 2013","pdf","https://www.nice.org.uk/guidance/cg179/documents/pressure-ulcers-draft-guideline-appendices-j-p2","Pressure_Ulcers_draft_guideline_appendices_J_-_P","18_November_2013","pdf","Pressure_Ulcers_draft_guideline_appendices_J_-_P_18_November_2013.pdf","D:/NICE_history/CG179","D:/NICE_history/CG179/Pressure_Ulcers_draft_guideline_appendices_J_-_P_18_November_2013.pdf",TRUE,"downloaded",
"CG179","Pressure ulcer management: guideline development and consultation","Pressure ulcer management: draft guideline","18 November 2013","pdf","https://www.nice.org.uk/guidance/cg179/documents/pressure-ulcer-management-draft-guideline2","Pressure_ulcer_management_draft_guideline","18_November_2013","pdf","Pressure_ulcer_management_draft_guideline_18_November_2013.pdf","D:/NICE_history/CG179","D:/NICE_history/CG179/Pressure_ulcer_management_draft_guideline_18_November_2013.pdf",TRUE,"downloaded",
"CG179","Pressure ulcer management: guideline development and consultation","Pressure ulcer prevention: draft guideline","18 November 2013","pdf","https://www.nice.org.uk/guidance/cg179/documents/pressure-ulcer-prevention-draft-guideline-2","Pressure_ulcer_prevention_draft_guideline","18_November_2013","pdf","Pressure_ulcer_prevention_draft_guideline_18_November_2013.pdf","D:/NICE_history/CG179","D:/NICE_history/CG179/Pressure_ulcer_prevention_draft_guideline_18_November_2013.pdf",TRUE,"downloaded",
"CG179","Pressure ulcer management: guideline development and consultation","Pressure ulcers: draft NICE guideline (management and prevention)","18 November 2013","pdf","https://www.nice.org.uk/guidance/cg179/documents/pressure-ulcers-draft-nice-guideline-management-and-prevention2","Pressure_ulcers_draft_NICE_guideline_(management_and_prevention)","18_November_2013","pdf","Pressure_ulcers_draft_NICE_guideline_(management_and_prevention)_18_November_2013.pdf","D:/NICE_history/CG179","D:/NICE_history/CG179/Pressure_ulcers_draft_NICE_guideline_(management_and_prevention)_18_November_2013.pdf",TRUE,"downloaded",
"CG179","Pressure ulcer management: guideline development and consultation","Pressure ulcer: GDG 1 - 26 January 2012","19 April 2012","pdf","https://www.nice.org.uk/guidance/cg179/documents/pressure-ulcer-gdg-1-26-january-2012-2","Pressure_ulcer_GDG_1_-_26_January_2012","19_April_2012","pdf","Pressure_ulcer_GDG_1_-_26_January_2012_19_April_2012.pdf","D:/NICE_history/CG179","D:/NICE_history/CG179/Pressure_ulcer_GDG_1_-_26_January_2012_19_April_2012.pdf",TRUE,"downloaded",
"CG179","Pressure ulcer management: guideline development and consultation","Pressure ulcers: guideline development group members","23 January 2012","pdf","https://www.nice.org.uk/guidance/cg179/documents/pressure-ulcers-guideline-development-group-members2","Pressure_ulcers_guideline_development_group_members","23_January_2012","pdf","Pressure_ulcers_guideline_development_group_members_23_January_2012.pdf","D:/NICE_history/CG179","D:/NICE_history/CG179/Pressure_ulcers_guideline_development_group_members_23_January_2012.pdf",TRUE,"downloaded",
"CG179","Pressure ulcer management: stakeholder lists and how to register","Pressure ulcers: stakeholder list","01 April 2012","pdf","https://www.nice.org.uk/guidance/cg179/documents/pressure-ulcers-stakeholder-list2","Pressure_ulcers_stakeholder_list","01_April_2012","pdf","Pressure_ulcers_stakeholder_list_01_April_2012.pdf","D:/NICE_history/CG179","D:/NICE_history/CG179/Pressure_ulcers_stakeholder_list_01_April_2012.pdf",TRUE,"downloaded",
"CG179","Pressure ulcers: equality impact assessment","Pressure ulcers: equality impact assessment","24 April 2014","pdf","https://www.nice.org.uk/guidance/cg179/documents/pressure-ulcers-equality-impact-assessment-2","Pressure_ulcers_equality_impact_assessment","24_April_2014","pdf","Pressure_ulcers_equality_impact_assessment_24_April_2014.pdf","D:/NICE_history/CG179","D:/NICE_history/CG179/Pressure_ulcers_equality_impact_assessment_24_April_2014.pdf",TRUE,"downloaded",
"CG179","Pressure ulcers: scoping workshop, consultation and final scope","Pressure ulcers: draft scope","02 November 2011","pdf","https://www.nice.org.uk/guidance/cg179/documents/pressure-ulcers-draft-scope2","Pressure_ulcers_draft_scope","02_November_2011","pdf","Pressure_ulcers_draft_scope_02_November_2011.pdf","D:/NICE_history/CG179","D:/NICE_history/CG179/Pressure_ulcers_draft_scope_02_November_2011.pdf",TRUE,"downloaded",
"CG179","Pressure ulcers: scoping workshop, consultation and final scope","Pressure ulcers: stakeholder workshop notes","02 November 2011","pdf","https://www.nice.org.uk/guidance/cg179/documents/pressure-ulcers-stakeholder-workshop-notes2","Pressure_ulcers_stakeholder_workshop_notes","02_November_2011","pdf","Pressure_ulcers_stakeholder_workshop_notes_02_November_2011.pdf","D:/NICE_history/CG179","D:/NICE_history/CG179/Pressure_ulcers_stakeholder_workshop_notes_02_November_2011.pdf",TRUE,"downloaded",
"CG179","Pressure ulcers: scoping workshop, consultation and final scope","Pressure ulcers: scope","13 January 2012","pdf","https://www.nice.org.uk/guidance/cg179/documents/pressure-ulcers-scope2","Pressure_ulcers_scope","13_January_2012","pdf","Pressure_ulcers_scope_13_January_2012.pdf","D:/NICE_history/CG179","D:/NICE_history/CG179/Pressure_ulcers_scope_13_January_2012.pdf",TRUE,"downloaded",
"CG179","Pressure ulcers: scoping workshop, consultation and final scope","Pressure ulcers: scope consultation table","13 January 2012","pdf","https://www.nice.org.uk/guidance/cg179/documents/pressure-ulcers-scope-consultation-table2","Pressure_ulcers_scope_consultation_table","13_January_2012","pdf","Pressure_ulcers_scope_consultation_table_13_January_2012.pdf","D:/NICE_history/CG179","D:/NICE_history/CG179/Pressure_ulcers_scope_consultation_table_13_January_2012.pdf",TRUE,"downloaded",
"CG179","Stakeholder list updated","Stakeholder list","30 November 2018","pdf","https://www.nice.org.uk/guidance/cg179/documents/stakeholder-list","Stakeholder_list","30_November_2018","pdf","Stakeholder_list_30_November_2018.pdf","D:/NICE_history/CG179","D:/NICE_history/CG179/Stakeholder_list_30_November_2018.pdf",TRUE,"downloaded",
"CG179","Surveillance consultation","Comments form","28 September 2018","docx","https://www.nice.org.uk/guidance/cg179/documents/comments-form","Comments_form","28_September_2018","docx","Comments_form_28_September_2018.docx","D:/NICE_history/CG179","D:/NICE_history/CG179/Comments_form_28_September_2018.docx",TRUE,"downloaded",
"CG179","Surveillance consultation","Surveillance review proposal","28 September 2018","pdf","https://www.nice.org.uk/guidance/cg179/documents/surveillance-review-proposal","Surveillance_review_proposal","28_September_2018","pdf","Surveillance_review_proposal_28_September_2018.pdf","D:/NICE_history/CG179","D:/NICE_history/CG179/Surveillance_review_proposal_28_September_2018.pdf",TRUE,"downloaded",
"NG2","Consultation comments table","Consultation comments table","25 February 2015","pdf","https://www.nice.org.uk/guidance/ng2/documents/bladder-cancer-consultation-comments-table2","Consultation_comments_table","25_February_2015","pdf","Consultation_comments_table_25_February_2015.pdf","D:/NICE_history/NG2","D:/NICE_history/NG2/Consultation_comments_table_25_February_2015.pdf",TRUE,"downloaded",
"NG2","Draft scope consultation","Stakeholder list","15 February 2013","pdf","https://www.nice.org.uk/guidance/ng2/documents/stakeholder-list","Stakeholder_list","15_February_2013","pdf","Stakeholder_list_15_February_2013.pdf","D:/NICE_history/NG2","D:/NICE_history/NG2/Stakeholder_list_15_February_2013.pdf",TRUE,"downloaded",
"NG2","Draft scope consultation","Draft scope","19 July 2012","pdf","https://www.nice.org.uk/guidance/ng2/documents/draft-scope","Draft_scope","19_July_2012","pdf","Draft_scope_19_July_2012.pdf","D:/NICE_history/NG2","D:/NICE_history/NG2/Draft_scope_19_July_2012.pdf",TRUE,"downloaded",
"NG2","Equality impact assessment","Equality impact assessment","25 February 2015","pdf","https://www.nice.org.uk/guidance/ng2/documents/bladder-cancer-equality-impact-assessment2","Equality_impact_assessment","25_February_2015","pdf","Equality_impact_assessment_25_February_2015.pdf","D:/NICE_history/NG2","D:/NICE_history/NG2/Equality_impact_assessment_25_February_2015.pdf",TRUE,"downloaded",
"NG2","Guideline development and consultation","Clinical Guideline Draft for Consultation","02 September 2014","pdf","https://www.nice.org.uk/guidance/ng2/documents/bladder-cancer-clinical-guideline-draft-for-consultation2","Clinical_Guideline_Draft_for_Consultation","02_September_2014","pdf","Clinical_Guideline_Draft_for_Consultation_02_September_2014.pdf","D:/NICE_history/NG2","D:/NICE_history/NG2/Clinical_Guideline_Draft_for_Consultation_02_September_2014.pdf",TRUE,"downloaded",
"NG2","Guideline development and consultation","Comments proforma","02 September 2014","docx","https://www.nice.org.uk/guidance/ng2/documents/bladder-cancer-comments-proforma2","Comments_proforma","02_September_2014","docx","Comments_proforma_02_September_2014.docx","D:/NICE_history/NG2","D:/NICE_history/NG2/Comments_proforma_02_September_2014.docx",TRUE,"downloaded",
"NG2","Guideline development and consultation","NICE Guideline draft for consultation","02 September 2014","pdf","https://www.nice.org.uk/guidance/ng2/documents/bladder-cancer-nice-guideline-draft-for-consultation2","NICE_Guideline_draft_for_consultation","02_September_2014","pdf","NICE_Guideline_draft_for_consultation_02_September_2014.pdf","D:/NICE_history/NG2","D:/NICE_history/NG2/NICE_Guideline_draft_for_consultation_02_September_2014.pdf",TRUE,"downloaded",
"NG2","Guideline development and consultation","Evidence review","03 September 2014","pdf","https://www.nice.org.uk/guidance/ng2/documents/bladder-cancer-evidence-review2","Evidence_review","03_September_2014","pdf","Evidence_review_03_September_2014.pdf","D:/NICE_history/NG2","D:/NICE_history/NG2/Evidence_review_03_September_2014.pdf",TRUE,"downloaded",
"NG2","Guideline development and consultation","Needs assessment","03 September 2014","pdf","https://www.nice.org.uk/guidance/ng2/documents/bladder-cancer-needs-assessment2","Needs_assessment","03_September_2014","pdf","Needs_assessment_03_September_2014.pdf","D:/NICE_history/NG2","D:/NICE_history/NG2/Needs_assessment_03_September_2014.pdf",TRUE,"downloaded",
"NG2","Guideline development and consultation","Health economic plan","04 August 2014","pdf","https://www.nice.org.uk/guidance/ng2/documents/bladder-cancer-health-economic-plan2","Health_economic_plan","04_August_2014","pdf","Health_economic_plan_04_August_2014.pdf","D:/NICE_history/NG2","D:/NICE_history/NG2/Health_economic_plan_04_August_2014.pdf",TRUE,"downloaded",
"NG2","Guideline development and consultation","Review questions","04 August 2014","pdf","https://www.nice.org.uk/guidance/ng2/documents/bladder-cancer-review-questions2","Review_questions","04_August_2014","pdf","Review_questions_04_August_2014.pdf","D:/NICE_history/NG2","D:/NICE_history/NG2/Review_questions_04_August_2014.pdf",TRUE,"downloaded",
"NG2","Guideline development and consultation","Search strategies","04 August 2014","pdf","https://www.nice.org.uk/guidance/ng2/documents/bladder-cancer-search-strategies2","Search_strategies","04_August_2014","pdf","Search_strategies_04_August_2014.pdf","D:/NICE_history/NG2","D:/NICE_history/NG2/Search_strategies_04_August_2014.pdf",TRUE,"downloaded",
"NG2","Guideline development and consultation","GDG 1 - 18 and 19 October 2012","04 March 2013","pdf","https://www.nice.org.uk/guidance/ng2/documents/bladder-cancer-gdg-1-18-and-19-october-20122","GDG_1_-_18_and_19_October_2012","04_March_2013","pdf","GDG_1_-_18_and_19_October_2012_04_March_2013.pdf","D:/NICE_history/NG2","D:/NICE_history/NG2/GDG_1_-_18_and_19_October_2012_04_March_2013.pdf",TRUE,"downloaded",
"NG2","Guideline development and consultation","GDG 2 - 6 December 2012","04 March 2013","pdf","https://www.nice.org.uk/guidance/ng2/documents/bladder-cancer-gdg-2-6-december-20122","GDG_2_-_6_December_2012","04_March_2013","pdf","GDG_2_-_6_December_2012_04_March_2013.pdf","D:/NICE_history/NG2","D:/NICE_history/NG2/GDG_2_-_6_December_2012_04_March_2013.pdf",TRUE,"downloaded",
"NG2","Guideline development and consultation","GDG 10 - 27 Feb 2014","05 June 2014","pdf","https://www.nice.org.uk/guidance/ng2/documents/bladder-cancer-gdg-10-27-feb-20142","GDG_10_-_27_Feb_2014","05_June_2014","pdf","GDG_10_-_27_Feb_2014_05_June_2014.pdf","D:/NICE_history/NG2","D:/NICE_history/NG2/GDG_10_-_27_Feb_2014_05_June_2014.pdf",TRUE,"downloaded",
"NG2","Guideline development and consultation","GDG 11- 4 April 2014","05 June 2014","pdf","https://www.nice.org.uk/guidance/ng2/documents/bladder-cancer-gdg-11-4-april-20142","GDG_11-_4_April_2014","05_June_2014","pdf","GDG_11-_4_April_2014_05_June_2014.pdf","D:/NICE_history/NG2","D:/NICE_history/NG2/GDG_11-_4_April_2014_05_June_2014.pdf",TRUE,"downloaded",
"NG2","Guideline development and consultation","GDG 6 - 18th July 2013","05 June 2014","pdf","https://www.nice.org.uk/guidance/ng2/documents/bladder-cancer-gdg-6-18th-july-20132","GDG_6_-_18th_July_2013","05_June_2014","pdf","GDG_6_-_18th_July_2013_05_June_2014.pdf","D:/NICE_history/NG2","D:/NICE_history/NG2/GDG_6_-_18th_July_2013_05_June_2014.pdf",TRUE,"downloaded",
"NG2","Guideline development and consultation","GDG 7 - 17 & 18 September 2013","05 June 2014","pdf","https://www.nice.org.uk/guidance/ng2/documents/bladder-cancer-gdg-7-17-18-september-20132","GDG_7_-_17_&_18_September_2013","05_June_2014","pdf","GDG_7_-_17_&_18_September_2013_05_June_2014.pdf","D:/NICE_history/NG2","D:/NICE_history/NG2/GDG_7_-_17_&_18_September_2013_05_June_2014.pdf",TRUE,"downloaded",
"NG2","Guideline development and consultation","GDG 8 - 4 November 2013","05 June 2014","pdf","https://www.nice.org.uk/guidance/ng2/documents/bladder-cancer-gdg-8-4-november-20132","GDG_8_-_4_November_2013","05_June_2014","pdf","GDG_8_-_4_November_2013_05_June_2014.pdf","D:/NICE_history/NG2","D:/NICE_history/NG2/GDG_8_-_4_November_2013_05_June_2014.pdf",TRUE,"downloaded",
"NG2","Guideline development and consultation","GDG 9 14-15 Jan 2014","05 June 2014","pdf","https://www.nice.org.uk/guidance/ng2/documents/bladder-cancer-gdg-9-1415-jan-20142","GDG_9_14-15_Jan_2014","05_June_2014","pdf","GDG_9_14-15_Jan_2014_05_June_2014.pdf","D:/NICE_history/NG2","D:/NICE_history/NG2/GDG_9_14-15_Jan_2014_05_June_2014.pdf",TRUE,"downloaded",
"NG2","Guideline development and consultation","GDG membership list","12 October 2012","pdf","https://www.nice.org.uk/guidance/ng2/documents/bladder-cancer-gdg-membership-list2","GDG_membership_list","12_October_2012","pdf","GDG_membership_list_12_October_2012.pdf","D:/NICE_history/NG2","D:/NICE_history/NG2/GDG_membership_list_12_October_2012.pdf",TRUE,"downloaded",
"NG2","Guideline development and consultation","GDG 7 - 8 May 2014","17 July 2014","pdf","https://www.nice.org.uk/guidance/ng2/documents/bladder-cancer-gdg-7-8-may-20142","GDG_7_-_8_May_2014","17_July_2014","pdf","GDG_7_-_8_May_2014_17_July_2014.pdf","D:/NICE_history/NG2","D:/NICE_history/NG2/GDG_7_-_8_May_2014_17_July_2014.pdf",TRUE,"downloaded",
"NG2","Guideline development and consultation","GDG 3 - 25 February 2013","19 July 2013","pdf","https://www.nice.org.uk/guidance/ng2/documents/bladder-cancer-gdg-3-25-february-20132","GDG_3_-_25_February_2013","19_July_2013","pdf","GDG_3_-_25_February_2013_19_July_2013.pdf","D:/NICE_history/NG2","D:/NICE_history/NG2/GDG_3_-_25_February_2013_19_July_2013.pdf",TRUE,"downloaded",
"NG2","Guideline development and consultation","GDG 4 - 23 April 2013","19 July 2013","pdf","https://www.nice.org.uk/guidance/ng2/documents/bladder-cancer-gdg-4--23-april-20132","GDG_4_-_23_April_2013","19_July_2013","pdf","GDG_4_-_23_April_2013_19_July_2013.pdf","D:/NICE_history/NG2","D:/NICE_history/NG2/GDG_4_-_23_April_2013_19_July_2013.pdf",TRUE,"downloaded",
"NG2","Guideline development and consultation","GDG 13 - 16-17 June 2014","23 February 2015","pdf","https://www.nice.org.uk/guidance/ng2/documents/bladder-cancer-gdg-13-1617-june-20142","GDG_13_-_16-17_June_2014","23_February_2015","pdf","GDG_13_-_16-17_June_2014_23_February_2015.pdf","D:/NICE_history/NG2","D:/NICE_history/NG2/GDG_13_-_16-17_June_2014_23_February_2015.pdf",TRUE,"downloaded",
"NG2","Guideline development and consultation","GDG 14 10-11 November 2014","23 February 2015","pdf","https://www.nice.org.uk/guidance/ng2/documents/bladder-cancer-gdg-14-1011-november-20142","GDG_14_10-11_November_2014","23_February_2015","pdf","GDG_14_10-11_November_2014_23_February_2015.pdf","D:/NICE_history/NG2","D:/NICE_history/NG2/GDG_14_10-11_November_2014_23_February_2015.pdf",TRUE,"downloaded",
"NG2","Guideline development and consultation","GDG 5 - 7 June 2013","30 August 2013","pdf","https://www.nice.org.uk/guidance/ng2/documents/bladder-cancer-gdg-5-7-june-20132","GDG_5_-_7_June_2013","30_August_2013","pdf","GDG_5_-_7_June_2013_30_August_2013.pdf","D:/NICE_history/NG2","D:/NICE_history/NG2/GDG_5_-_7_June_2013_30_August_2013.pdf",TRUE,"downloaded",
"NG2","List of registered stakeholders","List of registered stakeholders","15 February 2013","pdf","https://www.nice.org.uk/guidance/ng2/documents/bladder-cancer-list-of-registered-stakeholders2","List_of_registered_stakeholders","15_February_2013","pdf","List_of_registered_stakeholders_15_February_2013.pdf","D:/NICE_history/NG2","D:/NICE_history/NG2/List_of_registered_stakeholders_15_February_2013.pdf",TRUE,"downloaded",
"NG2","Scoping workshop and final scope","Final scope","12 October 2012","pdf","https://www.nice.org.uk/guidance/ng2/documents/bladder-cancer-final-scope2","Final_scope","12_October_2012","pdf","Final_scope_12_October_2012.pdf","D:/NICE_history/NG2","D:/NICE_history/NG2/Final_scope_12_October_2012.pdf",TRUE,"downloaded",
"NG2","Scoping workshop and final scope","Scope consultation table with responses","12 October 2012","pdf","https://www.nice.org.uk/guidance/ng2/documents/bladder-cancer-scope-consultation-table-with-responses2","Scope_consultation_table_with_responses","12_October_2012","pdf","Scope_consultation_table_with_responses_12_October_2012.pdf","D:/NICE_history/NG2","D:/NICE_history/NG2/Scope_consultation_table_with_responses_12_October_2012.pdf",TRUE,"downloaded",
"NG2","Scoping workshop and final scope","Scoping workshop summary notes","12 October 2012","pdf","https://www.nice.org.uk/guidance/ng2/documents/bladder-cancer-scoping-workshop-summary-notes2","Scoping_workshop_summary_notes","12_October_2012","pdf","Scoping_workshop_summary_notes_12_October_2012.pdf","D:/NICE_history/NG2","D:/NICE_history/NG2/Scoping_workshop_summary_notes_12_October_2012.pdf",TRUE,"downloaded",
"NG2","Scoping workshop and final scope","Equalities assessment form","17 October 2012","pdf","https://www.nice.org.uk/guidance/ng2/documents/bladder-cancer-equalities-assessment-form2","Equalities_assessment_form","17_October_2012","pdf","Equalities_assessment_form_17_October_2012.pdf","D:/NICE_history/NG2","D:/NICE_history/NG2/Equalities_assessment_form_17_October_2012.pdf",TRUE,"downloaded",
"NG2","Stakeholder list updated","Stakeholder list","05 April 2019","pdf","https://www.nice.org.uk/guidance/ng2/documents/stakeholder-list-2","Stakeholder_list","05_April_2019","pdf","Stakeholder_list_05_April_2019.pdf","D:/NICE_history/NG2","D:/NICE_history/NG2/Stakeholder_list_05_April_2019.pdf",TRUE,"downloaded",
"NG2","Surveillance consultation","Comments form","12 February 2019","docx","https://www.nice.org.uk/guidance/ng2/documents/comments-form","Comments_form","12_February_2019","docx","Comments_form_12_February_2019.docx","D:/NICE_history/NG2","D:/NICE_history/NG2/Comments_form_12_February_2019.docx",TRUE,"downloaded",
"NG2","Surveillance consultation","Surveillance review proposal","12 February 2019","pdf","https://www.nice.org.uk/guidance/ng2/documents/surveillance-review-proposal","Surveillance_review_proposal","12_February_2019","pdf","Surveillance_review_proposal_12_February_2019.pdf","D:/NICE_history/NG2","D:/NICE_history/NG2/Surveillance_review_proposal_12_February_2019.pdf",TRUE,"downloaded",
"NG10","Consultation comments","Consultation comments","29 May 2015","pdf","https://www.nice.org.uk/guidance/ng10/documents/violence-and-aggression-update-consultation-comments2","Consultation_comments","29_May_2015","pdf","Consultation_comments_29_May_2015.pdf","D:/NICE_history/NG10","D:/NICE_history/NG10/Consultation_comments_29_May_2015.pdf",TRUE,"downloaded",
"NG10","Equality impact assessment (development)","Equality impact assessment (development)","29 May 2015","pdf","https://www.nice.org.uk/guidance/ng10/documents/violence-and-aggression-update-equality-impact-assessment-development2","Equality_impact_assessment_(development)","29_May_2015","pdf","Equality_impact_assessment_(development)_29_May_2015.pdf","D:/NICE_history/NG10","D:/NICE_history/NG10/Equality_impact_assessment_(development)_29_May_2015.pdf",FALSE,"failed","Transferred a partial file [www.nice.org.uk]:
transfer closed with outstanding read data remaining"
"NG10","Guideline consultation","Stakeholder list","16 January 2015","pdf","https://www.nice.org.uk/guidance/ng10/documents/violence-and-aggression-update-stakeholder-list2","Stakeholder_list","16_January_2015","pdf","Stakeholder_list_16_January_2015.pdf","D:/NICE_history/NG10","D:/NICE_history/NG10/Stakeholder_list_16_January_2015.pdf",TRUE,"downloaded",
"NG10","Guideline consultation","Draft NICE guideline","19 November 2014","pdf","https://www.nice.org.uk/guidance/ng10/documents/violence-and-aggression-update-draft-nice-guideline2","Draft_NICE_guideline","19_November_2014","pdf","Draft_NICE_guideline_19_November_2014.pdf","D:/NICE_history/NG10","D:/NICE_history/NG10/Draft_NICE_guideline_19_November_2014.pdf",TRUE,"downloaded",
"NG10","Guideline consultation","Draft full guideline","19 November 2014","pdf","https://www.nice.org.uk/guidance/ng10/documents/violence-and-aggression-update-draft-full-guideline2","Draft_full_guideline","19_November_2014","pdf","Draft_full_guideline_19_November_2014.pdf","D:/NICE_history/NG10","D:/NICE_history/NG10/Draft_full_guideline_19_November_2014.pdf",TRUE,"downloaded",
"NG10","Guideline development and consultation","GDG 9 - 13 May 2014","01 September 2014","pdf","https://www.nice.org.uk/guidance/ng10/documents/violence-and-aggression-update-gdg-9-13-may-20142","GDG_9_-_13_May_2014","01_September_2014","pdf","GDG_9_-_13_May_2014_01_September_2014.pdf","D:/NICE_history/NG10","D:/NICE_history/NG10/GDG_9_-_13_May_2014_01_September_2014.pdf",TRUE,"downloaded",
"NG10","Guideline development and consultation","GDG members list","11 June 2013","pdf","https://www.nice.org.uk/guidance/ng10/documents/violence-and-aggression-update-gdg-members-list2","GDG_members_list","11_June_2013","pdf","GDG_members_list_11_June_2013.pdf","D:/NICE_history/NG10","D:/NICE_history/NG10/GDG_members_list_11_June_2013.pdf",TRUE,"downloaded",
"NG10","Guideline development and consultation","GDG 3 - 23 July 2013","13 August 2013","pdf","https://www.nice.org.uk/guidance/ng10/documents/violence-and-aggression-update-gdg-3-23-july-20132","GDG_3_-_23_July_2013","13_August_2013","pdf","GDG_3_-_23_July_2013_13_August_2013.pdf","D:/NICE_history/NG10","D:/NICE_history/NG10/GDG_3_-_23_July_2013_13_August_2013.pdf",TRUE,"downloaded",
"NG10","Guideline development and consultation","GDG 10-22 July 2014","22 October 2014","pdf","https://www.nice.org.uk/guidance/ng10/documents/violence-and-aggression-update-gdg-1022-july-20142","GDG_10-22_July_2014","22_October_2014","pdf","GDG_10-22_July_2014_22_October_2014.pdf","D:/NICE_history/NG10","D:/NICE_history/NG10/GDG_10-22_July_2014_22_October_2014.pdf",TRUE,"downloaded",
"NG10","Guideline development and consultation","GDG 11-23 July 2014","22 October 2014","pdf","https://www.nice.org.uk/guidance/ng10/documents/violence-and-aggression-update-gdg-1123-july-20142","GDG_11-23_July_2014","22_October_2014","pdf","GDG_11-23_July_2014_22_October_2014.pdf","D:/NICE_history/NG10","D:/NICE_history/NG10/GDG_11-23_July_2014_22_October_2014.pdf",TRUE,"downloaded",
"NG10","Guideline development and consultation","GDG 12-09 September 2014","28 January 2015","pdf","https://www.nice.org.uk/guidance/ng10/documents/violence-and-aggression-update-gdg-1209-september-20142","GDG_12-09_September_2014","28_January_2015","pdf","GDG_12-09_September_2014_28_January_2015.pdf","D:/NICE_history/NG10","D:/NICE_history/NG10/GDG_12-09_September_2014_28_January_2015.pdf",TRUE,"downloaded",
"NG10","Guideline development and consultation","GDG 13-20 January 2015","28 January 2015","pdf","https://www.nice.org.uk/guidance/ng10/documents/violence-and-aggression-update-gdg-1320-january-20152","GDG_13-20_January_2015","28_January_2015","pdf","GDG_13-20_January_2015_28_January_2015.pdf","D:/NICE_history/NG10","D:/NICE_history/NG10/GDG_13-20_January_2015_28_January_2015.pdf",TRUE,"downloaded",
"NG10","Guideline development and consultation","GDG 1 - 22 March 2013","30 July 2013","pdf","https://www.nice.org.uk/guidance/ng10/documents/violence-and-aggression-update-gdg-1-22-march-20132","GDG_1_-_22_March_2013","30_July_2013","pdf","GDG_1_-_22_March_2013_30_July_2013.pdf","D:/NICE_history/NG10","D:/NICE_history/NG10/GDG_1_-_22_March_2013_30_July_2013.pdf",TRUE,"downloaded",
"NG10","Guideline development and consultation","GDG 2 - 10 May 2013","30 July 2013","pdf","https://www.nice.org.uk/guidance/ng10/documents/violence-and-aggression-update-gdg-2-10-may-20132","GDG_2_-_10_May_2013","30_July_2013","pdf","GDG_2_-_10_May_2013_30_July_2013.pdf","D:/NICE_history/NG10","D:/NICE_history/NG10/GDG_2_-_10_May_2013_30_July_2013.pdf",TRUE,"downloaded",
"NG10","Guideline development and consultation","GDG 4 - 18 October 2013","30 May 2014","pdf","https://www.nice.org.uk/guidance/ng10/documents/violence-and-aggression-update-gdg-4-18-october-20132","GDG_4_-_18_October_2013","30_May_2014","pdf","GDG_4_-_18_October_2013_30_May_2014.pdf","D:/NICE_history/NG10","D:/NICE_history/NG10/GDG_4_-_18_October_2013_30_May_2014.pdf",TRUE,"downloaded",
"NG10","Guideline development and consultation","GDG 5 - 29 November 2013","30 May 2014","pdf","https://www.nice.org.uk/guidance/ng10/documents/violence-and-aggression-update-gdg-5-29-november-20132","GDG_5_-_29_November_2013","30_May_2014","pdf","GDG_5_-_29_November_2013_30_May_2014.pdf","D:/NICE_history/NG10","D:/NICE_history/NG10/GDG_5_-_29_November_2013_30_May_2014.pdf",TRUE,"downloaded",
"NG10","Guideline development and consultation","GDG 6 - 17 January 2014","30 May 2014","pdf","https://www.nice.org.uk/guidance/ng10/documents/violence-and-aggression-update-gdg-6-17-january-20142","GDG_6_-_17_January_2014","30_May_2014","pdf","GDG_6_-_17_January_2014_30_May_2014.pdf","D:/NICE_history/NG10","D:/NICE_history/NG10/GDG_6_-_17_January_2014_30_May_2014.pdf",TRUE,"downloaded",
"NG10","Guideline development and consultation","GDG 7 - 26 February 2014","30 May 2014","pdf","https://www.nice.org.uk/guidance/ng10/documents/violence-and-aggression-update-gdg-7-26-february-20142","GDG_7_-_26_February_2014","30_May_2014","pdf","GDG_7_-_26_February_2014_30_May_2014.pdf","D:/NICE_history/NG10","D:/NICE_history/NG10/GDG_7_-_26_February_2014_30_May_2014.pdf",TRUE,"downloaded",
"NG10","Guideline development and consultation","GDG 8 - 08 April 2014","30 May 2014","pdf","https://www.nice.org.uk/guidance/ng10/documents/violence-and-aggression-update-gdg-8-08-april-20142","GDG_8_-_08_April_2014","30_May_2014","pdf","GDG_8_-_08_April_2014_30_May_2014.pdf","D:/NICE_history/NG10","D:/NICE_history/NG10/GDG_8_-_08_April_2014_30_May_2014.pdf",TRUE,"downloaded",
"NG10","Health economic plan","Health economic plan","06 October 2014","pdf","https://www.nice.org.uk/guidance/ng10/documents/violence-and-aggression-update-health-economic-plan2","Health_economic_plan","06_October_2014","pdf","Health_economic_plan_06_October_2014.pdf","D:/NICE_history/NG10","D:/NICE_history/NG10/Health_economic_plan_06_October_2014.pdf",TRUE,"downloaded",
"NG10","Review questions","Review questions","06 October 2014","pdf","https://www.nice.org.uk/guidance/ng10/documents/violence-and-aggression-update-review-questions2","Review_questions","06_October_2014","pdf","Review_questions_06_October_2014.pdf","D:/NICE_history/NG10","D:/NICE_history/NG10/Review_questions_06_October_2014.pdf",TRUE,"downloaded",
"NG10","Scoping workshop, consultation and final scope","Equality impact assessment (scoping)","06 October 2014","pdf","https://www.nice.org.uk/guidance/ng10/documents/violence-and-aggression-update-equality-impact-assessment-scoping2","Equality_impact_assessment_(scoping)","06_October_2014","pdf","Equality_impact_assessment_(scoping)_06_October_2014.pdf","D:/NICE_history/NG10","D:/NICE_history/NG10/Equality_impact_assessment_(scoping)_06_October_2014.pdf",TRUE,"downloaded",
"NG10","Scoping workshop, consultation and final scope","Final scope","12 February 2014","pdf","https://www.nice.org.uk/guidance/ng10/documents/violence-and-aggression-update-final-scope2","Final_scope","12_February_2014","pdf","Final_scope_12_February_2014.pdf","D:/NICE_history/NG10","D:/NICE_history/NG10/Final_scope_12_February_2014.pdf",TRUE,"downloaded",
"NG10","Scoping workshop, consultation and final scope","Draft scope","14 December 2012","pdf","https://www.nice.org.uk/guidance/ng10/documents/violence-and-aggression-update-draft-scope2","Draft_scope","14_December_2012","pdf","Draft_scope_14_December_2012.pdf","D:/NICE_history/NG10","D:/NICE_history/NG10/Draft_scope_14_December_2012.pdf",FALSE,"failed","Transferred a partial file [www.nice.org.uk]:
transfer closed with outstanding read data remaining"
"NG10","Scoping workshop, consultation and final scope","Scoping workshop notes","14 December 2012","pdf","https://www.nice.org.uk/guidance/ng10/documents/violence-and-aggression-update-scoping-workshop-notes-2","Scoping_workshop_notes","14_December_2012","pdf","Scoping_workshop_notes_14_December_2012.pdf","D:/NICE_history/NG10","D:/NICE_history/NG10/Scoping_workshop_notes_14_December_2012.pdf",TRUE,"downloaded",
"NG10","Scoping workshop, consultation and final scope","Scope consultation comments and responses table","22 April 2013","pdf","https://www.nice.org.uk/guidance/ng10/documents/violence-and-aggression-update-scope-consultation-comments-and-responses-table2","Scope_consultation_comments_and_responses_table","22_April_2013","pdf","Scope_consultation_comments_and_responses_table_22_April_2013.pdf","D:/NICE_history/NG10","D:/NICE_history/NG10/Scope_consultation_comments_and_responses_table_22_April_2013.pdf",TRUE,"downloaded",
"NG10","Search strategies - clinical","Search strategies - clinical","06 October 2014","pdf","https://www.nice.org.uk/guidance/ng10/documents/violence-and-aggression-update-search-strategies-clinical2","Search_strategies_-_clinical","06_October_2014","pdf","Search_strategies_-_clinical_06_October_2014.pdf","D:/NICE_history/NG10","D:/NICE_history/NG10/Search_strategies_-_clinical_06_October_2014.pdf",TRUE,"downloaded",
"NG10","Search strategies - health economic","Search strategies - health economic","06 October 2014","pdf","https://www.nice.org.uk/guidance/ng10/documents/violence-and-aggression-update-search-strategies-health-economic2","Search_strategies_-_health_economic","06_October_2014","pdf","Search_strategies_-_health_economic_06_October_2014.pdf","D:/NICE_history/NG10","D:/NICE_history/NG10/Search_strategies_-_health_economic_06_October_2014.pdf",TRUE,"downloaded",
"NG10","Stakeholder list updated","Stakeholder list","18 December 2019","pdf","https://www.nice.org.uk/guidance/ng10/documents/stakeholder-list","Stakeholder_list","18_December_2019","pdf","Stakeholder_list_18_December_2019.pdf","D:/NICE_history/NG10","D:/NICE_history/NG10/Stakeholder_list_18_December_2019.pdf",TRUE,"downloaded",
"NG10","Surveillance consultation","Comments form","19 September 2019","docx","https://www.nice.org.uk/guidance/ng10/documents/comments-form","Comments_form","19_September_2019","docx","Comments_form_19_September_2019.docx","D:/NICE_history/NG10","D:/NICE_history/NG10/Comments_form_19_September_2019.docx",TRUE,"downloaded",
"NG10","Surveillance consultation","Surveillance review proposal","19 September 2019","pdf","https://www.nice.org.uk/guidance/ng10/documents/surveillance-review-proposal","Surveillance_review_proposal","19_September_2019","pdf","Surveillance_review_proposal_19_September_2019.pdf","D:/NICE_history/NG10","D:/NICE_history/NG10/Surveillance_review_proposal_19_September_2019.pdf",TRUE,"downloaded",
"NG19","Committee meetings","Minutes 19 - Diabetic foot","21 November 2022","pdf","https://www.nice.org.uk/guidance/ng19/update/ng19-update-2/documents/minutes-3","Minutes_19_-_Diabetic_foot","21_November_2022","pdf","Minutes_19_-_Diabetic_foot_21_November_2022.pdf","D:/NICE_history/NG19","D:/NICE_history/NG19/Minutes_19_-_Diabetic_foot_21_November_2022.pdf",TRUE,"downloaded",
"NG19","Committee meetings","Minutes 16 - Diabetic foot","25 July 2022","pdf","https://www.nice.org.uk/guidance/ng19/update/ng19-update-2/documents/minutes-2","Minutes_16_-_Diabetic_foot","25_July_2022","pdf","Minutes_16_-_Diabetic_foot_25_July_2022.pdf","D:/NICE_history/NG19","D:/NICE_history/NG19/Minutes_16_-_Diabetic_foot_25_July_2022.pdf",TRUE,"downloaded",
"NG19","Declaration of interests","Register of interests","17 January 2023","pdf","https://www.nice.org.uk/guidance/ng19/update/ng19-update-2/documents/register-of-interests","Register_of_interests","17_January_2023","pdf","Register_of_interests_17_January_2023.pdf","D:/NICE_history/NG19","D:/NICE_history/NG19/Register_of_interests_17_January_2023.pdf",TRUE,"downloaded",
"NG19","Draft guidance consultation","Comments form","29 September 2022","docx","https://www.nice.org.uk/guidance/ng19/update/ng19-update-2/documents/comments-form","Comments_form","29_September_2022","docx","Comments_form_29_September_2022.docx","D:/NICE_history/NG19","D:/NICE_history/NG19/Comments_form_29_September_2022.docx",TRUE,"downloaded",
"NG19","Draft guidance consultation","Draft guideline","29 September 2022","pdf","https://www.nice.org.uk/guidance/ng19/update/ng19-update-2/documents/draft-guideline","Draft_guideline","29_September_2022","pdf","Draft_guideline_29_September_2022.pdf","D:/NICE_history/NG19","D:/NICE_history/NG19/Draft_guideline_29_September_2022.pdf",TRUE,"downloaded",
"NG19","Draft guidance consultation","Evidence review","29 September 2022","pdf","https://www.nice.org.uk/guidance/ng19/update/ng19-update-2/documents/evidence-review","Evidence_review","29_September_2022","pdf","Evidence_review_29_September_2022.pdf","D:/NICE_history/NG19","D:/NICE_history/NG19/Evidence_review_29_September_2022.pdf",TRUE,"downloaded",
"NG19","Guidance published","Committee member list","18 January 2023","pdf","https://www.nice.org.uk/guidance/ng19/update/ng19-update-2/documents/committee-member-list","Committee_member_list","18_January_2023","pdf","Committee_member_list_18_January_2023.pdf","D:/NICE_history/NG19","D:/NICE_history/NG19/Committee_member_list_18_January_2023.pdf",TRUE,"downloaded",
"NG19","Guidance published","Consultation comments and responses","18 January 2023","pdf","https://www.nice.org.uk/guidance/ng19/update/ng19-update-2/documents/consultation-comments-and-responses","Consultation_comments_and_responses","18_January_2023","pdf","Consultation_comments_and_responses_18_January_2023.pdf","D:/NICE_history/NG19","D:/NICE_history/NG19/Consultation_comments_and_responses_18_January_2023.pdf",TRUE,"downloaded",
"NG19","Guidance published","Equality impact assessment - final","18 January 2023","pdf","https://www.nice.org.uk/guidance/ng19/update/ng19-update-2/documents/equality-impact-assessment","Equality_impact_assessment_-_final","18_January_2023","pdf","Equality_impact_assessment_-_final_18_January_2023.pdf","D:/NICE_history/NG19","D:/NICE_history/NG19/Equality_impact_assessment_-_final_18_January_2023.pdf",TRUE,"downloaded",
"NG19","Original development on 26 August 2015","GDG 4 minutes","02 April 2014","pdf","https://www.nice.org.uk/guidance/ng19/update/NG19/documents/diabetic-foot-problems-gdg-4-minutes2","GDG_4_minutes","02_April_2014","pdf","GDG_4_minutes_02_April_2014.pdf","D:/NICE_history/NG19","D:/NICE_history/NG19/GDG_4_minutes_02_April_2014.pdf",TRUE,"downloaded",
"NG19","Original development on 26 August 2015","Stakeholder list","02 July 2019","pdf","https://www.nice.org.uk/guidance/ng19/update/NG19/documents/stakeholder-list","Stakeholder_list","02_July_2019","pdf","Stakeholder_list_02_July_2019.pdf","D:/NICE_history/NG19","D:/NICE_history/NG19/Stakeholder_list_02_July_2019.pdf",TRUE,"downloaded",
"NG19","Original development on 26 August 2015","GDG 7 minutes","06 August 2014","pdf","https://www.nice.org.uk/guidance/ng19/update/NG19/documents/diabetic-foot-problems-gdg-7-minutes2","GDG_7_minutes","06_August_2014","pdf","GDG_7_minutes_06_August_2014.pdf","D:/NICE_history/NG19","D:/NICE_history/NG19/GDG_7_minutes_06_August_2014.pdf",TRUE,"downloaded",
"NG19","Original development on 26 August 2015","Guideline Development Group members (GDG)","07 January 2014","pdf","https://www.nice.org.uk/guidance/ng19/update/NG19/documents/diabetic-foot-problems-guideline-development-group-members-gdg2","Guideline_Development_Group_members_(GDG)","07_January_2014","pdf","Guideline_Development_Group_members_(GDG)_07_January_2014.pdf","D:/NICE_history/NG19","D:/NICE_history/NG19/Guideline_Development_Group_members_(GDG)_07_January_2014.pdf",TRUE,"downloaded",
"NG19","Original development on 26 August 2015","Appendices A-F","07 January 2015","pdf","https://www.nice.org.uk/guidance/ng19/update/NG19/documents/diabetic-foot-problems-appendices-af2","Appendices_A-F","07_January_2015","pdf","Appendices_A-F_07_January_2015.pdf","D:/NICE_history/NG19","D:/NICE_history/NG19/Appendices_A-F_07_January_2015.pdf",TRUE,"downloaded",
"NG19","Original development on 26 August 2015","Appendices H-K","07 January 2015","pdf","https://www.nice.org.uk/guidance/ng19/update/NG19/documents/diabetic-foot-problems-appendices-hk2","Appendices_H-K","07_January_2015","pdf","Appendices_H-K_07_January_2015.pdf","D:/NICE_history/NG19","D:/NICE_history/NG19/Appendices_H-K_07_January_2015.pdf",FALSE,"failed","Transferred a partial file [www.nice.org.uk]:
transfer closed with outstanding read data remaining"
"NG19","Original development on 26 August 2015","Appendix G","07 January 2015","pdf","https://www.nice.org.uk/guidance/ng19/update/NG19/documents/diabetic-foot-problems-appendix-g2","Appendix_G","07_January_2015","pdf","Appendix_G_07_January_2015.pdf","D:/NICE_history/NG19","D:/NICE_history/NG19/Appendix_G_07_January_2015.pdf",TRUE,"downloaded",
"NG19","Original development on 26 August 2015","Draft NICE guideline","07 January 2015","pdf","https://www.nice.org.uk/guidance/ng19/update/NG19/documents/diabetic-foot-problems-draft-nice-guideline2","Draft_NICE_guideline","07_January_2015","pdf","Draft_NICE_guideline_07_January_2015.pdf","D:/NICE_history/NG19","D:/NICE_history/NG19/Draft_NICE_guideline_07_January_2015.pdf",TRUE,"downloaded",
"NG19","Original development on 26 August 2015","Draft guideline","07 January 2015","pdf","https://www.nice.org.uk/guidance/ng19/update/NG19/documents/diabetic-foot-problems-draft-guideline2","Draft_guideline","07_January_2015","pdf","Draft_guideline_07_January_2015.pdf","D:/NICE_history/NG19","D:/NICE_history/NG19/Draft_guideline_07_January_2015.pdf",TRUE,"downloaded",
"NG19","Original development on 26 August 2015","Health economic plan","08 December 2014","pdf","https://www.nice.org.uk/guidance/ng19/update/NG19/documents/diabetic-foot-problems-health-economic-plan3","Health_economic_plan","08_December_2014","pdf","Health_economic_plan_08_December_2014.pdf","D:/NICE_history/NG19","D:/NICE_history/NG19/Health_economic_plan_08_December_2014.pdf",TRUE,"downloaded",
"NG19","Original development on 26 August 2015","Review questions","08 December 2014","pdf","https://www.nice.org.uk/guidance/ng19/update/NG19/documents/diabetic-foot-problems-review-questions2","Review_questions","08_December_2014","pdf","Review_questions_08_December_2014.pdf","D:/NICE_history/NG19","D:/NICE_history/NG19/Review_questions_08_December_2014.pdf",TRUE,"downloaded",
"NG19","Original development on 26 August 2015","Search strategies","08 December 2014","pdf","https://www.nice.org.uk/guidance/ng19/update/NG19/documents/diabetic-foot-problems-search-strategies2","Search_strategies","08_December_2014","pdf","Search_strategies_08_December_2014.pdf","D:/NICE_history/NG19","D:/NICE_history/NG19/Search_strategies_08_December_2014.pdf",TRUE,"downloaded",
"NG19","Original development on 26 August 2015","GDG 3 minutes","09 December 2013","pdf","https://www.nice.org.uk/guidance/ng19/update/NG19/documents/diabetic-foot-problems-gdg-3-minutes2","GDG_3_minutes","09_December_2013","pdf","GDG_3_minutes_09_December_2013.pdf","D:/NICE_history/NG19","D:/NICE_history/NG19/GDG_3_minutes_09_December_2013.pdf",TRUE,"downloaded",
"NG19","Original development on 26 August 2015","List of registered stakeholders","09 June 2015","pdf","https://www.nice.org.uk/guidance/ng19/update/NG19/documents/diabetic-foot-problems-list-of-registered-stakeholders2","List_of_registered_stakeholders","09_June_2015","pdf","List_of_registered_stakeholders_09_June_2015.pdf","D:/NICE_history/NG19","D:/NICE_history/NG19/List_of_registered_stakeholders_09_June_2015.pdf",TRUE,"downloaded",
"NG19","Original development on 26 August 2015","GDG 1 minutes","09 September 2013","pdf","https://www.nice.org.uk/guidance/ng19/update/NG19/documents/diabetic-foot-problems-gdg-1-minutes2","GDG_1_minutes","09_September_2013","pdf","GDG_1_minutes_09_September_2013.pdf","D:/NICE_history/NG19","D:/NICE_history/NG19/GDG_1_minutes_09_September_2013.pdf",TRUE,"downloaded",
"NG19","Original development on 26 August 2015","Equality impact assessment - scoping","12 August 2013","pdf","https://www.nice.org.uk/guidance/ng19/update/NG19/documents/diabetic-foot-problems-equality-impact-assessment-scoping2","Equality_impact_assessment_-_scoping","12_August_2013","pdf","Equality_impact_assessment_-_scoping_12_August_2013.pdf","D:/NICE_history/NG19","D:/NICE_history/NG19/Equality_impact_assessment_-_scoping_12_August_2013.pdf",TRUE,"downloaded",
"NG19","Original development on 26 August 2015","GDG 2 minutes","12 November 2013","pdf","https://www.nice.org.uk/guidance/ng19/update/NG19/documents/diabetic-foot-problems-gdg-2-minutes2","GDG_2_minutes","12_November_2013","pdf","GDG_2_minutes_12_November_2013.pdf","D:/NICE_history/NG19","D:/NICE_history/NG19/GDG_2_minutes_12_November_2013.pdf",TRUE,"downloaded",
"NG19","Original development on 26 August 2015","Diabetic footcare (update): draft scope","17 April 2013","pdf","https://www.nice.org.uk/guidance/ng19/update/NG19/documents/diabetic-footcare-update-draft-scope2","Diabetic_footcare_(update)_draft_scope","17_April_2013","pdf","Diabetic_footcare_(update)_draft_scope_17_April_2013.pdf","D:/NICE_history/NG19","D:/NICE_history/NG19/Diabetic_footcare_(update)_draft_scope_17_April_2013.pdf",TRUE,"downloaded",
"NG19","Original development on 26 August 2015","GDG 8 minutes","17 September 2014","pdf","https://www.nice.org.uk/guidance/ng19/update/NG19/documents/diabetic-foot-problems-gdg-8-minutes2","GDG_8_minutes","17_September_2014","pdf","GDG_8_minutes_17_September_2014.pdf","D:/NICE_history/NG19","D:/NICE_history/NG19/GDG_8_minutes_17_September_2014.pdf",TRUE,"downloaded",
"NG19","Original development on 26 August 2015","Minutes 2 (2019 update)","18 June 2019","pdf","https://www.nice.org.uk/guidance/ng19/update/NG19/documents/minutes-2","Minutes_2_(2019_update)","18_June_2019","pdf","Minutes_2_(2019_update)_18_June_2019.pdf","D:/NICE_history/NG19","D:/NICE_history/NG19/Minutes_2_(2019_update)_18_June_2019.pdf",TRUE,"downloaded",
"NG19","Original development on 26 August 2015","Equality impact assessment (recommendations)","22 July 2015","pdf","https://www.nice.org.uk/guidance/ng19/update/NG19/documents/diabetic-foot-problems-equality-impact-assessment-recommendations-2","Equality_impact_assessment_(recommendations)","22_July_2015","pdf","Equality_impact_assessment_(recommendations)_22_July_2015.pdf","D:/NICE_history/NG19","D:/NICE_history/NG19/Equality_impact_assessment_(recommendations)_22_July_2015.pdf",TRUE,"downloaded",
"NG19","Original development on 26 August 2015","GDG 6 minutes","24 June 2014","pdf","https://www.nice.org.uk/guidance/ng19/update/NG19/documents/diabetic-foot-problems-gdg-6-minutes2","GDG_6_minutes","24_June_2014","pdf","GDG_6_minutes_24_June_2014.pdf","D:/NICE_history/NG19","D:/NICE_history/NG19/GDG_6_minutes_24_June_2014.pdf",TRUE,"downloaded",
"NG19","Original development on 26 August 2015","Comments form","25 April 2019","docx","https://www.nice.org.uk/guidance/ng19/update/NG19/documents/comments-form","Comments_form","25_April_2019","docx","Comments_form_25_April_2019.docx","D:/NICE_history/NG19","D:/NICE_history/NG19/Comments_form_25_April_2019.docx",TRUE,"downloaded",
"NG19","Original development on 26 August 2015","Surveillance review proposal","25 April 2019","pdf","https://www.nice.org.uk/guidance/ng19/update/NG19/documents/surveillance-review-proposal","Surveillance_review_proposal","25_April_2019","pdf","Surveillance_review_proposal_25_April_2019.pdf","D:/NICE_history/NG19","D:/NICE_history/NG19/Surveillance_review_proposal_25_April_2019.pdf",TRUE,"downloaded",
"NG19","Original development on 26 August 2015","Equality impact assessment","26 August 2015","pdf","https://www.nice.org.uk/guidance/ng19/update/NG19/documents/diabetic-foot-problems-equality-impact-assessment2","Equality_impact_assessment","26_August_2015","pdf","Equality_impact_assessment_26_August_2015.pdf","D:/NICE_history/NG19","D:/NICE_history/NG19/Equality_impact_assessment_26_August_2015.pdf",TRUE,"downloaded",
"NG19","Original development on 26 August 2015","Final committee member list","26 August 2015","pdf","https://www.nice.org.uk/guidance/ng19/update/NG19/documents/diabetic-foot-problems-final-committee-member-list2","Final_committee_member_list","26_August_2015","pdf","Final_committee_member_list_26_August_2015.pdf","D:/NICE_history/NG19","D:/NICE_history/NG19/Final_committee_member_list_26_August_2015.pdf",TRUE,"downloaded",
"NG19","Original development on 26 August 2015","Stakeholder comments table","26 August 2015","pdf","https://www.nice.org.uk/guidance/ng19/update/NG19/documents/diabetic-foot-problems-stakeholder-comments-table2","Stakeholder_comments_table","26_August_2015","pdf","Stakeholder_comments_table_26_August_2015.pdf","D:/NICE_history/NG19","D:/NICE_history/NG19/Stakeholder_comments_table_26_August_2015.pdf",TRUE,"downloaded",
"NG19","Original development on 26 August 2015","GDG 5 minutes","27 May 2014","pdf","https://www.nice.org.uk/guidance/ng19/update/NG19/documents/diabetic-foot-problems-gdg-5-minutes2","GDG_5_minutes","27_May_2014","pdf","GDG_5_minutes_27_May_2014.pdf","D:/NICE_history/NG19","D:/NICE_history/NG19/GDG_5_minutes_27_May_2014.pdf",TRUE,"downloaded",
"NG19","Original development on 26 August 2015","GDG 9 minutes","30 October 2014","pdf","https://www.nice.org.uk/guidance/ng19/update/NG19/documents/diabetic-foot-problems-gdg-9-minutes2","GDG_9_minutes","30_October_2014","pdf","GDG_9_minutes_30_October_2014.pdf","D:/NICE_history/NG19","D:/NICE_history/NG19/GDG_9_minutes_30_October_2014.pdf",TRUE,"downloaded",
"NG19","Original development on 26 August 2015","Minutes 1 (2019 update)","31 January 2019","pdf","https://www.nice.org.uk/guidance/ng19/update/NG19/documents/minutes","Minutes_1_(2019_update)","31_January_2019","pdf","Minutes_1_(2019_update)_31_January_2019.pdf","D:/NICE_history/NG19","D:/NICE_history/NG19/Minutes_1_(2019_update)_31_January_2019.pdf",TRUE,"downloaded",
"NG19","Original development on 26 August 2015","Final scope","31 July 2013","pdf","https://www.nice.org.uk/guidance/ng19/update/NG19/documents/diabetic-foot-problems-final-scope2","Final_scope","31_July_2013","pdf","Final_scope_31_July_2013.pdf","D:/NICE_history/NG19","D:/NICE_history/NG19/Final_scope_31_July_2013.pdf",FALSE,"failed","Transferred a partial file [www.nice.org.uk]:
transfer closed with outstanding read data remaining"
"NG19","Original development on 26 August 2015","Stakeholder comments table","31 July 2013","pdf","https://www.nice.org.uk/guidance/ng19/update/NG19/documents/diabetic-foot-problems-stakeholder-comments-table4","Stakeholder_comments_table","31_July_2013","pdf","Stakeholder_comments_table_31_July_2013.pdf","D:/NICE_history/NG19","D:/NICE_history/NG19/Stakeholder_comments_table_31_July_2013.pdf",TRUE,"downloaded",
"NG19","Scope published","Final scope","12 May 2022","pdf","https://www.nice.org.uk/guidance/ng19/update/ng19-update-2/documents/final-scope","Final_scope","12_May_2022","pdf","Final_scope_12_May_2022.pdf","D:/NICE_history/NG19","D:/NICE_history/NG19/Final_scope_12_May_2022.pdf",TRUE,"downloaded",
"NG19","Stakeholder list updated","Stakeholder list","17 January 2023","pdf","https://www.nice.org.uk/guidance/ng19/update/ng19-update-2/documents/stakeholder-list-2","Stakeholder_list","17_January_2023","pdf","Stakeholder_list_17_January_2023.pdf","D:/NICE_history/NG19","D:/NICE_history/NG19/Stakeholder_list_17_January_2023.pdf",TRUE,"downloaded",
"NG19","Update on 11 October 2019","Stakeholder list","02 July 2019","pdf","https://www.nice.org.uk/guidance/ng19/update/ng19-update-1/documents/stakeholder-list-2","Stakeholder_list","02_July_2019","pdf","Stakeholder_list_02_July_2019_2.pdf","D:/NICE_history/NG19","D:/NICE_history/NG19/Stakeholder_list_02_July_2019_2.pdf",TRUE,"downloaded",
"NG19","Update on 11 October 2019","Stakeholder list","10 October 2019","pdf","https://www.nice.org.uk/guidance/ng19/update/ng19-update-1/documents/stakeholder-list-3","Stakeholder_list","10_October_2019","pdf","Stakeholder_list_10_October_2019.pdf","D:/NICE_history/NG19","D:/NICE_history/NG19/Stakeholder_list_10_October_2019.pdf",TRUE,"downloaded",
"NG19","Update on 11 October 2019","Consultation comments and responses","11 October 2019","pdf","https://www.nice.org.uk/guidance/ng19/update/ng19-update-1/documents/consultation-comments-and-responses-2","Consultation_comments_and_responses","11_October_2019","pdf","Consultation_comments_and_responses_11_October_2019.pdf","D:/NICE_history/NG19","D:/NICE_history/NG19/Consultation_comments_and_responses_11_October_2019.pdf",TRUE,"downloaded",
"NG19","Update on 11 October 2019","Equality impact assessment","11 October 2019","pdf","https://www.nice.org.uk/guidance/ng19/update/ng19-update-1/documents/equality-impact-assessment-2","Equality_impact_assessment","11_October_2019","pdf","Equality_impact_assessment_11_October_2019.pdf","D:/NICE_history/NG19","D:/NICE_history/NG19/Equality_impact_assessment_11_October_2019.pdf",TRUE,"downloaded",
"NG19","Update on 11 October 2019","Register of interests","11 October 2019","pdf","https://www.nice.org.uk/guidance/ng19/update/ng19-update-1/documents/register-of-interests","Register_of_interests","11_October_2019","pdf","Register_of_interests_11_October_2019.pdf","D:/NICE_history/NG19","D:/NICE_history/NG19/Register_of_interests_11_October_2019.pdf",TRUE,"downloaded",
"NG19","Update on 11 October 2019","Draft guideline","16 April 2019","pdf","https://www.nice.org.uk/guidance/ng19/update/ng19-update-1/documents/draft-guideline","Draft_guideline","16_April_2019","pdf","Draft_guideline_16_April_2019.pdf","D:/NICE_history/NG19","D:/NICE_history/NG19/Draft_guideline_16_April_2019.pdf",TRUE,"downloaded",
"NG19","Update on 11 October 2019","Equality impact assessment","16 April 2019","pdf","https://www.nice.org.uk/guidance/ng19/update/ng19-update-1/documents/equality-impact-assessment","Equality_impact_assessment","16_April_2019","pdf","Equality_impact_assessment_16_April_2019.pdf","D:/NICE_history/NG19","D:/NICE_history/NG19/Equality_impact_assessment_16_April_2019.pdf",TRUE,"downloaded",
"NG19","Update on 11 October 2019","Evidence review","16 April 2019","pdf","https://www.nice.org.uk/guidance/ng19/update/ng19-update-1/documents/evidence-review","Evidence_review","16_April_2019","pdf","Evidence_review_16_April_2019.pdf","D:/NICE_history/NG19","D:/NICE_history/NG19/Evidence_review_16_April_2019.pdf",TRUE,"downloaded",
"NG19","Update on 11 October 2019","Summary paper Visual summary","16 April 2019","pdf","https://www.nice.org.uk/guidance/ng19/update/ng19-update-1/documents/summary-paper","Summary_paper_Visual_summary","16_April_2019","pdf","Summary_paper_Visual_summary_16_April_2019.pdf","D:/NICE_history/NG19","D:/NICE_history/NG19/Summary_paper_Visual_summary_16_April_2019.pdf",TRUE,"downloaded",
"NG19","Update on 11 October 2019","Committee member list","20 July 2021","pdf","https://www.nice.org.uk/guidance/ng19/update/ng19-update-1/documents/committee-member-list-2","Committee_member_list","20_July_2021","pdf","Committee_member_list_20_July_2021.pdf","D:/NICE_history/NG19","D:/NICE_history/NG19/Committee_member_list_20_July_2021.pdf",TRUE,"downloaded",
"NG19","Update on 11 October 2019","Minutes","20 March 2019","pdf","https://www.nice.org.uk/guidance/ng19/update/ng19-update-1/documents/minutes","Minutes","20_March_2019","pdf","Minutes_20_March_2019.pdf","D:/NICE_history/NG19","D:/NICE_history/NG19/Minutes_20_March_2019.pdf",TRUE,"downloaded",
"NG19","Update on 11 October 2019","Final scope","21 March 2019","pdf","https://www.nice.org.uk/guidance/ng19/update/ng19-update-1/documents/final-scope","Final_scope","21_March_2019","pdf","Final_scope_21_March_2019.pdf","D:/NICE_history/NG19","D:/NICE_history/NG19/Final_scope_21_March_2019.pdf",TRUE,"downloaded",
"NG19","Update on 11 October 2019","Comments form","23 April 2019","docx","https://www.nice.org.uk/guidance/ng19/update/ng19-update-1/documents/comments-form-2","Comments_form","23_April_2019","docx","Comments_form_23_April_2019.docx","D:/NICE_history/NG19","D:/NICE_history/NG19/Comments_form_23_April_2019.docx",TRUE,"downloaded",
"NG50","Committee list updated","Committee member list","01 February 2023","pdf","https://www.nice.org.uk/guidance/ng50/update/ng50-update-1/documents/committee-member-list","Committee_member_list","01_February_2023","pdf","Committee_member_list_01_February_2023.pdf","D:/NICE_history/NG50","D:/NICE_history/NG50/Committee_member_list_01_February_2023.pdf",TRUE,"downloaded",
"NG50","Committee meetings","Minutes","10 February 2023","pdf","https://www.nice.org.uk/guidance/ng50/update/ng50-update-1/documents/minutes","Minutes","10_February_2023","pdf","Minutes_10_February_2023.pdf","D:/NICE_history/NG50","D:/NICE_history/NG50/Minutes_10_February_2023.pdf",TRUE,"downloaded",
"NG50","Committee meetings","Minutes","20 March 2023","pdf","https://www.nice.org.uk/guidance/ng50/update/ng50-update-1/documents/minutes-2","Minutes","20_March_2023","pdf","Minutes_20_March_2023.pdf","D:/NICE_history/NG50","D:/NICE_history/NG50/Minutes_20_March_2023.pdf",TRUE,"downloaded",
"NG50","Committee meetings","Minutes","24 August 2023","pdf","https://www.nice.org.uk/guidance/ng50/update/ng50-update-1/documents/minutes-3","Minutes","24_August_2023","pdf","Minutes_24_August_2023.pdf","D:/NICE_history/NG50","D:/NICE_history/NG50/Minutes_24_August_2023.pdf",TRUE,"downloaded",
"NG50","Declaration of interests","Register of interests","24 August 2023","pdf","https://www.nice.org.uk/guidance/ng50/update/ng50-update-1/documents/register-of-interests","Register_of_interests","24_August_2023","pdf","Register_of_interests_24_August_2023.pdf","D:/NICE_history/NG50","D:/NICE_history/NG50/Register_of_interests_24_August_2023.pdf",TRUE,"downloaded",
"NG50","Draft guidance consultation","Comments form","16 May 2023","docx","https://www.nice.org.uk/guidance/ng50/update/ng50-update-1/documents/comments-form-2","Comments_form","16_May_2023","docx","Comments_form_16_May_2023.docx","D:/NICE_history/NG50","D:/NICE_history/NG50/Comments_form_16_May_2023.docx",TRUE,"downloaded",
"NG50","Draft guidance consultation","Committee member list","16 May 2023","pdf","https://www.nice.org.uk/guidance/ng50/update/ng50-update-1/documents/committee-member-list-2","Committee_member_list","16_May_2023","pdf","Committee_member_list_16_May_2023.pdf","D:/NICE_history/NG50","D:/NICE_history/NG50/Committee_member_list_16_May_2023.pdf",TRUE,"downloaded",
"NG50","Draft guidance consultation","Draft guideline","16 May 2023","pdf","https://www.nice.org.uk/guidance/ng50/update/ng50-update-1/documents/draft-guideline","Draft_guideline","16_May_2023","pdf","Draft_guideline_16_May_2023.pdf","D:/NICE_history/NG50","D:/NICE_history/NG50/Draft_guideline_16_May_2023.pdf",TRUE,"downloaded",
"NG50","Draft guidance consultation","Equality impact assessment","16 May 2023","pdf","https://www.nice.org.uk/guidance/ng50/update/ng50-update-1/documents/equality-impact-assessment-4","Equality_impact_assessment","16_May_2023","pdf","Equality_impact_assessment_16_May_2023.pdf","D:/NICE_history/NG50","D:/NICE_history/NG50/Equality_impact_assessment_16_May_2023.pdf",TRUE,"downloaded",
"NG50","Draft guidance consultation","Evidence review A","16 May 2023","pdf","https://www.nice.org.uk/guidance/ng50/update/ng50-update-1/documents/evidence-review","Evidence_review_A","16_May_2023","pdf","Evidence_review_A_16_May_2023.pdf","D:/NICE_history/NG50","D:/NICE_history/NG50/Evidence_review_A_16_May_2023.pdf",TRUE,"downloaded",
"NG50","Draft guidance consultation","Evidence review B","16 May 2023","pdf","https://www.nice.org.uk/guidance/ng50/update/ng50-update-1/documents/evidence-review-2","Evidence_review_B","16_May_2023","pdf","Evidence_review_B_16_May_2023.pdf","D:/NICE_history/NG50","D:/NICE_history/NG50/Evidence_review_B_16_May_2023.pdf",TRUE,"downloaded",
"NG50","Draft guidance consultation","Evidence review C","16 May 2023","pdf","https://www.nice.org.uk/guidance/ng50/update/ng50-update-1/documents/evidence-review-3","Evidence_review_C","16_May_2023","pdf","Evidence_review_C_16_May_2023.pdf","D:/NICE_history/NG50","D:/NICE_history/NG50/Evidence_review_C_16_May_2023.pdf",TRUE,"downloaded",
"NG50","Draft guidance consultation","Supporting evidence Interests Register","16 May 2023","pdf","https://www.nice.org.uk/guidance/ng50/update/ng50-update-1/documents/supporting-evidence","Supporting_evidence_Interests_Register","16_May_2023","pdf","Supporting_evidence_Interests_Register_16_May_2023.pdf","D:/NICE_history/NG50","D:/NICE_history/NG50/Supporting_evidence_Interests_Register_16_May_2023.pdf",TRUE,"downloaded",
"NG50","Draft guidance consultation","Supporting evidence Methods","16 May 2023","pdf","https://www.nice.org.uk/guidance/ng50/update/ng50-update-1/documents/supporting-evidence-2","Supporting_evidence_Methods","16_May_2023","pdf","Supporting_evidence_Methods_16_May_2023.pdf","D:/NICE_history/NG50","D:/NICE_history/NG50/Supporting_evidence_Methods_16_May_2023.pdf",TRUE,"downloaded",
"NG50","Draft scope consultation","Comments form","04 October 2022","docx","https://www.nice.org.uk/guidance/ng50/update/ng50-update-1/documents/comments-form","Comments_form","04_October_2022","docx","Comments_form_04_October_2022.docx","D:/NICE_history/NG50","D:/NICE_history/NG50/Comments_form_04_October_2022.docx",TRUE,"downloaded",
"NG50","Draft scope consultation","Draft scope","04 October 2022","pdf","https://www.nice.org.uk/guidance/ng50/update/ng50-update-1/documents/draft-scope","Draft_scope","04_October_2022","pdf","Draft_scope_04_October_2022.pdf","D:/NICE_history/NG50","D:/NICE_history/NG50/Draft_scope_04_October_2022.pdf",TRUE,"downloaded",
"NG50","Draft scope consultation","Equality impact assessment","04 October 2022","pdf","https://www.nice.org.uk/guidance/ng50/update/ng50-update-1/documents/equality-impact-assessment","Equality_impact_assessment","04_October_2022","pdf","Equality_impact_assessment_04_October_2022.pdf","D:/NICE_history/NG50","D:/NICE_history/NG50/Equality_impact_assessment_04_October_2022.pdf",TRUE,"downloaded",
"NG50","Guidance published","Committee member list","08 September 2023","pdf","https://www.nice.org.uk/guidance/ng50/update/ng50-update-1/documents/committee-member-list-3","Committee_member_list","08_September_2023","pdf","Committee_member_list_08_September_2023.pdf","D:/NICE_history/NG50","D:/NICE_history/NG50/Committee_member_list_08_September_2023.pdf",TRUE,"downloaded",
"NG50","Guidance published","Consultation comments and responses","08 September 2023","pdf","https://www.nice.org.uk/guidance/ng50/update/ng50-update-1/documents/consultation-comments-and-responses-2","Consultation_comments_and_responses","08_September_2023","pdf","Consultation_comments_and_responses_08_September_2023.pdf","D:/NICE_history/NG50","D:/NICE_history/NG50/Consultation_comments_and_responses_08_September_2023.pdf",TRUE,"downloaded",
"NG50","Guidance published","Equality impact assessment","08 September 2023","pdf","https://www.nice.org.uk/guidance/ng50/update/ng50-update-1/documents/equality-impact-assessment-5","Equality_impact_assessment","08_September_2023","pdf","Equality_impact_assessment_08_September_2023.pdf","D:/NICE_history/NG50","D:/NICE_history/NG50/Equality_impact_assessment_08_September_2023.pdf",TRUE,"downloaded",
"NG50","Original development on 06 July 2016","Minutes","01 June 2016","pdf","https://www.nice.org.uk/guidance/ng50/update/ng50/documents/minutes-3","Minutes","01_June_2016","pdf","Minutes_01_June_2016.pdf","D:/NICE_history/NG50","D:/NICE_history/NG50/Minutes_01_June_2016.pdf",TRUE,"downloaded",
"NG50","Original development on 06 July 2016","Minutes","01 June 2016","pdf","https://www.nice.org.uk/guidance/ng50/update/ng50/documents/minutes-4","Minutes","01_June_2016","pdf","Minutes_01_June_2016_2.pdf","D:/NICE_history/NG50","D:/NICE_history/NG50/Minutes_01_June_2016_2.pdf",TRUE,"downloaded",
"NG50","Original development on 06 July 2016","Review questions","02 November 2015","pdf","https://www.nice.org.uk/guidance/ng50/update/ng50/documents/review-questions-2","Review_questions","02_November_2015","pdf","Review_questions_02_November_2015.pdf","D:/NICE_history/NG50","D:/NICE_history/NG50/Review_questions_02_November_2015.pdf",TRUE,"downloaded",
"NG50","Original development on 06 July 2016","Minutes","03 February 2016","pdf","https://www.nice.org.uk/guidance/ng50/update/ng50/documents/minutes","Minutes","03_February_2016","pdf","Minutes_03_February_2016.pdf","D:/NICE_history/NG50","D:/NICE_history/NG50/Minutes_03_February_2016.pdf",TRUE,"downloaded",
"NG50","Original development on 06 July 2016","Minutes","03 February 2016","pdf","https://www.nice.org.uk/guidance/ng50/update/ng50/documents/minutes-2","Minutes","03_February_2016","pdf","Minutes_03_February_2016_2.pdf","D:/NICE_history/NG50","D:/NICE_history/NG50/Minutes_03_February_2016_2.pdf",TRUE,"downloaded",
"NG50","Original development on 06 July 2016","Equality impact assessment Section 3","04 April 2016","pdf","https://www.nice.org.uk/guidance/ng50/update/ng50/documents/equality-impact-assessment","Equality_impact_assessment_Section_3","04_April_2016","pdf","Equality_impact_assessment_Section_3_04_April_2016.pdf","D:/NICE_history/NG50","D:/NICE_history/NG50/Equality_impact_assessment_Section_3_04_April_2016.pdf",TRUE,"downloaded",
"NG50","Original development on 06 July 2016","Stakeholder list","05 July 2016","pdf","https://www.nice.org.uk/guidance/ng50/update/ng50/documents/stakeholder-list-3","Stakeholder_list","05_July_2016","pdf","Stakeholder_list_05_July_2016.pdf","D:/NICE_history/NG50","D:/NICE_history/NG50/Stakeholder_list_05_July_2016.pdf",TRUE,"downloaded",
"NG50","Original development on 06 July 2016","Committee member list","06 July 2016","pdf","https://www.nice.org.uk/guidance/ng50/update/ng50/documents/committee-member-list","Committee_member_list","06_July_2016","pdf","Committee_member_list_06_July_2016.pdf","D:/NICE_history/NG50","D:/NICE_history/NG50/Committee_member_list_06_July_2016.pdf",TRUE,"downloaded",
"NG50","Original development on 06 July 2016","Consultation comments and responses","06 July 2016","pdf","https://www.nice.org.uk/guidance/ng50/update/ng50/documents/consultation-comments-and-responses-2","Consultation_comments_and_responses","06_July_2016","pdf","Consultation_comments_and_responses_06_July_2016.pdf","D:/NICE_history/NG50","D:/NICE_history/NG50/Consultation_comments_and_responses_06_July_2016.pdf",TRUE,"downloaded",
"NG50","Original development on 06 July 2016","Equality impact assessment","06 July 2016","pdf","https://www.nice.org.uk/guidance/ng50/update/ng50/documents/equality-impact-assessment-3","Equality_impact_assessment","06_July_2016","pdf","Equality_impact_assessment_06_July_2016.pdf","D:/NICE_history/NG50","D:/NICE_history/NG50/Equality_impact_assessment_06_July_2016.pdf",TRUE,"downloaded",
"NG50","Original development on 06 July 2016","Stakeholder list","09 March 2016","pdf","https://www.nice.org.uk/guidance/ng50/update/ng50/documents/stakeholder-list-2","Stakeholder_list","09_March_2016","pdf","Stakeholder_list_09_March_2016.pdf","D:/NICE_history/NG50","D:/NICE_history/NG50/Stakeholder_list_09_March_2016.pdf",TRUE,"downloaded",
"NG50","Original development on 06 July 2016","Draft scope","14 April 2014","pdf","https://www.nice.org.uk/guidance/ng50/update/ng50/documents/assessment-and-management-of-cirrhosis-draft-scope2","Draft_scope","14_April_2014","pdf","Draft_scope_14_April_2014.pdf","D:/NICE_history/NG50","D:/NICE_history/NG50/Draft_scope_14_April_2014.pdf",TRUE,"downloaded",
"NG50","Original development on 06 July 2016","Stakeholder list","14 April 2014","pdf","https://www.nice.org.uk/guidance/ng50/update/ng50/documents/assessment-and-management-of-cirrhosis-stakeholder-list2","Stakeholder_list","14_April_2014","pdf","Stakeholder_list_14_April_2014.pdf","D:/NICE_history/NG50","D:/NICE_history/NG50/Stakeholder_list_14_April_2014.pdf",TRUE,"downloaded",
"NG50","Original development on 06 July 2016","Gdg 3 minutes","14 July 2015","pdf","https://www.nice.org.uk/guidance/ng50/update/ng50/documents/assessment-and-management-of-cirrhosis-gdg-3-minutes2","Gdg_3_minutes","14_July_2015","pdf","Gdg_3_minutes_14_July_2015.pdf","D:/NICE_history/NG50","D:/NICE_history/NG50/Gdg_3_minutes_14_July_2015.pdf",TRUE,"downloaded",
"NG50","Original development on 06 July 2016","Gdg 4 minutes","14 July 2015","pdf","https://www.nice.org.uk/guidance/ng50/update/ng50/documents/assessment-and-management-of-cirrhosis-gdg-4-minutes2","Gdg_4_minutes","14_July_2015","pdf","Gdg_4_minutes_14_July_2015.pdf","D:/NICE_history/NG50","D:/NICE_history/NG50/Gdg_4_minutes_14_July_2015.pdf",TRUE,"downloaded",
"NG50","Original development on 06 July 2016","Gdg 5 minutes","14 July 2015","pdf","https://www.nice.org.uk/guidance/ng50/update/ng50/documents/assessment-and-management-of-cirrhosis-gdg-5-minutes2","Gdg_5_minutes","14_July_2015","pdf","Gdg_5_minutes_14_July_2015.pdf","D:/NICE_history/NG50","D:/NICE_history/NG50/Gdg_5_minutes_14_July_2015.pdf",TRUE,"downloaded",
"NG50","Original development on 06 July 2016","Gdg 6 minutes","14 July 2015","pdf","https://www.nice.org.uk/guidance/ng50/update/ng50/documents/assessment-and-management-of-cirrhosis-gdg-6-minutes2","Gdg_6_minutes","14_July_2015","pdf","Gdg_6_minutes_14_July_2015.pdf","D:/NICE_history/NG50","D:/NICE_history/NG50/Gdg_6_minutes_14_July_2015.pdf",TRUE,"downloaded",
"NG50","Original development on 06 July 2016","Gdg 7 minutes","14 July 2015","pdf","https://www.nice.org.uk/guidance/ng50/update/ng50/documents/assessment-and-management-of-cirrhosis-gdg-7-minutes2","Gdg_7_minutes","14_July_2015","pdf","Gdg_7_minutes_14_July_2015.pdf","D:/NICE_history/NG50","D:/NICE_history/NG50/Gdg_7_minutes_14_July_2015.pdf",TRUE,"downloaded",
"NG50","Original development on 06 July 2016","Gdg 8 minutes","14 July 2015","pdf","https://www.nice.org.uk/guidance/ng50/update/ng50/documents/assessment-and-management-of-cirrhosis-gdg-8-minutes2","Gdg_8_minutes","14_July_2015","pdf","Gdg_8_minutes_14_July_2015.pdf","D:/NICE_history/NG50","D:/NICE_history/NG50/Gdg_8_minutes_14_July_2015.pdf",FALSE,"failed","Transferred a partial file [www.nice.org.uk]:
transfer closed with outstanding read data remaining"
"NG50","Original development on 06 July 2016","Gdg 1 minutes","16 December 2014","pdf","https://www.nice.org.uk/guidance/ng50/update/ng50/documents/assessment-and-management-of-cirrhosis-gdg-1-minutes2","Gdg_1_minutes","16_December_2014","pdf","Gdg_1_minutes_16_December_2014.pdf","D:/NICE_history/NG50","D:/NICE_history/NG50/Gdg_1_minutes_16_December_2014.pdf",TRUE,"downloaded",
"NG50","Original development on 06 July 2016","Gdg 2 minutes","16 December 2014","pdf","https://www.nice.org.uk/guidance/ng50/update/ng50/documents/assessment-and-management-of-cirrhosis-gdg-2-minutes2","Gdg_2_minutes","16_December_2014","pdf","Gdg_2_minutes_16_December_2014.pdf","D:/NICE_history/NG50","D:/NICE_history/NG50/Gdg_2_minutes_16_December_2014.pdf",TRUE,"downloaded",
"NG50","Original development on 06 July 2016","Final scope","16 July 2014","pdf","https://www.nice.org.uk/guidance/ng50/update/ng50/documents/assessment-and-management-of-cirrhosis-final-scope2","Final_scope","16_July_2014","pdf","Final_scope_16_July_2014.pdf","D:/NICE_history/NG50","D:/NICE_history/NG50/Final_scope_16_July_2014.pdf",TRUE,"downloaded",
"NG50","Original development on 06 July 2016","Equality impact assessment","18 April 2016","pdf","https://www.nice.org.uk/guidance/ng50/update/ng50/documents/equality-impact-assessment-2","Equality_impact_assessment","18_April_2016","pdf","Equality_impact_assessment_18_April_2016.pdf","D:/NICE_history/NG50","D:/NICE_history/NG50/Equality_impact_assessment_18_April_2016.pdf",TRUE,"downloaded",
"NG50","Original development on 06 July 2016","Addendum appendicies","18 December 2015","pdf","https://www.nice.org.uk/guidance/ng50/update/ng50/documents/addendum-appendicies","Addendum_appendicies","18_December_2015","pdf","Addendum_appendicies_18_December_2015.pdf","D:/NICE_history/NG50","D:/NICE_history/NG50/Addendum_appendicies_18_December_2015.pdf",TRUE,"downloaded",
"NG50","Original development on 06 July 2016","Comments form","18 December 2015","docx","https://www.nice.org.uk/guidance/ng50/update/ng50/documents/comments-form","Comments_form","18_December_2015","docx","Comments_form_18_December_2015.docx","D:/NICE_history/NG50","D:/NICE_history/NG50/Comments_form_18_December_2015.docx",TRUE,"downloaded",
"NG50","Original development on 06 July 2016","Confidentiality form","18 December 2015","docx","https://www.nice.org.uk/guidance/ng50/update/ng50/documents/confidentiality-form","Confidentiality_form","18_December_2015","docx","Confidentiality_form_18_December_2015.docx","D:/NICE_history/NG50","D:/NICE_history/NG50/Confidentiality_form_18_December_2015.docx",TRUE,"downloaded",
"NG50","Original development on 06 July 2016","Full guideline updated","18 December 2015","pdf","https://www.nice.org.uk/guidance/ng50/update/ng50/documents/full-guideline-updated","Full_guideline_updated","18_December_2015","pdf","Full_guideline_updated_18_December_2015.pdf","D:/NICE_history/NG50","D:/NICE_history/NG50/Full_guideline_updated_18_December_2015.pdf",TRUE,"downloaded",
"NG50","Original development on 06 July 2016","Short version of draft guideline","18 December 2015","pdf","https://www.nice.org.uk/guidance/ng50/update/ng50/documents/short-version-of-draft-guideline","Short_version_of_draft_guideline","18_December_2015","pdf","Short_version_of_draft_guideline_18_December_2015.pdf","D:/NICE_history/NG50","D:/NICE_history/NG50/Short_version_of_draft_guideline_18_December_2015.pdf",TRUE,"downloaded",
"NG50","Original development on 06 July 2016","Stakeholder list","18 December 2015","pdf","https://www.nice.org.uk/guidance/ng50/update/ng50/documents/stakeholder-list","Stakeholder_list","18_December_2015","pdf","Stakeholder_list_18_December_2015.pdf","D:/NICE_history/NG50","D:/NICE_history/NG50/Stakeholder_list_18_December_2015.pdf",TRUE,"downloaded",
"NG50","Original development on 06 July 2016","Equality impact assessment - scoping","20 July 2015","pdf","https://www.nice.org.uk/guidance/ng50/update/ng50/documents/assessment-and-management-of-cirrhosis-equality-impact-assessment-scoping2","Equality_impact_assessment_-_scoping","20_July_2015","pdf","Equality_impact_assessment_-_scoping_20_July_2015.pdf","D:/NICE_history/NG50","D:/NICE_history/NG50/Equality_impact_assessment_-_scoping_20_July_2015.pdf",TRUE,"downloaded",
"NG50","Original development on 06 July 2016","GDG member list","20 October 2014","pdf","https://www.nice.org.uk/guidance/ng50/update/ng50/documents/assessment-and-management-of-cirrhosis-gdg-member-list2","GDG_member_list","20_October_2014","pdf","GDG_member_list_20_October_2014.pdf","D:/NICE_history/NG50","D:/NICE_history/NG50/GDG_member_list_20_October_2014.pdf",TRUE,"downloaded",
"NG50","Original development on 06 July 2016","Stakeholder comments","20 October 2014","pdf","https://www.nice.org.uk/guidance/ng50/update/ng50/documents/assessment-and-management-of-cirrhosis-stakeholder-comments2","Stakeholder_comments","20_October_2014","pdf","Stakeholder_comments_20_October_2014.pdf","D:/NICE_history/NG50","D:/NICE_history/NG50/Stakeholder_comments_20_October_2014.pdf",TRUE,"downloaded",
"NG50","Original development on 06 July 2016","Economic plan","21 October 2015","pdf","https://www.nice.org.uk/guidance/ng50/update/ng50/documents/economic-plan","Economic_plan","21_October_2015","pdf","Economic_plan_21_October_2015.pdf","D:/NICE_history/NG50","D:/NICE_history/NG50/Economic_plan_21_October_2015.pdf",TRUE,"downloaded",
"NG50","Original development on 06 July 2016","Review questions","21 October 2015","pdf","https://www.nice.org.uk/guidance/ng50/update/ng50/documents/review-questions","Review_questions","21_October_2015","pdf","Review_questions_21_October_2015.pdf","D:/NICE_history/NG50","D:/NICE_history/NG50/Review_questions_21_October_2015.pdf",TRUE,"downloaded",
"NG50","Original development on 06 July 2016","Search strategies","21 October 2015","pdf","https://www.nice.org.uk/guidance/ng50/update/ng50/documents/search-strategies","Search_strategies","21_October_2015","pdf","Search_strategies_21_October_2015.pdf","D:/NICE_history/NG50","D:/NICE_history/NG50/Search_strategies_21_October_2015.pdf",TRUE,"downloaded",
"NG50","Original development on 06 July 2016","Stakeholder list","23 July 2020","pdf","https://www.nice.org.uk/guidance/ng50/update/ng50/documents/stakeholder-list-4","Stakeholder_list","23_July_2020","pdf","Stakeholder_list_23_July_2020.pdf","D:/NICE_history/NG50","D:/NICE_history/NG50/Stakeholder_list_23_July_2020.pdf",TRUE,"downloaded",
"NG50","Original development on 06 July 2016","Comments form","27 July 2020","docx","https://www.nice.org.uk/guidance/ng50/update/ng50/documents/comments-form-2","Comments_form","27_July_2020","docx","Comments_form_27_July_2020.docx","D:/NICE_history/NG50","D:/NICE_history/NG50/Comments_form_27_July_2020.docx",TRUE,"downloaded",
"NG50","Original development on 06 July 2016","Surveillance review proposal","27 July 2020","pdf","https://www.nice.org.uk/guidance/ng50/update/ng50/documents/surveillance-review-proposal","Surveillance_review_proposal","27_July_2020","pdf","Surveillance_review_proposal_27_July_2020.pdf","D:/NICE_history/NG50","D:/NICE_history/NG50/Surveillance_review_proposal_27_July_2020.pdf",TRUE,"downloaded",
"NG50","Pre-consultation documents released","Economic plan","11 April 2023","pdf","https://www.nice.org.uk/guidance/ng50/update/ng50-update-1/documents/economic-plan","Economic_plan","11_April_2023","pdf","Economic_plan_11_April_2023.pdf","D:/NICE_history/NG50","D:/NICE_history/NG50/Economic_plan_11_April_2023.pdf",TRUE,"downloaded",
"NG50","Pre-consultation documents released","Review questions","11 April 2023","pdf","https://www.nice.org.uk/guidance/ng50/update/ng50-update-1/documents/review-questions","Review_questions","11_April_2023","pdf","Review_questions_11_April_2023.pdf","D:/NICE_history/NG50","D:/NICE_history/NG50/Review_questions_11_April_2023.pdf",TRUE,"downloaded",
"NG50","Pre-consultation documents released","Equality impact assessment","16 May 2023","pdf","https://www.nice.org.uk/guidance/ng50/update/ng50-update-1/documents/equality-impact-assessment-3","Equality_impact_assessment","16_May_2023","pdf","Equality_impact_assessment_16_May_2023_2.pdf","D:/NICE_history/NG50","D:/NICE_history/NG50/Equality_impact_assessment_16_May_2023_2.pdf",TRUE,"downloaded",
"NG50","Scope published","Consultation comments and responses","09 December 2022","pdf","https://www.nice.org.uk/guidance/ng50/update/ng50-update-1/documents/consultation-comments-and-responses","Consultation_comments_and_responses","09_December_2022","pdf","Consultation_comments_and_responses_09_December_2022.pdf","D:/NICE_history/NG50","D:/NICE_history/NG50/Consultation_comments_and_responses_09_December_2022.pdf",FALSE,"failed","Transferred a partial file [www.nice.org.uk]:
transfer closed with outstanding read data remaining"
"NG50","Scope published","Equality impact assessment","09 December 2022","pdf","https://www.nice.org.uk/guidance/ng50/update/ng50-update-1/documents/equality-impact-assessment-2","Equality_impact_assessment","09_December_2022","pdf","Equality_impact_assessment_09_December_2022.pdf","D:/NICE_history/NG50","D:/NICE_history/NG50/Equality_impact_assessment_09_December_2022.pdf",TRUE,"downloaded",
"NG50","Scope published","Final scope","09 December 2022","pdf","https://www.nice.org.uk/guidance/ng50/update/ng50-update-1/documents/final-scope","Final_scope","09_December_2022","pdf","Final_scope_09_December_2022.pdf","D:/NICE_history/NG50","D:/NICE_history/NG50/Final_scope_09_December_2022.pdf",TRUE,"downloaded",
"NG50","Stakeholder list updated","Stakeholder list","03 October 2022","pdf","https://www.nice.org.uk/guidance/ng50/update/ng50-update-1/documents/stakeholder-list","Stakeholder_list","03_October_2022","pdf","Stakeholder_list_03_October_2022.pdf","D:/NICE_history/NG50","D:/NICE_history/NG50/Stakeholder_list_03_October_2022.pdf",TRUE,"downloaded",
"NG52","Committee list updated","Committee member list","25 July 2016","pdf","https://www.nice.org.uk/guidance/ng52/documents/committee-member-list-2","Committee_member_list","25_July_2016","pdf","Committee_member_list_25_July_2016.pdf","D:/NICE_history/NG52","D:/NICE_history/NG52/Committee_member_list_25_July_2016.pdf",TRUE,"downloaded",
"NG52","Committee meetings","Minutes 9","03 June 2015","pdf","https://www.nice.org.uk/guidance/ng52/documents/minutes-9","Minutes_9","03_June_2015","pdf","Minutes_9_03_June_2015.pdf","D:/NICE_history/NG52","D:/NICE_history/NG52/Minutes_9_03_June_2015.pdf",TRUE,"downloaded",
"NG52","Committee meetings","Minutes 14","04 April 2016","pdf","https://www.nice.org.uk/guidance/ng52/documents/minutes-14","Minutes_14","04_April_2016","pdf","Minutes_14_04_April_2016.pdf","D:/NICE_history/NG52","D:/NICE_history/NG52/Minutes_14_04_April_2016.pdf",TRUE,"downloaded",
"NG52","Committee meetings","Minutes 1","04 March 2014","pdf","https://www.nice.org.uk/guidance/ng52/documents/minutes","Minutes_1","04_March_2014","pdf","Minutes_1_04_March_2014.pdf","D:/NICE_history/NG52","D:/NICE_history/NG52/Minutes_1_04_March_2014.pdf",TRUE,"downloaded",
"NG52","Committee meetings","Minutes 3","06 June 2014","pdf","https://www.nice.org.uk/guidance/ng52/documents/minutes-3","Minutes_3","06_June_2014","pdf","Minutes_3_06_June_2014.pdf","D:/NICE_history/NG52","D:/NICE_history/NG52/Minutes_3_06_June_2014.pdf",TRUE,"downloaded",
"NG52","Committee meetings","Minutes 6","06 November 2014","pdf","https://www.nice.org.uk/guidance/ng52/documents/minutes-6","Minutes_6","06_November_2014","pdf","Minutes_6_06_November_2014.pdf","D:/NICE_history/NG52","D:/NICE_history/NG52/Minutes_6_06_November_2014.pdf",TRUE,"downloaded",
"NG52","Committee meetings","Minutes 2","07 April 2014","pdf","https://www.nice.org.uk/guidance/ng52/documents/minutes-2","Minutes_2","07_April_2014","pdf","Minutes_2_07_April_2014.pdf","D:/NICE_history/NG52","D:/NICE_history/NG52/Minutes_2_07_April_2014.pdf",TRUE,"downloaded",
"NG52","Committee meetings","Minutes 11","07 September 2015","pdf","https://www.nice.org.uk/guidance/ng52/documents/minutes-11","Minutes_11","07_September_2015","pdf","Minutes_11_07_September_2015.pdf","D:/NICE_history/NG52","D:/NICE_history/NG52/Minutes_11_07_September_2015.pdf",TRUE,"downloaded",
"NG52","Committee meetings","Minutes 13","12 November 2015","pdf","https://www.nice.org.uk/guidance/ng52/documents/minutes-13","Minutes_13","12_November_2015","pdf","Minutes_13_12_November_2015.pdf","D:/NICE_history/NG52","D:/NICE_history/NG52/Minutes_13_12_November_2015.pdf",TRUE,"downloaded",
"NG52","Committee meetings","Minutes 12","13 October 2015","pdf","https://www.nice.org.uk/guidance/ng52/documents/minutes-12","Minutes_12","13_October_2015","pdf","Minutes_12_13_October_2015.pdf","D:/NICE_history/NG52","D:/NICE_history/NG52/Minutes_12_13_October_2015.pdf",TRUE,"downloaded",
"NG52","Committee meetings","Minutes 10","15 July 2015","pdf","https://www.nice.org.uk/guidance/ng52/documents/minutes-10","Minutes_10","15_July_2015","pdf","Minutes_10_15_July_2015.pdf","D:/NICE_history/NG52","D:/NICE_history/NG52/Minutes_10_15_July_2015.pdf",TRUE,"downloaded",
"NG52","Committee meetings","Minutes 5","17 September 2014","pdf","https://www.nice.org.uk/guidance/ng52/documents/minutes-5","Minutes_5","17_September_2014","pdf","Minutes_5_17_September_2014.pdf","D:/NICE_history/NG52","D:/NICE_history/NG52/Minutes_5_17_September_2014.pdf",TRUE,"downloaded",
"NG52","Committee meetings","Minutes 4","22 July 2014","pdf","https://www.nice.org.uk/guidance/ng52/documents/minutes-4","Minutes_4","22_July_2014","pdf","Minutes_4_22_July_2014.pdf","D:/NICE_history/NG52","D:/NICE_history/NG52/Minutes_4_22_July_2014.pdf",TRUE,"downloaded",
"NG52","Committee meetings","Minutes 7","26 January 2015","pdf","https://www.nice.org.uk/guidance/ng52/documents/minutes-7","Minutes_7","26_January_2015","pdf","Minutes_7_26_January_2015.pdf","D:/NICE_history/NG52","D:/NICE_history/NG52/Minutes_7_26_January_2015.pdf",TRUE,"downloaded",
"NG52","Committee meetings","Minutes 8","27 March 2015","pdf","https://www.nice.org.uk/guidance/ng52/documents/minutes-8","Minutes_8","27_March_2015","pdf","Minutes_8_27_March_2015.pdf","D:/NICE_history/NG52","D:/NICE_history/NG52/Minutes_8_27_March_2015.pdf",TRUE,"downloaded",
"NG52","Consultation comments published","Consultation comments and responses","20 July 2016","pdf","https://www.nice.org.uk/guidance/ng52/documents/consultation-comments-and-responses","Consultation_comments_and_responses","20_July_2016","pdf","Consultation_comments_and_responses_20_July_2016.pdf","D:/NICE_history/NG52","D:/NICE_history/NG52/Consultation_comments_and_responses_20_July_2016.pdf",TRUE,"downloaded",
"NG52","Draft guidance consultation","Equality impact assessment","18 March 2016","pdf","https://www.nice.org.uk/guidance/ng52/documents/equality-impact-assessment","Equality_impact_assessment","18_March_2016","pdf","Equality_impact_assessment_18_March_2016.pdf","D:/NICE_history/NG52","D:/NICE_history/NG52/Equality_impact_assessment_18_March_2016.pdf",TRUE,"downloaded",
"NG52","Draft guidance consultation","Comments form","29 January 2016","docx","https://www.nice.org.uk/guidance/ng52/documents/comments-form-2","Comments_form","29_January_2016","docx","Comments_form_29_January_2016.docx","D:/NICE_history/NG52","D:/NICE_history/NG52/Comments_form_29_January_2016.docx",TRUE,"downloaded",
"NG52","Draft guidance consultation","Draft guideline","29 January 2016","pdf","https://www.nice.org.uk/guidance/ng52/documents/draft-guideline","Draft_guideline","29_January_2016","pdf","Draft_guideline_29_January_2016.pdf","D:/NICE_history/NG52","D:/NICE_history/NG52/Draft_guideline_29_January_2016.pdf",TRUE,"downloaded",
"NG52","Draft guidance consultation","Guideline appendices A-F","29 January 2016","pdf","https://www.nice.org.uk/guidance/ng52/documents/guideline-appendices","Guideline_appendices_A-F","29_January_2016","pdf","Guideline_appendices_A-F_29_January_2016.pdf","D:/NICE_history/NG52","D:/NICE_history/NG52/Guideline_appendices_A-F_29_January_2016.pdf",TRUE,"downloaded",
"NG52","Draft guidance consultation","Guideline appendices I-K","29 January 2016","pdf","https://www.nice.org.uk/guidance/ng52/documents/guideline-appendices-3","Guideline_appendices_I-K","29_January_2016","pdf","Guideline_appendices_I-K_29_January_2016.pdf","D:/NICE_history/NG52","D:/NICE_history/NG52/Guideline_appendices_I-K_29_January_2016.pdf",TRUE,"downloaded",
"NG52","Draft guidance consultation","Guideline appendix G","29 January 2016","pdf","https://www.nice.org.uk/guidance/ng52/documents/guideline-appendix","Guideline_appendix_G","29_January_2016","pdf","Guideline_appendix_G_29_January_2016.pdf","D:/NICE_history/NG52","D:/NICE_history/NG52/Guideline_appendix_G_29_January_2016.pdf",TRUE,"downloaded",
"NG52","Draft guidance consultation","Guideline appendix H","29 January 2016","pdf","https://www.nice.org.uk/guidance/ng52/documents/guideline-appendix-4","Guideline_appendix_H","29_January_2016","pdf","Guideline_appendix_H_29_January_2016.pdf","D:/NICE_history/NG52","D:/NICE_history/NG52/Guideline_appendix_H_29_January_2016.pdf",TRUE,"downloaded",
"NG52","Draft guidance consultation","Short version of draft guideline","29 January 2016","pdf","https://www.nice.org.uk/guidance/ng52/documents/short-version-of-draft-guideline","Short_version_of_draft_guideline","29_January_2016","pdf","Short_version_of_draft_guideline_29_January_2016.pdf","D:/NICE_history/NG52","D:/NICE_history/NG52/Short_version_of_draft_guideline_29_January_2016.pdf",TRUE,"downloaded",
"NG52","Equality and health inequalities assessment","Equality impact assessment 4","03 June 2016","pdf","https://www.nice.org.uk/guidance/ng52/documents/equality-impact-assessment-2","Equality_impact_assessment_4","03_June_2016","pdf","Equality_impact_assessment_4_03_June_2016.pdf","D:/NICE_history/NG52","D:/NICE_history/NG52/Equality_impact_assessment_4_03_June_2016.pdf",TRUE,"downloaded",
"NG52","Non-Hodgkins lymphoma: scope consultation and final scope","Stakeholder list","01 April 2015","pdf","https://www.nice.org.uk/guidance/ng52/documents/nonhodgkins-lymphoma-stakeholder-list2","Stakeholder_list","01_April_2015","pdf","Stakeholder_list_01_April_2015.pdf","D:/NICE_history/NG52","D:/NICE_history/NG52/Stakeholder_list_01_April_2015.pdf",TRUE,"downloaded",
"NG52","Non-Hodgkins lymphoma: scope consultation and final scope","Draft scope","08 November 2013","pdf","https://www.nice.org.uk/guidance/ng52/documents/nonhodgkins-lymphoma-draft-scope2","Draft_scope","08_November_2013","pdf","Draft_scope_08_November_2013.pdf","D:/NICE_history/NG52","D:/NICE_history/NG52/Draft_scope_08_November_2013.pdf",TRUE,"downloaded",
"NG52","Non-Hodgkins lymphoma: scope consultation and final scope","Non-Hodgkins lymphoma: equality impact assessment -scoping","10 February 2014","pdf","https://www.nice.org.uk/guidance/ng52/documents/nonhodgkins-lymphoma-equality-impact-assessment-scoping-2","Non-Hodgkins_lymphoma_equality_impact_assessment_-scoping","10_February_2014","pdf","Non-Hodgkins_lymphoma_equality_impact_assessment_-scoping_10_February_2014.pdf","D:/NICE_history/NG52","D:/NICE_history/NG52/Non-Hodgkins_lymphoma_equality_impact_assessment_-scoping_10_February_2014.pdf",TRUE,"downloaded",
"NG52","Non-Hodgkins lymphoma: scope consultation and final scope","Non-Hodgkins lymphoma: final scope","10 February 2014","pdf","https://www.nice.org.uk/guidance/ng52/documents/nonhodgkins-lymphoma-final-scope2","Non-Hodgkins_lymphoma_final_scope","10_February_2014","pdf","Non-Hodgkins_lymphoma_final_scope_10_February_2014.pdf","D:/NICE_history/NG52","D:/NICE_history/NG52/Non-Hodgkins_lymphoma_final_scope_10_February_2014.pdf",TRUE,"downloaded",
"NG52","Non-Hodgkins lymphoma: scope consultation and final scope","Non-Hodgkins lymphoma: scope consultation comments table","10 February 2014","pdf","https://www.nice.org.uk/guidance/ng52/documents/nonhodgkins-lymphoma-scope-consultation-comments-table2","Non-Hodgkins_lymphoma_scope_consultation_comments_table","10_February_2014","pdf","Non-Hodgkins_lymphoma_scope_consultation_comments_table_10_February_2014.pdf","D:/NICE_history/NG52","D:/NICE_history/NG52/Non-Hodgkins_lymphoma_scope_consultation_comments_table_10_February_2014.pdf",TRUE,"downloaded",
"NG52","Pre-consultation documents released","Economic plan","17 December 2015","pdf","https://www.nice.org.uk/guidance/ng52/documents/economic-plan","Economic_plan","17_December_2015","pdf","Economic_plan_17_December_2015.pdf","D:/NICE_history/NG52","D:/NICE_history/NG52/Economic_plan_17_December_2015.pdf",TRUE,"downloaded",
"NG52","Pre-consultation documents released","Review questions","17 December 2015","pdf","https://www.nice.org.uk/guidance/ng52/documents/review-questions","Review_questions","17_December_2015","pdf","Review_questions_17_December_2015.pdf","D:/NICE_history/NG52","D:/NICE_history/NG52/Review_questions_17_December_2015.pdf",TRUE,"downloaded",
"NG52","Pre-consultation documents released","Search strategies","17 December 2015","pdf","https://www.nice.org.uk/guidance/ng52/documents/search-strategies","Search_strategies","17_December_2015","pdf","Search_strategies_17_December_2015.pdf","D:/NICE_history/NG52","D:/NICE_history/NG52/Search_strategies_17_December_2015.pdf",TRUE,"downloaded",
"NG52","Stakeholder list updated","Stakeholder list","20 July 2016","pdf","https://www.nice.org.uk/guidance/ng52/documents/stakeholder-list","Stakeholder_list","20_July_2016","pdf","Stakeholder_list_20_July_2016.pdf","D:/NICE_history/NG52","D:/NICE_history/NG52/Stakeholder_list_20_July_2016.pdf",TRUE,"downloaded",
"NG55","Call for evidence","Stakeholder response (published material)","03 December 2014","docx","https://www.nice.org.uk/guidance/ng55/documents/harmful-sexual-behaviour-among-children-and-young-people-stakeholder-response-published-material2","Stakeholder_response_(published_material)","03_December_2014","docx","Stakeholder_response_(published_material)_03_December_2014.docx","D:/NICE_history/NG55","D:/NICE_history/NG55/Stakeholder_response_(published_material)_03_December_2014.docx",TRUE,"downloaded",
"NG55","Call for evidence","Stakeholder response (unpublished material)","03 December 2014","docx","https://www.nice.org.uk/guidance/ng55/documents/harmful-sexual-behaviour-among-children-and-young-people-stakeholder-response-unpublished-material2","Stakeholder_response_(unpublished_material)","03_December_2014","docx","Stakeholder_response_(unpublished_material)_03_December_2014.docx","D:/NICE_history/NG55","D:/NICE_history/NG55/Stakeholder_response_(unpublished_material)_03_December_2014.docx",TRUE,"downloaded",
"NG55","Committee list updated","Committee member list","13 June 2016","pdf","https://www.nice.org.uk/guidance/ng55/documents/committee-member-list-2","Committee_member_list","13_June_2016","pdf","Committee_member_list_13_June_2016.pdf","D:/NICE_history/NG55","D:/NICE_history/NG55/Committee_member_list_13_June_2016.pdf",TRUE,"downloaded",
"NG55","Committee meetings","Minutes 13 Oct 2015","13 January 2016","pdf","https://www.nice.org.uk/guidance/ng55/documents/minutes","Minutes_13_Oct_2015","13_January_2016","pdf","Minutes_13_Oct_2015_13_January_2016.pdf","D:/NICE_history/NG55","D:/NICE_history/NG55/Minutes_13_Oct_2015_13_January_2016.pdf",TRUE,"downloaded",
"NG55","Committee meetings","Minutes 09 Sept 2015","20 November 2015","pdf","https://www.nice.org.uk/guidance/ng55/documents/minutes-4","Minutes_09_Sept_2015","20_November_2015","pdf","Minutes_09_Sept_2015_20_November_2015.pdf","D:/NICE_history/NG55","D:/NICE_history/NG55/Minutes_09_Sept_2015_20_November_2015.pdf",TRUE,"downloaded",
"NG55","Committee meetings","Minutes 13 May 2015","20 November 2015","pdf","https://www.nice.org.uk/guidance/ng55/documents/minutes-2","Minutes_13_May_2015","20_November_2015","pdf","Minutes_13_May_2015_20_November_2015.pdf","D:/NICE_history/NG55","D:/NICE_history/NG55/Minutes_13_May_2015_20_November_2015.pdf",TRUE,"downloaded",
"NG55","Committee meetings","Minutes 30 Jun 2015","20 November 2015","pdf","https://www.nice.org.uk/guidance/ng55/documents/minutes-3","Minutes_30_Jun_2015","20_November_2015","pdf","Minutes_30_Jun_2015_20_November_2015.pdf","D:/NICE_history/NG55","D:/NICE_history/NG55/Minutes_30_Jun_2015_20_November_2015.pdf",TRUE,"downloaded",
"NG55","Committee meetings","Minutes 24 & 25 Nov 2015","20 September 2016","pdf","https://www.nice.org.uk/guidance/ng55/documents/minutes-6","Minutes_24_&_25_Nov_2015","20_September_2016","pdf","Minutes_24_&_25_Nov_2015_20_September_2016.pdf","D:/NICE_history/NG55","D:/NICE_history/NG55/Minutes_24_&_25_Nov_2015_20_September_2016.pdf",TRUE,"downloaded",
"NG55","Committee meetings","Minutes 9 & 10 May 2016","20 September 2016","pdf","https://www.nice.org.uk/guidance/ng55/documents/minutes-5","Minutes_9_&_10_May_2016","20_September_2016","pdf","Minutes_9_&_10_May_2016_20_September_2016.pdf","D:/NICE_history/NG55","D:/NICE_history/NG55/Minutes_9_&_10_May_2016_20_September_2016.pdf",TRUE,"downloaded",
"NG55","Document finalisation","Consultation comments and responses","20 September 2016","pdf","https://www.nice.org.uk/guidance/ng55/documents/consultation-comments-and-responses","Consultation_comments_and_responses","20_September_2016","pdf","Consultation_comments_and_responses_20_September_2016.pdf","D:/NICE_history/NG55","D:/NICE_history/NG55/Consultation_comments_and_responses_20_September_2016.pdf",TRUE,"downloaded",
"NG55","Draft guidance consultation","Comments form","06 April 2016","docx","https://www.nice.org.uk/guidance/ng55/documents/comments-form-2","Comments_form","06_April_2016","docx","Comments_form_06_April_2016.docx","D:/NICE_history/NG55","D:/NICE_history/NG55/Comments_form_06_April_2016.docx",TRUE,"downloaded",
"NG55","Draft guidance consultation","Committee member list","24 February 2016","pdf","https://www.nice.org.uk/guidance/ng55/documents/committee-member-list","Committee_member_list","24_February_2016","pdf","Committee_member_list_24_February_2016.pdf","D:/NICE_history/NG55","D:/NICE_history/NG55/Committee_member_list_24_February_2016.pdf",TRUE,"downloaded",
"NG55","Draft guidance consultation","Draft guideline","24 February 2016","pdf","https://www.nice.org.uk/guidance/ng55/documents/draft-guideline","Draft_guideline","24_February_2016","pdf","Draft_guideline_24_February_2016.pdf","D:/NICE_history/NG55","D:/NICE_history/NG55/Draft_guideline_24_February_2016.pdf",TRUE,"downloaded",
"NG55","Draft guidance consultation","Equality impact assessment","24 February 2016","pdf","https://www.nice.org.uk/guidance/ng55/documents/equality-impact-assessment","Equality_impact_assessment","24_February_2016","pdf","Equality_impact_assessment_24_February_2016.pdf","D:/NICE_history/NG55","D:/NICE_history/NG55/Equality_impact_assessment_24_February_2016.pdf",TRUE,"downloaded",
"NG55","Draft guidance consultation","Evidence review 1","24 February 2016","pdf","https://www.nice.org.uk/guidance/ng55/documents/evidence-review","Evidence_review_1","24_February_2016","pdf","Evidence_review_1_24_February_2016.pdf","D:/NICE_history/NG55","D:/NICE_history/NG55/Evidence_review_1_24_February_2016.pdf",TRUE,"downloaded",
"NG55","Draft guidance consultation","Evidence review 2","24 February 2016","pdf","https://www.nice.org.uk/guidance/ng55/documents/evidence-review-2","Evidence_review_2","24_February_2016","pdf","Evidence_review_2_24_February_2016.pdf","D:/NICE_history/NG55","D:/NICE_history/NG55/Evidence_review_2_24_February_2016.pdf",TRUE,"downloaded",
"NG55","Draft guidance consultation","Confidentiality form","25 February 2016","docx","https://www.nice.org.uk/guidance/ng55/documents/confidentiality-form","Confidentiality_form","25_February_2016","docx","Confidentiality_form_25_February_2016.docx","D:/NICE_history/NG55","D:/NICE_history/NG55/Confidentiality_form_25_February_2016.docx",TRUE,"downloaded",
"NG55","Draft guidance consultation","Economic report","26 February 2016","pdf","https://www.nice.org.uk/guidance/ng55/documents/economic-report-2","Economic_report","26_February_2016","pdf","Economic_report_26_February_2016.pdf","D:/NICE_history/NG55","D:/NICE_history/NG55/Economic_report_26_February_2016.pdf",TRUE,"downloaded",
"NG55","Draft guidance consultation","Expert report Papers 1 - 4","29 February 2016","pdf","https://www.nice.org.uk/guidance/ng55/documents/expert-report-13","Expert_report_Papers_1_-_4","29_February_2016","pdf","Expert_report_Papers_1_-_4_29_February_2016.pdf","D:/NICE_history/NG55","D:/NICE_history/NG55/Expert_report_Papers_1_-_4_29_February_2016.pdf",TRUE,"downloaded",
"NG55","Draft guidance consultation","Expert report Papers 5 - 8","29 February 2016","pdf","https://www.nice.org.uk/guidance/ng55/documents/expert-report-14","Expert_report_Papers_5_-_8","29_February_2016","pdf","Expert_report_Papers_5_-_8_29_February_2016.pdf","D:/NICE_history/NG55","D:/NICE_history/NG55/Expert_report_Papers_5_-_8_29_February_2016.pdf",TRUE,"downloaded",
"NG55","Draft guidance consultation","Expert report Papers 9 - 12","29 February 2016","pdf","https://www.nice.org.uk/guidance/ng55/documents/expert-report-15","Expert_report_Papers_9_-_12","29_February_2016","pdf","Expert_report_Papers_9_-_12_29_February_2016.pdf","D:/NICE_history/NG55","D:/NICE_history/NG55/Expert_report_Papers_9_-_12_29_February_2016.pdf",TRUE,"downloaded",
"NG55","Equality and health inequalities assessment","Equality impact assessment","20 September 2016","pdf","https://www.nice.org.uk/guidance/ng55/documents/equality-impact-assessment-2","Equality_impact_assessment","20_September_2016","pdf","Equality_impact_assessment_20_September_2016.pdf","D:/NICE_history/NG55","D:/NICE_history/NG55/Equality_impact_assessment_20_September_2016.pdf",TRUE,"downloaded",
"NG55","PHAC member list and declaration of interests","PHAC member list and declaration of interests","13 July 2015","pdf","https://www.nice.org.uk/guidance/ng55/documents/harmful-sexual-behaviour-among-children-and-young-people-phac-member-list-and-declaration-of-interests2","PHAC_member_list_and_declaration_of_interests","13_July_2015","pdf","PHAC_member_list_and_declaration_of_interests_13_July_2015.pdf","D:/NICE_history/NG55","D:/NICE_history/NG55/PHAC_member_list_and_declaration_of_interests_13_July_2015.pdf",TRUE,"downloaded",
"NG55","Scope finalisation","Economic plan","14 January 2016","pdf","https://www.nice.org.uk/guidance/ng55/documents/economic-plan","Economic_plan","14_January_2016","pdf","Economic_plan_14_January_2016.pdf","D:/NICE_history/NG55","D:/NICE_history/NG55/Economic_plan_14_January_2016.pdf",TRUE,"downloaded",
"NG55","Scope finalisation","Review protocols","14 January 2016","pdf","https://www.nice.org.uk/guidance/ng55/documents/review-protocols","Review_protocols","14_January_2016","pdf","Review_protocols_14_January_2016.pdf","D:/NICE_history/NG55","D:/NICE_history/NG55/Review_protocols_14_January_2016.pdf",TRUE,"downloaded",
"NG55","Sexually harmful behaviour among young people: scope consultation","Draft scope stakeholder comments and responses table","02 December 2014","pdf","https://www.nice.org.uk/guidance/ng55/documents/harmful-sexual-behaviour-among-children-and-young-people-draft-scope-stakeholder-comments-and-responses-table-2","Draft_scope_stakeholder_comments_and_responses_table","02_December_2014","pdf","Draft_scope_stakeholder_comments_and_responses_table_02_December_2014.pdf","D:/NICE_history/NG55","D:/NICE_history/NG55/Draft_scope_stakeholder_comments_and_responses_table_02_December_2014.pdf",TRUE,"downloaded",
"NG55","Sexually harmful behaviour among young people: scope consultation","Sexually harmful behaviour among young people: final scope","03 December 2014","pdf","https://www.nice.org.uk/guidance/ng55/documents/sexually-harmful-behaviour-among-young-people-final-scope2","Sexually_harmful_behaviour_among_young_people_final_scope","03_December_2014","pdf","Sexually_harmful_behaviour_among_young_people_final_scope_03_December_2014.pdf","D:/NICE_history/NG55","D:/NICE_history/NG55/Sexually_harmful_behaviour_among_young_people_final_scope_03_December_2014.pdf",TRUE,"downloaded",
"NG55","Sexually harmful behaviour among young people: scope consultation","Sexually harmful behaviour among young people: draft scope","23 September 2014","pdf","https://www.nice.org.uk/guidance/ng55/documents/sexually-harmful-behaviour-among-young-people-draft-scope-2","Sexually_harmful_behaviour_among_young_people_draft_scope","23_September_2014","pdf","Sexually_harmful_behaviour_among_young_people_draft_scope_23_September_2014.pdf","D:/NICE_history/NG55","D:/NICE_history/NG55/Sexually_harmful_behaviour_among_young_people_draft_scope_23_September_2014.pdf",FALSE,"failed","Transferred a partial file [www.nice.org.uk]:
transfer closed with outstanding read data remaining"
"NG55","Stakeholder list updated","Stakeholder list","14 June 2016","pdf","https://www.nice.org.uk/guidance/ng55/documents/stakeholder-list-2","Stakeholder_list","14_June_2016","pdf","Stakeholder_list_14_June_2016.pdf","D:/NICE_history/NG55","D:/NICE_history/NG55/Stakeholder_list_14_June_2016.pdf",TRUE,"downloaded",
"NG59","Committee list updated","Committee member list","15 July 2020","pdf","https://www.nice.org.uk/guidance/ng59/update/ng59-update-1/documents/committee-member-list","Committee_member_list","15_July_2020","pdf","Committee_member_list_15_July_2020.pdf","D:/NICE_history/NG59","D:/NICE_history/NG59/Committee_member_list_15_July_2020.pdf",TRUE,"downloaded",
"NG59","Declaration of interests","Register of interests","15 July 2020","pdf","https://www.nice.org.uk/guidance/ng59/update/ng59-update-1/documents/register-of-interests","Register_of_interests","15_July_2020","pdf","Register_of_interests_15_July_2020.pdf","D:/NICE_history/NG59","D:/NICE_history/NG59/Register_of_interests_15_July_2020.pdf",TRUE,"downloaded",
"NG59","Draft guidance consultation","Comments form","16 July 2020","docx","https://www.nice.org.uk/guidance/ng59/update/ng59-update-1/documents/comments-form","Comments_form","16_July_2020","docx","Comments_form_16_July_2020.docx","D:/NICE_history/NG59","D:/NICE_history/NG59/Comments_form_16_July_2020.docx",TRUE,"downloaded",
"NG59","Draft guidance consultation","Draft guideline","16 July 2020","pdf","https://www.nice.org.uk/guidance/ng59/update/ng59-update-1/documents/draft-guideline","Draft_guideline","16_July_2020","pdf","Draft_guideline_16_July_2020.pdf","D:/NICE_history/NG59","D:/NICE_history/NG59/Draft_guideline_16_July_2020.pdf",TRUE,"downloaded",
"NG59","Draft guidance consultation","Equality impact assessment","16 July 2020","pdf","https://www.nice.org.uk/guidance/ng59/update/ng59-update-1/documents/equality-impact-assessment","Equality_impact_assessment","16_July_2020","pdf","Equality_impact_assessment_16_July_2020.pdf","D:/NICE_history/NG59","D:/NICE_history/NG59/Equality_impact_assessment_16_July_2020.pdf",TRUE,"downloaded",
"NG59","Draft guidance consultation","Evidence review","16 July 2020","pdf","https://www.nice.org.uk/guidance/ng59/update/ng59-update-1/documents/evidence-review","Evidence_review","16_July_2020","pdf","Evidence_review_16_July_2020.pdf","D:/NICE_history/NG59","D:/NICE_history/NG59/Evidence_review_16_July_2020.pdf",TRUE,"downloaded",
"NG59","Draft guidance consultation","Guideline appendices","16 July 2020","pdf","https://www.nice.org.uk/guidance/ng59/update/ng59-update-1/documents/guideline-appendices","Guideline_appendices","16_July_2020","pdf","Guideline_appendices_16_July_2020.pdf","D:/NICE_history/NG59","D:/NICE_history/NG59/Guideline_appendices_16_July_2020.pdf",TRUE,"downloaded",
"NG59","Draft guidance consultation","Guideline appendices","16 July 2020","pdf","https://www.nice.org.uk/guidance/ng59/update/ng59-update-1/documents/guideline-appendices-2","Guideline_appendices","16_July_2020","pdf","Guideline_appendices_16_July_2020_2.pdf","D:/NICE_history/NG59","D:/NICE_history/NG59/Guideline_appendices_16_July_2020_2.pdf",TRUE,"downloaded",
"NG59","Draft guidance consultation","Guideline appendices","16 July 2020","pdf","https://www.nice.org.uk/guidance/ng59/update/ng59-update-1/documents/guideline-appendices-3","Guideline_appendices","16_July_2020","pdf","Guideline_appendices_16_July_2020_3.pdf","D:/NICE_history/NG59","D:/NICE_history/NG59/Guideline_appendices_16_July_2020_3.pdf",TRUE,"downloaded",
"NG59","Draft guidance consultation","Guideline appendices","16 July 2020","pdf","https://www.nice.org.uk/guidance/ng59/update/ng59-update-1/documents/guideline-appendices-4","Guideline_appendices","16_July_2020","pdf","Guideline_appendices_16_July_2020_4.pdf","D:/NICE_history/NG59","D:/NICE_history/NG59/Guideline_appendices_16_July_2020_4.pdf",TRUE,"downloaded",
"NG59","Draft guidance consultation","Guideline appendices","16 July 2020","pdf","https://www.nice.org.uk/guidance/ng59/update/ng59-update-1/documents/guideline-appendices-5","Guideline_appendices","16_July_2020","pdf","Guideline_appendices_16_July_2020_5.pdf","D:/NICE_history/NG59","D:/NICE_history/NG59/Guideline_appendices_16_July_2020_5.pdf",TRUE,"downloaded",
"NG59","Guidance published","Committee member list","22 September 2020","pdf","https://www.nice.org.uk/guidance/ng59/update/ng59-update-1/documents/committee-member-list-2","Committee_member_list","22_September_2020","pdf","Committee_member_list_22_September_2020.pdf","D:/NICE_history/NG59","D:/NICE_history/NG59/Committee_member_list_22_September_2020.pdf",TRUE,"downloaded",
"NG59","Guidance published","Committee member list declarations of interest","22 September 2020","pdf","https://www.nice.org.uk/guidance/ng59/update/ng59-update-1/documents/committee-member-list-3","Committee_member_list_declarations_of_interest","22_September_2020","pdf","Committee_member_list_declarations_of_interest_22_September_2020.pdf","D:/NICE_history/NG59","D:/NICE_history/NG59/Committee_member_list_declarations_of_interest_22_September_2020.pdf",TRUE,"downloaded",
"NG59","Guidance published","Consultation comments and responses","22 September 2020","pdf","https://www.nice.org.uk/guidance/ng59/update/ng59-update-1/documents/consultation-comments-and-responses","Consultation_comments_and_responses","22_September_2020","pdf","Consultation_comments_and_responses_22_September_2020.pdf","D:/NICE_history/NG59","D:/NICE_history/NG59/Consultation_comments_and_responses_22_September_2020.pdf",TRUE,"downloaded",
"NG59","Guidance published","Equality impact assessment Section 4","22 September 2020","pdf","https://www.nice.org.uk/guidance/ng59/update/ng59-update-1/documents/equality-impact-assessment-2","Equality_impact_assessment_Section_4","22_September_2020","pdf","Equality_impact_assessment_Section_4_22_September_2020.pdf","D:/NICE_history/NG59","D:/NICE_history/NG59/Equality_impact_assessment_Section_4_22_September_2020.pdf",TRUE,"downloaded",
"NG59","Original development on 30 November 2016","Minutes 17","01 September 2015","pdf","https://www.nice.org.uk/guidance/ng59/update/NG59/documents/minutes-5","Minutes_17","01_September_2015","pdf","Minutes_17_01_September_2015.pdf","D:/NICE_history/NG59","D:/NICE_history/NG59/Minutes_17_01_September_2015.pdf",TRUE,"downloaded",
"NG59","Original development on 30 November 2016","Minutes 21","02 December 2015","pdf","https://www.nice.org.uk/guidance/ng59/update/NG59/documents/minutes-9","Minutes_21","02_December_2015","pdf","Minutes_21_02_December_2015.pdf","D:/NICE_history/NG59","D:/NICE_history/NG59/Minutes_21_02_December_2015.pdf",TRUE,"downloaded",
"NG59","Original development on 30 November 2016","GDG 10 minutes","02 June 2015","pdf","https://www.nice.org.uk/guidance/ng59/update/NG59/documents/low-back-pain-and-sciatica-gdg-10-minutes2","GDG_10_minutes","02_June_2015","pdf","GDG_10_minutes_02_June_2015.pdf","D:/NICE_history/NG59","D:/NICE_history/NG59/GDG_10_minutes_02_June_2015.pdf",TRUE,"downloaded",
"NG59","Original development on 30 November 2016","GDG 11 minutes","02 June 2015","pdf","https://www.nice.org.uk/guidance/ng59/update/NG59/documents/low-back-pain-and-sciatica-gdg-11-minutes2","GDG_11_minutes","02_June_2015","pdf","GDG_11_minutes_02_June_2015.pdf","D:/NICE_history/NG59","D:/NICE_history/NG59/GDG_11_minutes_02_June_2015.pdf",TRUE,"downloaded",
"NG59","Original development on 30 November 2016","GDG 12 minutes","02 June 2015","pdf","https://www.nice.org.uk/guidance/ng59/update/NG59/documents/low-back-pain-and-sciatica-gdg-12-minutes2","GDG_12_minutes","02_June_2015","pdf","GDG_12_minutes_02_June_2015.pdf","D:/NICE_history/NG59","D:/NICE_history/NG59/GDG_12_minutes_02_June_2015.pdf",TRUE,"downloaded",
"NG59","Original development on 30 November 2016","Minutes 18","02 September 2015","pdf","https://www.nice.org.uk/guidance/ng59/update/NG59/documents/minutes-6","Minutes_18","02_September_2015","pdf","Minutes_18_02_September_2015.pdf","D:/NICE_history/NG59","D:/NICE_history/NG59/Minutes_18_02_September_2015.pdf",TRUE,"downloaded",
"NG59","Original development on 30 November 2016","Minutes 22","03 December 2015","pdf","https://www.nice.org.uk/guidance/ng59/update/NG59/documents/minutes-10","Minutes_22","03_December_2015","pdf","Minutes_22_03_December_2015.pdf","D:/NICE_history/NG59","D:/NICE_history/NG59/Minutes_22_03_December_2015.pdf",TRUE,"downloaded",
"NG59","Original development on 30 November 2016","GDG membership","04 March 2015","pdf","https://www.nice.org.uk/guidance/ng59/update/NG59/documents/low-back-pain-and-sciatica-gdg-membership2","GDG_membership","04_March_2015","pdf","GDG_membership_04_March_2015.pdf","D:/NICE_history/NG59","D:/NICE_history/NG59/GDG_membership_04_March_2015.pdf",TRUE,"downloaded",
"NG59","Original development on 30 November 2016","Minutes 19","05 October 2015","pdf","https://www.nice.org.uk/guidance/ng59/update/NG59/documents/minutes-7","Minutes_19","05_October_2015","pdf","Minutes_19_05_October_2015.pdf","D:/NICE_history/NG59","D:/NICE_history/NG59/Minutes_19_05_October_2015.pdf",TRUE,"downloaded",
"NG59","Original development on 30 November 2016","Minutes 20","06 November 2015","pdf","https://www.nice.org.uk/guidance/ng59/update/NG59/documents/minutes-8","Minutes_20","06_November_2015","pdf","Minutes_20_06_November_2015.pdf","D:/NICE_history/NG59","D:/NICE_history/NG59/Minutes_20_06_November_2015.pdf",TRUE,"downloaded",
"NG59","Original development on 30 November 2016","Minutes 13","07 April 2015","pdf","https://www.nice.org.uk/guidance/ng59/update/NG59/documents/minutes","Minutes_13","07_April_2015","pdf","Minutes_13_07_April_2015.pdf","D:/NICE_history/NG59","D:/NICE_history/NG59/Minutes_13_07_April_2015.pdf",TRUE,"downloaded",
"NG59","Original development on 30 November 2016","Economic plan","08 February 2016","pdf","https://www.nice.org.uk/guidance/ng59/update/NG59/documents/economic-plan","Economic_plan","08_February_2016","pdf","Economic_plan_08_February_2016.pdf","D:/NICE_history/NG59","D:/NICE_history/NG59/Economic_plan_08_February_2016.pdf",TRUE,"downloaded",
"NG59","Original development on 30 November 2016","Review questions","08 February 2016","pdf","https://www.nice.org.uk/guidance/ng59/update/NG59/documents/review-questions","Review_questions","08_February_2016","pdf","Review_questions_08_February_2016.pdf","D:/NICE_history/NG59","D:/NICE_history/NG59/Review_questions_08_February_2016.pdf",TRUE,"downloaded",
"NG59","Original development on 30 November 2016","Search strategies","08 February 2016","pdf","https://www.nice.org.uk/guidance/ng59/update/NG59/documents/search-strategies","Search_strategies","08_February_2016","pdf","Search_strategies_08_February_2016.pdf","D:/NICE_history/NG59","D:/NICE_history/NG59/Search_strategies_08_February_2016.pdf",TRUE,"downloaded",
"NG59","Original development on 30 November 2016","GDG 8 minutes","10 February 2015","pdf","https://www.nice.org.uk/guidance/ng59/update/NG59/documents/low-back-pain-and-sciatica-gdg-8-minutes2","GDG_8_minutes","10_February_2015","pdf","GDG_8_minutes_10_February_2015.pdf","D:/NICE_history/NG59","D:/NICE_history/NG59/GDG_8_minutes_10_February_2015.pdf",TRUE,"downloaded",
"NG59","Original development on 30 November 2016","GDG 9 minutes","10 February 2015","pdf","https://www.nice.org.uk/guidance/ng59/update/NG59/documents/low-back-pain-and-sciatica-gdg-9-minutes2","GDG_9_minutes","10_February_2015","pdf","GDG_9_minutes_10_February_2015.pdf","D:/NICE_history/NG59","D:/NICE_history/NG59/GDG_9_minutes_10_February_2015.pdf",TRUE,"downloaded",
"NG59","Original development on 30 November 2016","Low back pain & sciatica: GDG 1 minutes","10 June 2014","pdf","https://www.nice.org.uk/guidance/ng59/update/NG59/documents/low-back-pain-sciatica-gdg-1-minutes2","Low_back_pain_&_sciatica_GDG_1_minutes","10_June_2014","pdf","Low_back_pain_&_sciatica_GDG_1_minutes_10_June_2014.pdf","D:/NICE_history/NG59","D:/NICE_history/NG59/Low_back_pain_&_sciatica_GDG_1_minutes_10_June_2014.pdf",TRUE,"downloaded",
"NG59","Original development on 30 November 2016","Low back pain & sciatica: GDG 2 minutes","10 June 2014","pdf","https://www.nice.org.uk/guidance/ng59/update/NG59/documents/low-back-pain-sciatica-gdg-2-minutes2","Low_back_pain_&_sciatica_GDG_2_minutes","10_June_2014","pdf","Low_back_pain_&_sciatica_GDG_2_minutes_10_June_2014.pdf","D:/NICE_history/NG59","D:/NICE_history/NG59/Low_back_pain_&_sciatica_GDG_2_minutes_10_June_2014.pdf",TRUE,"downloaded",
"NG59","Original development on 30 November 2016","Equality impact assessment 3","10 November 2016","pdf","https://www.nice.org.uk/guidance/ng59/update/NG59/documents/equality-impact-assessment-3","Equality_impact_assessment_3","10_November_2016","pdf","Equality_impact_assessment_3_10_November_2016.pdf","D:/NICE_history/NG59","D:/NICE_history/NG59/Equality_impact_assessment_3_10_November_2016.pdf",TRUE,"downloaded",
"NG59","Original development on 30 November 2016","Minutes 23","12 January 2016","pdf","https://www.nice.org.uk/guidance/ng59/update/NG59/documents/minutes-11","Minutes_23","12_January_2016","pdf","Minutes_23_12_January_2016.pdf","D:/NICE_history/NG59","D:/NICE_history/NG59/Minutes_23_12_January_2016.pdf",TRUE,"downloaded",
"NG59","Original development on 30 November 2016","Minutes 14","12 May 2015","pdf","https://www.nice.org.uk/guidance/ng59/update/NG59/documents/minutes-2","Minutes_14","12_May_2015","pdf","Minutes_14_12_May_2015.pdf","D:/NICE_history/NG59","D:/NICE_history/NG59/Minutes_14_12_May_2015.pdf",TRUE,"downloaded",
"NG59","Original development on 30 November 2016","GDG 5 minutes","15 October 2014","pdf","https://www.nice.org.uk/guidance/ng59/update/NG59/documents/low-back-pain-and-sciatica-gdg-5-minutes2","GDG_5_minutes","15_October_2014","pdf","GDG_5_minutes_15_October_2014.pdf","D:/NICE_history/NG59","D:/NICE_history/NG59/GDG_5_minutes_15_October_2014.pdf",TRUE,"downloaded",
"NG59","Original development on 30 November 2016","GDG 4 minutes","16 August 2014","pdf","https://www.nice.org.uk/guidance/ng59/update/NG59/documents/low-back-pain-and-sciatica-gdg-4-minutes2","GDG_4_minutes","16_August_2014","pdf","GDG_4_minutes_16_August_2014.pdf","D:/NICE_history/NG59","D:/NICE_history/NG59/GDG_4_minutes_16_August_2014.pdf",TRUE,"downloaded",
"NG59","Original development on 30 November 2016","Low back pain (update): stakeholder list","17 December 2014","pdf","https://www.nice.org.uk/guidance/ng59/update/NG59/documents/low-back-pain-update-stakeholder-list2","Low_back_pain_(update)_stakeholder_list","17_December_2014","pdf","Low_back_pain_(update)_stakeholder_list_17_December_2014.pdf","D:/NICE_history/NG59","D:/NICE_history/NG59/Low_back_pain_(update)_stakeholder_list_17_December_2014.pdf",TRUE,"downloaded",
"NG59","Original development on 30 November 2016","GDG 3 minutes","18 July 2014","pdf","https://www.nice.org.uk/guidance/ng59/update/NG59/documents/low-back-pain-and-sciatica-gdg-3-minutes2","GDG_3_minutes","18_July_2014","pdf","GDG_3_minutes_18_July_2014.pdf","D:/NICE_history/NG59","D:/NICE_history/NG59/GDG_3_minutes_18_July_2014.pdf",TRUE,"downloaded",
"NG59","Original development on 30 November 2016","Minutes 15","18 June 2015","pdf","https://www.nice.org.uk/guidance/ng59/update/NG59/documents/minutes-3","Minutes_15","18_June_2015","pdf","Minutes_15_18_June_2015.pdf","D:/NICE_history/NG59","D:/NICE_history/NG59/Minutes_15_18_June_2015.pdf",TRUE,"downloaded",
"NG59","Original development on 30 November 2016","Consultation comments and responses 2","19 December 2016","pdf","https://www.nice.org.uk/guidance/ng59/update/NG59/documents/consultation-comments-and-responses-2","Consultation_comments_and_responses_2","19_December_2016","pdf","Consultation_comments_and_responses_2_19_December_2016.pdf","D:/NICE_history/NG59","D:/NICE_history/NG59/Consultation_comments_and_responses_2_19_December_2016.pdf",TRUE,"downloaded",
"NG59","Original development on 30 November 2016","Low back pain (update): draft scope","21 October 2013","pdf","https://www.nice.org.uk/guidance/ng59/update/NG59/documents/low-back-pain-update-draft-scope2","Low_back_pain_(update)_draft_scope","21_October_2013","pdf","Low_back_pain_(update)_draft_scope_21_October_2013.pdf","D:/NICE_history/NG59","D:/NICE_history/NG59/Low_back_pain_(update)_draft_scope_21_October_2013.pdf",TRUE,"downloaded",
"NG59","Original development on 30 November 2016","Low back pain (update): stakeholder workshop notes","21 October 2013","pdf","https://www.nice.org.uk/guidance/ng59/update/NG59/documents/low-back-pain-update-stakeholder-workshop-notes2","Low_back_pain_(update)_stakeholder_workshop_notes","21_October_2013","pdf","Low_back_pain_(update)_stakeholder_workshop_notes_21_October_2013.pdf","D:/NICE_history/NG59","D:/NICE_history/NG59/Low_back_pain_(update)_stakeholder_workshop_notes_21_October_2013.pdf",TRUE,"downloaded",
"NG59","Original development on 30 November 2016","Equality impact assessment - scoping","23 January 2014","pdf","https://www.nice.org.uk/guidance/ng59/update/NG59/documents/low-back-pain-and-sciatica-equality-impact-assessment-scoping2","Equality_impact_assessment_-_scoping","23_January_2014","pdf","Equality_impact_assessment_-_scoping_23_January_2014.pdf","D:/NICE_history/NG59","D:/NICE_history/NG59/Equality_impact_assessment_-_scoping_23_January_2014.pdf",TRUE,"downloaded",
"NG59","Original development on 30 November 2016","Final scope","23 January 2014","pdf","https://www.nice.org.uk/guidance/ng59/update/NG59/documents/low-back-pain-and-sciatica-final-scope2","Final_scope","23_January_2014","pdf","Final_scope_23_January_2014.pdf","D:/NICE_history/NG59","D:/NICE_history/NG59/Final_scope_23_January_2014.pdf",TRUE,"downloaded",
"NG59","Original development on 30 November 2016","Scope consultation comments table","23 January 2014","pdf","https://www.nice.org.uk/guidance/ng59/update/NG59/documents/low-back-pain-and-sciatica-scope-consultation-comments-table-2","Scope_consultation_comments_table","23_January_2014","pdf","Scope_consultation_comments_table_23_January_2014.pdf","D:/NICE_history/NG59","D:/NICE_history/NG59/Scope_consultation_comments_table_23_January_2014.pdf",TRUE,"downloaded",
"NG59","Original development on 30 November 2016","Comments form","24 March 2016","docx","https://www.nice.org.uk/guidance/ng59/update/NG59/documents/comments-form","Comments_form","24_March_2016","docx","Comments_form_24_March_2016.docx","D:/NICE_history/NG59","D:/NICE_history/NG59/Comments_form_24_March_2016.docx",TRUE,"downloaded",
"NG59","Original development on 30 November 2016","Confidentiality form","24 March 2016","docx","https://www.nice.org.uk/guidance/ng59/update/NG59/documents/confidentiality-form","Confidentiality_form","24_March_2016","docx","Confidentiality_form_24_March_2016.docx","D:/NICE_history/NG59","D:/NICE_history/NG59/Confidentiality_form_24_March_2016.docx",TRUE,"downloaded",
"NG59","Original development on 30 November 2016","Draft guideline Part 1 Assessment and non invasive","24 March 2016","pdf","https://www.nice.org.uk/guidance/ng59/update/NG59/documents/draft-guideline","Draft_guideline_Part_1_Assessment_and_non_invasive","24_March_2016","pdf","Draft_guideline_Part_1_Assessment_and_non_invasive_24_March_2016.pdf","D:/NICE_history/NG59","D:/NICE_history/NG59/Draft_guideline_Part_1_Assessment_and_non_invasive_24_March_2016.pdf",TRUE,"downloaded",
"NG59","Original development on 30 November 2016","Draft guideline Part 2 Invasive","24 March 2016","pdf","https://www.nice.org.uk/guidance/ng59/update/NG59/documents/draft-guideline-2","Draft_guideline_Part_2_Invasive","24_March_2016","pdf","Draft_guideline_Part_2_Invasive_24_March_2016.pdf","D:/NICE_history/NG59","D:/NICE_history/NG59/Draft_guideline_Part_2_Invasive_24_March_2016.pdf",TRUE,"downloaded",
"NG59","Original development on 30 November 2016","Equality impact assessment","24 March 2016","pdf","https://www.nice.org.uk/guidance/ng59/update/NG59/documents/equality-impact-assessment-2","Equality_impact_assessment","24_March_2016","pdf","Equality_impact_assessment_24_March_2016.pdf","D:/NICE_history/NG59","D:/NICE_history/NG59/Equality_impact_assessment_24_March_2016.pdf",TRUE,"downloaded",
"NG59","Original development on 30 November 2016","Guideline appendices Appendices A-G","24 March 2016","pdf","https://www.nice.org.uk/guidance/ng59/update/NG59/documents/guideline-appendices","Guideline_appendices_Appendices_A-G","24_March_2016","pdf","Guideline_appendices_Appendices_A-G_24_March_2016.pdf","D:/NICE_history/NG59","D:/NICE_history/NG59/Guideline_appendices_Appendices_A-G_24_March_2016.pdf",TRUE,"downloaded",
"NG59","Original development on 30 November 2016","Guideline appendices Appendices I-J","24 March 2016","pdf","https://www.nice.org.uk/guidance/ng59/update/NG59/documents/guideline-appendices-2","Guideline_appendices_Appendices_I-J","24_March_2016","pdf","Guideline_appendices_Appendices_I-J_24_March_2016.pdf","D:/NICE_history/NG59","D:/NICE_history/NG59/Guideline_appendices_Appendices_I-J_24_March_2016.pdf",TRUE,"downloaded",
"NG59","Original development on 30 November 2016","Guideline appendices Appendices K-Q","24 March 2016","pdf","https://www.nice.org.uk/guidance/ng59/update/NG59/documents/guideline-appendices-5","Guideline_appendices_Appendices_K-Q","24_March_2016","pdf","Guideline_appendices_Appendices_K-Q_24_March_2016.pdf","D:/NICE_history/NG59","D:/NICE_history/NG59/Guideline_appendices_Appendices_K-Q_24_March_2016.pdf",TRUE,"downloaded",
"NG59","Original development on 30 November 2016","Guideline appendix Appendix H","24 March 2016","pdf","https://www.nice.org.uk/guidance/ng59/update/NG59/documents/guideline-appendix","Guideline_appendix_Appendix_H","24_March_2016","pdf","Guideline_appendix_Appendix_H_24_March_2016.pdf","D:/NICE_history/NG59","D:/NICE_history/NG59/Guideline_appendix_Appendix_H_24_March_2016.pdf",TRUE,"downloaded",
"NG59","Original development on 30 November 2016","Short version of draft guideline","24 March 2016","pdf","https://www.nice.org.uk/guidance/ng59/update/NG59/documents/short-version-of-draft-guideline","Short_version_of_draft_guideline","24_March_2016","pdf","Short_version_of_draft_guideline_24_March_2016.pdf","D:/NICE_history/NG59","D:/NICE_history/NG59/Short_version_of_draft_guideline_24_March_2016.pdf",TRUE,"downloaded",
"NG59","Original development on 30 November 2016","Equality impact assessment Section 1&2","27 May 2016","pdf","https://www.nice.org.uk/guidance/ng59/update/NG59/documents/equality-impact-assessment","Equality_impact_assessment_Section_1&2","27_May_2016","pdf","Equality_impact_assessment_Section_1&2_27_May_2016.pdf","D:/NICE_history/NG59","D:/NICE_history/NG59/Equality_impact_assessment_Section_1&2_27_May_2016.pdf",TRUE,"downloaded",
"NG59","Original development on 30 November 2016","GDG 6 minutes","28 October 2014","pdf","https://www.nice.org.uk/guidance/ng59/update/NG59/documents/low-back-pain-and-sciatica-gdg-6-minutes2","GDG_6_minutes","28_October_2014","pdf","GDG_6_minutes_28_October_2014.pdf","D:/NICE_history/NG59","D:/NICE_history/NG59/GDG_6_minutes_28_October_2014.pdf",TRUE,"downloaded",
"NG59","Original development on 30 November 2016","GDG 7 minutes","28 October 2014","pdf","https://www.nice.org.uk/guidance/ng59/update/NG59/documents/low-back-pain-and-sciatica-gdg-7-minutes2","GDG_7_minutes","28_October_2014","pdf","GDG_7_minutes_28_October_2014.pdf","D:/NICE_history/NG59","D:/NICE_history/NG59/GDG_7_minutes_28_October_2014.pdf",TRUE,"downloaded",
"NG59","Original development on 30 November 2016","Minutes 16","30 July 2015","pdf","https://www.nice.org.uk/guidance/ng59/update/NG59/documents/minutes-4","Minutes_16","30_July_2015","pdf","Minutes_16_30_July_2015.pdf","D:/NICE_history/NG59","D:/NICE_history/NG59/Minutes_16_30_July_2015.pdf",TRUE,"downloaded",
"NG59","Original development on 30 November 2016","Committee member list","30 November 2016","pdf","https://www.nice.org.uk/guidance/ng59/update/NG59/documents/committee-member-list","Committee_member_list","30_November_2016","pdf","Committee_member_list_30_November_2016.pdf","D:/NICE_history/NG59","D:/NICE_history/NG59/Committee_member_list_30_November_2016.pdf",TRUE,"downloaded",
"NG59","Original development on 30 November 2016","Consultation comments and responses 1","30 November 2016","pdf","https://www.nice.org.uk/guidance/ng59/update/NG59/documents/consultation-comments-and-responses","Consultation_comments_and_responses_1","30_November_2016","pdf","Consultation_comments_and_responses_1_30_November_2016.pdf","D:/NICE_history/NG59","D:/NICE_history/NG59/Consultation_comments_and_responses_1_30_November_2016.pdf",TRUE,"downloaded",
"NG59","Original development on 30 November 2016","Equality impact assessment 4","30 November 2016","pdf","https://www.nice.org.uk/guidance/ng59/update/NG59/documents/equality-impact-assessment-4","Equality_impact_assessment_4","30_November_2016","pdf","Equality_impact_assessment_4_30_November_2016.pdf","D:/NICE_history/NG59","D:/NICE_history/NG59/Equality_impact_assessment_4_30_November_2016.pdf",TRUE,"downloaded",
"NG59","Scope published","Final scope","15 June 2020","pdf","https://www.nice.org.uk/guidance/ng59/update/ng59-update-1/documents/final-scope","Final_scope","15_June_2020","pdf","Final_scope_15_June_2020.pdf","D:/NICE_history/NG59","D:/NICE_history/NG59/Final_scope_15_June_2020.pdf",TRUE,"downloaded",
"NG59","Stakeholder list updated","Stakeholder list","15 July 2020","pdf","https://www.nice.org.uk/guidance/ng59/update/ng59-update-1/documents/stakeholder-list-2","Stakeholder_list","15_July_2020","pdf","Stakeholder_list_15_July_2020.pdf","D:/NICE_history/NG59","D:/NICE_history/NG59/Stakeholder_list_15_July_2020.pdf",TRUE,"downloaded",
"NG66","Committee list updated","Committee member list and DOIs","21 March 2017","pdf","https://www.nice.org.uk/guidance/ng66/documents/committee-member-list","Committee_member_list_and_DOIs","21_March_2017","pdf","Committee_member_list_and_DOIs_21_March_2017.pdf","D:/NICE_history/NG66","D:/NICE_history/NG66/Committee_member_list_and_DOIs_21_March_2017.pdf",TRUE,"downloaded",
"NG66","Committee meetings","Minutes - Meeting 7","10 December 2015","pdf","https://www.nice.org.uk/guidance/ng66/documents/minutes-9","Minutes_-_Meeting_7","10_December_2015","pdf","Minutes_-_Meeting_7_10_December_2015.pdf","D:/NICE_history/NG66","D:/NICE_history/NG66/Minutes_-_Meeting_7_10_December_2015.pdf",TRUE,"downloaded",
"NG66","Committee meetings","Minutes - Meeting 9","10 February 2016","pdf","https://www.nice.org.uk/guidance/ng66/documents/minutes-11","Minutes_-_Meeting_9","10_February_2016","pdf","Minutes_-_Meeting_9_10_February_2016.pdf","D:/NICE_history/NG66","D:/NICE_history/NG66/Minutes_-_Meeting_9_10_February_2016.pdf",TRUE,"downloaded",
"NG66","Committee meetings","Minutes - Meeting 8","14 January 2016","pdf","https://www.nice.org.uk/guidance/ng66/documents/minutes-10","Minutes_-_Meeting_8","14_January_2016","pdf","Minutes_-_Meeting_8_14_January_2016.pdf","D:/NICE_history/NG66","D:/NICE_history/NG66/Minutes_-_Meeting_8_14_January_2016.pdf",TRUE,"downloaded",
"NG66","Committee meetings","Minutes - Meeting 10","19 May 2016","pdf","https://www.nice.org.uk/guidance/ng66/documents/minutes-12","Minutes_-_Meeting_10","19_May_2016","pdf","Minutes_-_Meeting_10_19_May_2016.pdf","D:/NICE_history/NG66","D:/NICE_history/NG66/Minutes_-_Meeting_10_19_May_2016.pdf",TRUE,"downloaded",
"NG66","Committee meetings","Minutes - Meeting 11","19 May 2016","pdf","https://www.nice.org.uk/guidance/ng66/documents/minutes-13","Minutes_-_Meeting_11","19_May_2016","pdf","Minutes_-_Meeting_11_19_May_2016.pdf","D:/NICE_history/NG66","D:/NICE_history/NG66/Minutes_-_Meeting_11_19_May_2016.pdf",TRUE,"downloaded",
"NG66","Committee meetings","Minutes meeting 12","20 January 2017","pdf","https://www.nice.org.uk/guidance/ng66/documents/minutes","Minutes_meeting_12","20_January_2017","pdf","Minutes_meeting_12_20_January_2017.pdf","D:/NICE_history/NG66","D:/NICE_history/NG66/Minutes_meeting_12_20_January_2017.pdf",TRUE,"downloaded",
"NG66","Committee meetings","Minutes meeting 13","20 January 2017","pdf","https://www.nice.org.uk/guidance/ng66/documents/minutes-2","Minutes_meeting_13","20_January_2017","pdf","Minutes_meeting_13_20_January_2017.pdf","D:/NICE_history/NG66","D:/NICE_history/NG66/Minutes_meeting_13_20_January_2017.pdf",TRUE,"downloaded",
"NG66","Committee meetings","Minutes - Meeting 6","30 October 2015","pdf","https://www.nice.org.uk/guidance/ng66/documents/minutes-8","Minutes_-_Meeting_6","30_October_2015","pdf","Minutes_-_Meeting_6_30_October_2015.pdf","D:/NICE_history/NG66","D:/NICE_history/NG66/Minutes_-_Meeting_6_30_October_2015.pdf",TRUE,"downloaded",
"NG66","Consultation comments published","Consultation comments and responses","20 March 2017","pdf","https://www.nice.org.uk/guidance/ng66/documents/consultation-comments-and-responses","Consultation_comments_and_responses","20_March_2017","pdf","Consultation_comments_and_responses_20_March_2017.pdf","D:/NICE_history/NG66","D:/NICE_history/NG66/Consultation_comments_and_responses_20_March_2017.pdf",TRUE,"downloaded",
"NG66","Draft guidance consultation","Comments form Comments Form","07 October 2016","docx","https://www.nice.org.uk/guidance/ng66/documents/comments-form","Comments_form_Comments_Form","07_October_2016","docx","Comments_form_Comments_Form_07_October_2016.docx","D:/NICE_history/NG66","D:/NICE_history/NG66/Comments_form_Comments_Form_07_October_2016.docx",TRUE,"downloaded",
"NG66","Draft guidance consultation","Draft guideline Full draft guideline","07 October 2016","pdf","https://www.nice.org.uk/guidance/ng66/documents/draft-guideline","Draft_guideline_Full_draft_guideline","07_October_2016","pdf","Draft_guideline_Full_draft_guideline_07_October_2016.pdf","D:/NICE_history/NG66","D:/NICE_history/NG66/Draft_guideline_Full_draft_guideline_07_October_2016.pdf",TRUE,"downloaded",
"NG66","Draft guidance consultation","Guideline appendix Guideline appendix A–G","07 October 2016","pdf","https://www.nice.org.uk/guidance/ng66/documents/guideline-appendix","Guideline_appendix_Guideline_appendix_A–G","07_October_2016","pdf","Guideline_appendix_Guideline_appendix_A–G_07_October_2016.pdf","D:/NICE_history/NG66","D:/NICE_history/NG66/Guideline_appendix_Guideline_appendix_A–G_07_October_2016.pdf",TRUE,"downloaded",
"NG66","Draft guidance consultation","Guideline appendix Guideline appendix H","07 October 2016","pdf","https://www.nice.org.uk/guidance/ng66/documents/guideline-appendix-2","Guideline_appendix_Guideline_appendix_H","07_October_2016","pdf","Guideline_appendix_Guideline_appendix_H_07_October_2016.pdf","D:/NICE_history/NG66","D:/NICE_history/NG66/Guideline_appendix_Guideline_appendix_H_07_October_2016.pdf",TRUE,"downloaded",
"NG66","Draft guidance consultation","Guideline appendix Guideline appendix I","07 October 2016","pdf","https://www.nice.org.uk/guidance/ng66/documents/guideline-appendix-3","Guideline_appendix_Guideline_appendix_I","07_October_2016","pdf","Guideline_appendix_Guideline_appendix_I_07_October_2016.pdf","D:/NICE_history/NG66","D:/NICE_history/NG66/Guideline_appendix_Guideline_appendix_I_07_October_2016.pdf",TRUE,"downloaded",
"NG66","Draft guidance consultation","Guideline appendix Guideline appendix J","07 October 2016","xlsx","https://www.nice.org.uk/guidance/ng66/documents/guideline-appendix-4","Guideline_appendix_Guideline_appendix_J","07_October_2016","xlsx","Guideline_appendix_Guideline_appendix_J_07_October_2016.xlsx","D:/NICE_history/NG66","D:/NICE_history/NG66/Guideline_appendix_Guideline_appendix_J_07_October_2016.xlsx",TRUE,"downloaded",
"NG66","Draft guidance consultation","Guideline appendix Guideline appendix K","07 October 2016","xlsx","https://www.nice.org.uk/guidance/ng66/documents/guideline-appendix-5","Guideline_appendix_Guideline_appendix_K","07_October_2016","xlsx","Guideline_appendix_Guideline_appendix_K_07_October_2016.xlsx","D:/NICE_history/NG66","D:/NICE_history/NG66/Guideline_appendix_Guideline_appendix_K_07_October_2016.xlsx",TRUE,"downloaded",
"NG66","Draft guidance consultation","Guideline appendix Guideline appendix L","07 October 2016","xlsx","https://www.nice.org.uk/guidance/ng66/documents/guideline-appendix-6","Guideline_appendix_Guideline_appendix_L","07_October_2016","xlsx","Guideline_appendix_Guideline_appendix_L_07_October_2016.xlsx","D:/NICE_history/NG66","D:/NICE_history/NG66/Guideline_appendix_Guideline_appendix_L_07_October_2016.xlsx",TRUE,"downloaded",
"NG66","Draft guidance consultation","Guideline appendix Guideline appendix M","07 October 2016","pdf","https://www.nice.org.uk/guidance/ng66/documents/guideline-appendix-7","Guideline_appendix_Guideline_appendix_M","07_October_2016","pdf","Guideline_appendix_Guideline_appendix_M_07_October_2016.pdf","D:/NICE_history/NG66","D:/NICE_history/NG66/Guideline_appendix_Guideline_appendix_M_07_October_2016.pdf",TRUE,"downloaded",
"NG66","Draft guidance consultation","Guideline appendix Guideline appendix N","07 October 2016","pdf","https://www.nice.org.uk/guidance/ng66/documents/guideline-appendix-8","Guideline_appendix_Guideline_appendix_N","07_October_2016","pdf","Guideline_appendix_Guideline_appendix_N_07_October_2016.pdf","D:/NICE_history/NG66","D:/NICE_history/NG66/Guideline_appendix_Guideline_appendix_N_07_October_2016.pdf",TRUE,"downloaded",
"NG66","Draft guidance consultation","Guideline appendix Guideline appendix O","07 October 2016","pdf","https://www.nice.org.uk/guidance/ng66/documents/guideline-appendix-9","Guideline_appendix_Guideline_appendix_O","07_October_2016","pdf","Guideline_appendix_Guideline_appendix_O_07_October_2016.pdf","D:/NICE_history/NG66","D:/NICE_history/NG66/Guideline_appendix_Guideline_appendix_O_07_October_2016.pdf",TRUE,"downloaded",
"NG66","Draft guidance consultation","Guideline appendix Guideline appendix P","07 October 2016","pdf","https://www.nice.org.uk/guidance/ng66/documents/guideline-appendix-10","Guideline_appendix_Guideline_appendix_P","07_October_2016","pdf","Guideline_appendix_Guideline_appendix_P_07_October_2016.pdf","D:/NICE_history/NG66","D:/NICE_history/NG66/Guideline_appendix_Guideline_appendix_P_07_October_2016.pdf",TRUE,"downloaded",
"NG66","Draft guidance consultation","Guideline appendix Guideline appendix R","07 October 2016","pdf","https://www.nice.org.uk/guidance/ng66/documents/guideline-appendix-11","Guideline_appendix_Guideline_appendix_R","07_October_2016","pdf","Guideline_appendix_Guideline_appendix_R_07_October_2016.pdf","D:/NICE_history/NG66","D:/NICE_history/NG66/Guideline_appendix_Guideline_appendix_R_07_October_2016.pdf",TRUE,"downloaded",
"NG66","Draft guidance consultation","Guideline appendix Guideline appendix S","07 October 2016","pdf","https://www.nice.org.uk/guidance/ng66/documents/guideline-appendix-12","Guideline_appendix_Guideline_appendix_S","07_October_2016","pdf","Guideline_appendix_Guideline_appendix_S_07_October_2016.pdf","D:/NICE_history/NG66","D:/NICE_history/NG66/Guideline_appendix_Guideline_appendix_S_07_October_2016.pdf",TRUE,"downloaded",
"NG66","Draft guidance consultation","Guideline appendix Guideline appendix T","07 October 2016","pdf","https://www.nice.org.uk/guidance/ng66/documents/guideline-appendix-13","Guideline_appendix_Guideline_appendix_T","07_October_2016","pdf","Guideline_appendix_Guideline_appendix_T_07_October_2016.pdf","D:/NICE_history/NG66","D:/NICE_history/NG66/Guideline_appendix_Guideline_appendix_T_07_October_2016.pdf",TRUE,"downloaded",
"NG66","Draft guidance consultation","Guideline appendix Guideline appendix U","07 October 2016","pdf","https://www.nice.org.uk/guidance/ng66/documents/guideline-appendix-14","Guideline_appendix_Guideline_appendix_U","07_October_2016","pdf","Guideline_appendix_Guideline_appendix_U_07_October_2016.pdf","D:/NICE_history/NG66","D:/NICE_history/NG66/Guideline_appendix_Guideline_appendix_U_07_October_2016.pdf",TRUE,"downloaded",
"NG66","Draft guidance consultation","Guideline appendix Guideline appendix V","07 October 2016","xlsx","https://www.nice.org.uk/guidance/ng66/documents/guideline-appendix-15","Guideline_appendix_Guideline_appendix_V","07_October_2016","xlsx","Guideline_appendix_Guideline_appendix_V_07_October_2016.xlsx","D:/NICE_history/NG66","D:/NICE_history/NG66/Guideline_appendix_Guideline_appendix_V_07_October_2016.xlsx",TRUE,"downloaded",
"NG66","Draft guidance consultation","Guideline appendix Guideline appendix W","07 October 2016","pdf","https://www.nice.org.uk/guidance/ng66/documents/guideline-appendix-16","Guideline_appendix_Guideline_appendix_W","07_October_2016","pdf","Guideline_appendix_Guideline_appendix_W_07_October_2016.pdf","D:/NICE_history/NG66","D:/NICE_history/NG66/Guideline_appendix_Guideline_appendix_W_07_October_2016.pdf",FALSE,"failed","Transferred a partial file [www.nice.org.uk]:
transfer closed with outstanding read data remaining"
"NG66","Draft guidance consultation","Short version of draft guideline Short guideline","07 October 2016","pdf","https://www.nice.org.uk/guidance/ng66/documents/short-version-of-draft-guideline","Short_version_of_draft_guideline_Short_guideline","07_October_2016","pdf","Short_version_of_draft_guideline_Short_guideline_07_October_2016.pdf","D:/NICE_history/NG66","D:/NICE_history/NG66/Short_version_of_draft_guideline_Short_guideline_07_October_2016.pdf",TRUE,"downloaded",
"NG66","Equality and health inequalities assessment","Equality impact assessment Section 3","17 October 2016","pdf","https://www.nice.org.uk/guidance/ng66/documents/equality-impact-assessment","Equality_impact_assessment_Section_3","17_October_2016","pdf","Equality_impact_assessment_Section_3_17_October_2016.pdf","D:/NICE_history/NG66","D:/NICE_history/NG66/Equality_impact_assessment_Section_3_17_October_2016.pdf",TRUE,"downloaded",
"NG66","Equality and health inequalities assessment","Equality impact assessment - Section 4","20 March 2016","pdf","https://www.nice.org.uk/guidance/ng66/documents/equality-impact-assessment-2","Equality_impact_assessment_-_Section_4","20_March_2016","pdf","Equality_impact_assessment_-_Section_4_20_March_2016.pdf","D:/NICE_history/NG66","D:/NICE_history/NG66/Equality_impact_assessment_-_Section_4_20_March_2016.pdf",TRUE,"downloaded",
"NG66","Equality impact assessment","Equality impact assessment","20 January 2015","pdf","https://www.nice.org.uk/guidance/ng66/documents/mental-health-of-adults-in-contact-with-the-criminal-justice-system-equality-impact-assessment-2","Equality_impact_assessment","20_January_2015","pdf","Equality_impact_assessment_20_January_2015.pdf","D:/NICE_history/NG66","D:/NICE_history/NG66/Equality_impact_assessment_20_January_2015.pdf",TRUE,"downloaded",
"NG66","Final scope","Final scope","20 January 2015","pdf","https://www.nice.org.uk/guidance/ng66/documents/mental-health-of-adults-in-contact-with-the-criminal-justice-system-final-scope2","Final_scope","20_January_2015","pdf","Final_scope_20_January_2015.pdf","D:/NICE_history/NG66","D:/NICE_history/NG66/Final_scope_20_January_2015.pdf",TRUE,"downloaded",
"NG66","GDG minutes","GDG members list","20 January 2015","pdf","https://www.nice.org.uk/guidance/ng66/documents/mental-health-of-adults-in-contact-with-the-criminal-justice-system-gdg-members-list2","GDG_members_list","20_January_2015","pdf","GDG_members_list_20_January_2015.pdf","D:/NICE_history/NG66","D:/NICE_history/NG66/GDG_members_list_20_January_2015.pdf",TRUE,"downloaded",
"NG66","GDG minutes","Committee minutes 1","21 September 2015","pdf","https://www.nice.org.uk/guidance/ng66/documents/mental-health-of-adults-in-contact-with-the-criminal-justice-system-committee-minutes-12","Committee_minutes_1","21_September_2015","pdf","Committee_minutes_1_21_September_2015.pdf","D:/NICE_history/NG66","D:/NICE_history/NG66/Committee_minutes_1_21_September_2015.pdf",TRUE,"downloaded",
"NG66","GDG minutes","Committee minutes 2","21 September 2015","pdf","https://www.nice.org.uk/guidance/ng66/documents/mental-health-of-adults-in-contact-with-the-criminal-justice-system-committee-minutes-22","Committee_minutes_2","21_September_2015","pdf","Committee_minutes_2_21_September_2015.pdf","D:/NICE_history/NG66","D:/NICE_history/NG66/Committee_minutes_2_21_September_2015.pdf",TRUE,"downloaded",
"NG66","GDG minutes","Committee minutes 3","21 September 2015","pdf","https://www.nice.org.uk/guidance/ng66/documents/mental-health-of-adults-in-contact-with-the-criminal-justice-system-committee-minutes-32","Committee_minutes_3","21_September_2015","pdf","Committee_minutes_3_21_September_2015.pdf","D:/NICE_history/NG66","D:/NICE_history/NG66/Committee_minutes_3_21_September_2015.pdf",TRUE,"downloaded",
"NG66","GDG minutes","Committee minutes 4","21 September 2015","pdf","https://www.nice.org.uk/guidance/ng66/documents/mental-health-of-adults-in-contact-with-the-criminal-justice-system-committee-minutes-42","Committee_minutes_4","21_September_2015","pdf","Committee_minutes_4_21_September_2015.pdf","D:/NICE_history/NG66","D:/NICE_history/NG66/Committee_minutes_4_21_September_2015.pdf",TRUE,"downloaded",
"NG66","Mental health of people in prison: scope consultation","Mental health of people in prison: draft scope","24 September 2014","pdf","https://www.nice.org.uk/guidance/ng66/documents/mental-health-of-people-in-prison-draft-scope2","Mental_health_of_people_in_prison_draft_scope","24_September_2014","pdf","Mental_health_of_people_in_prison_draft_scope_24_September_2014.pdf","D:/NICE_history/NG66","D:/NICE_history/NG66/Mental_health_of_people_in_prison_draft_scope_24_September_2014.pdf",TRUE,"downloaded",
"NG66","Mental health of people in prison: stakeholder workshop notes","Mental health of people in prison: stakeholder workshop notes","23 September 2014","pdf","https://www.nice.org.uk/guidance/ng66/documents/mental-health-of-people-in-prison-stakeholder-workshop-notes2","Mental_health_of_people_in_prison_stakeholder_workshop_notes","23_September_2014","pdf","Mental_health_of_people_in_prison_stakeholder_workshop_notes_23_September_2014.pdf","D:/NICE_history/NG66","D:/NICE_history/NG66/Mental_health_of_people_in_prison_stakeholder_workshop_notes_23_September_2014.pdf",TRUE,"downloaded",
"NG66","Pre-consultation documents released","Economic plan","27 July 2016","pdf","https://www.nice.org.uk/guidance/ng66/documents/economic-plan-2","Economic_plan","27_July_2016","pdf","Economic_plan_27_July_2016.pdf","D:/NICE_history/NG66","D:/NICE_history/NG66/Economic_plan_27_July_2016.pdf",TRUE,"downloaded",
"NG66","Pre-consultation documents released","Review questions","27 July 2016","pdf","https://www.nice.org.uk/guidance/ng66/documents/review-questions-3","Review_questions","27_July_2016","pdf","Review_questions_27_July_2016.pdf","D:/NICE_history/NG66","D:/NICE_history/NG66/Review_questions_27_July_2016.pdf",TRUE,"downloaded",
"NG66","Pre-consultation documents released","Search strategies","27 July 2016","pdf","https://www.nice.org.uk/guidance/ng66/documents/search-strategies","Search_strategies","27_July_2016","pdf","Search_strategies_27_July_2016.pdf","D:/NICE_history/NG66","D:/NICE_history/NG66/Search_strategies_27_July_2016.pdf",TRUE,"downloaded",
"NG66","Scope consultation comments table","Scope consultation comments table","20 January 2015","pdf","https://www.nice.org.uk/guidance/ng66/documents/mental-health-of-adults-in-contact-with-the-criminal-justice-system-scope-consultation-comments-table-2","Scope_consultation_comments_table","20_January_2015","pdf","Scope_consultation_comments_table_20_January_2015.pdf","D:/NICE_history/NG66","D:/NICE_history/NG66/Scope_consultation_comments_table_20_January_2015.pdf",TRUE,"downloaded",
"NG66","Stakeholder list","Stakeholder list","24 April 2015","pdf","https://www.nice.org.uk/guidance/ng66/documents/mental-health-of-adults-in-contact-with-the-criminal-justice-system-stakeholder-list2","Stakeholder_list","24_April_2015","pdf","Stakeholder_list_24_April_2015.pdf","D:/NICE_history/NG66","D:/NICE_history/NG66/Stakeholder_list_24_April_2015.pdf",TRUE,"downloaded",
"NG66","Stakeholder list updated","Stakeholder list","07 October 2016","pdf","https://www.nice.org.uk/guidance/ng66/documents/stakeholder-list","Stakeholder_list","07_October_2016","pdf","Stakeholder_list_07_October_2016.pdf","D:/NICE_history/NG66","D:/NICE_history/NG66/Stakeholder_list_07_October_2016.pdf",TRUE,"downloaded",
"NG89","Committee list updated","Committee member list","27 October 2016","pdf","https://www.nice.org.uk/guidance/ng89/documents/committee-member-list-2","Committee_member_list","27_October_2016","pdf","Committee_member_list_27_October_2016.pdf","D:/NICE_history/NG89","D:/NICE_history/NG89/Committee_member_list_27_October_2016.pdf",TRUE,"downloaded",
"NG89","Committee meetings","Minutes GC 16","12 April 2019","pdf","https://www.nice.org.uk/guidance/ng89/documents/minutes","Minutes_GC_16","12_April_2019","pdf","Minutes_GC_16_12_April_2019.pdf","D:/NICE_history/NG89","D:/NICE_history/NG89/Minutes_GC_16_12_April_2019.pdf",TRUE,"downloaded",
"NG89","Committee meetings","Minutes GC 17","12 April 2019","pdf","https://www.nice.org.uk/guidance/ng89/documents/minutes-2","Minutes_GC_17","12_April_2019","pdf","Minutes_GC_17_12_April_2019.pdf","D:/NICE_history/NG89","D:/NICE_history/NG89/Minutes_GC_17_12_April_2019.pdf",TRUE,"downloaded",
"NG89","Committee meetings","Minutes 1","25 April 2018","pdf","https://www.nice.org.uk/guidance/ng89/documents/minutes-21","Minutes_1","25_April_2018","pdf","Minutes_1_25_April_2018.pdf","D:/NICE_history/NG89","D:/NICE_history/NG89/Minutes_1_25_April_2018.pdf",TRUE,"downloaded",
"NG89","Committee meetings","Minutes 10","25 April 2018","pdf","https://www.nice.org.uk/guidance/ng89/documents/minutes-30","Minutes_10","25_April_2018","pdf","Minutes_10_25_April_2018.pdf","D:/NICE_history/NG89","D:/NICE_history/NG89/Minutes_10_25_April_2018.pdf",TRUE,"downloaded",
"NG89","Committee meetings","Minutes 11","25 April 2018","pdf","https://www.nice.org.uk/guidance/ng89/documents/minutes-31","Minutes_11","25_April_2018","pdf","Minutes_11_25_April_2018.pdf","D:/NICE_history/NG89","D:/NICE_history/NG89/Minutes_11_25_April_2018.pdf",TRUE,"downloaded",
"NG89","Committee meetings","Minutes 12","25 April 2018","pdf","https://www.nice.org.uk/guidance/ng89/documents/minutes-32","Minutes_12","25_April_2018","pdf","Minutes_12_25_April_2018.pdf","D:/NICE_history/NG89","D:/NICE_history/NG89/Minutes_12_25_April_2018.pdf",TRUE,"downloaded",
"NG89","Committee meetings","Minutes 13","25 April 2018","pdf","https://www.nice.org.uk/guidance/ng89/documents/minutes-33","Minutes_13","25_April_2018","pdf","Minutes_13_25_April_2018.pdf","D:/NICE_history/NG89","D:/NICE_history/NG89/Minutes_13_25_April_2018.pdf",TRUE,"downloaded",
"NG89","Committee meetings","Minutes 14","25 April 2018","pdf","https://www.nice.org.uk/guidance/ng89/documents/minutes-34","Minutes_14","25_April_2018","pdf","Minutes_14_25_April_2018.pdf","D:/NICE_history/NG89","D:/NICE_history/NG89/Minutes_14_25_April_2018.pdf",TRUE,"downloaded",
"NG89","Committee meetings","Minutes 15","25 April 2018","pdf","https://www.nice.org.uk/guidance/ng89/documents/minutes-35","Minutes_15","25_April_2018","pdf","Minutes_15_25_April_2018.pdf","D:/NICE_history/NG89","D:/NICE_history/NG89/Minutes_15_25_April_2018.pdf",TRUE,"downloaded",
"NG89","Committee meetings","Minutes 2","25 April 2018","pdf","https://www.nice.org.uk/guidance/ng89/documents/minutes-22","Minutes_2","25_April_2018","pdf","Minutes_2_25_April_2018.pdf","D:/NICE_history/NG89","D:/NICE_history/NG89/Minutes_2_25_April_2018.pdf",TRUE,"downloaded",
"NG89","Committee meetings","Minutes 3","25 April 2018","pdf","https://www.nice.org.uk/guidance/ng89/documents/minutes-23","Minutes_3","25_April_2018","pdf","Minutes_3_25_April_2018.pdf","D:/NICE_history/NG89","D:/NICE_history/NG89/Minutes_3_25_April_2018.pdf",TRUE,"downloaded",
"NG89","Committee meetings","Minutes 4","25 April 2018","pdf","https://www.nice.org.uk/guidance/ng89/documents/minutes-24","Minutes_4","25_April_2018","pdf","Minutes_4_25_April_2018.pdf","D:/NICE_history/NG89","D:/NICE_history/NG89/Minutes_4_25_April_2018.pdf",TRUE,"downloaded",
"NG89","Committee meetings","Minutes 5","25 April 2018","pdf","https://www.nice.org.uk/guidance/ng89/documents/minutes-25","Minutes_5","25_April_2018","pdf","Minutes_5_25_April_2018.pdf","D:/NICE_history/NG89","D:/NICE_history/NG89/Minutes_5_25_April_2018.pdf",TRUE,"downloaded",
"NG89","Committee meetings","Minutes 6","25 April 2018","pdf","https://www.nice.org.uk/guidance/ng89/documents/minutes-26","Minutes_6","25_April_2018","pdf","Minutes_6_25_April_2018.pdf","D:/NICE_history/NG89","D:/NICE_history/NG89/Minutes_6_25_April_2018.pdf",TRUE,"downloaded",
"NG89","Committee meetings","Minutes 7","25 April 2018","pdf","https://www.nice.org.uk/guidance/ng89/documents/minutes-27","Minutes_7","25_April_2018","pdf","Minutes_7_25_April_2018.pdf","D:/NICE_history/NG89","D:/NICE_history/NG89/Minutes_7_25_April_2018.pdf",TRUE,"downloaded",
"NG89","Committee meetings","Minutes 8","25 April 2018","pdf","https://www.nice.org.uk/guidance/ng89/documents/minutes-28","Minutes_8","25_April_2018","pdf","Minutes_8_25_April_2018.pdf","D:/NICE_history/NG89","D:/NICE_history/NG89/Minutes_8_25_April_2018.pdf",TRUE,"downloaded",
"NG89","Committee meetings","Minutes 9","25 April 2018","pdf","https://www.nice.org.uk/guidance/ng89/documents/minutes-29","Minutes_9","25_April_2018","pdf","Minutes_9_25_April_2018.pdf","D:/NICE_history/NG89","D:/NICE_history/NG89/Minutes_9_25_April_2018.pdf",TRUE,"downloaded",
"NG89","Committee meetings","Minutes orthopaedic subgroup 1","25 April 2018","pdf","https://www.nice.org.uk/guidance/ng89/documents/minutes-36","Minutes_orthopaedic_subgroup_1","25_April_2018","pdf","Minutes_orthopaedic_subgroup_1_25_April_2018.pdf","D:/NICE_history/NG89","D:/NICE_history/NG89/Minutes_orthopaedic_subgroup_1_25_April_2018.pdf",TRUE,"downloaded",
"NG89","Committee meetings","Minutes orthopaedic subgroup 2","25 April 2018","pdf","https://www.nice.org.uk/guidance/ng89/documents/minutes-37","Minutes_orthopaedic_subgroup_2","25_April_2018","pdf","Minutes_orthopaedic_subgroup_2_25_April_2018.pdf","D:/NICE_history/NG89","D:/NICE_history/NG89/Minutes_orthopaedic_subgroup_2_25_April_2018.pdf",TRUE,"downloaded",
"NG89","Committee meetings","Minutes orthopaedic subgroup 3","25 April 2018","pdf","https://www.nice.org.uk/guidance/ng89/documents/minutes-38","Minutes_orthopaedic_subgroup_3","25_April_2018","pdf","Minutes_orthopaedic_subgroup_3_25_April_2018.pdf","D:/NICE_history/NG89","D:/NICE_history/NG89/Minutes_orthopaedic_subgroup_3_25_April_2018.pdf",TRUE,"downloaded",
"NG89","Committee meetings","Minutes orthopaedic subgroup 4","25 April 2018","pdf","https://www.nice.org.uk/guidance/ng89/documents/minutes-39","Minutes_orthopaedic_subgroup_4","25_April_2018","pdf","Minutes_orthopaedic_subgroup_4_25_April_2018.pdf","D:/NICE_history/NG89","D:/NICE_history/NG89/Minutes_orthopaedic_subgroup_4_25_April_2018.pdf",TRUE,"downloaded",
"NG89","Draft guidance consultation","Addendum appendicies","04 December 2017","pdf","https://www.nice.org.uk/guidance/ng89/documents/addendum-appendicies-3","Addendum_appendicies","04_December_2017","pdf","Addendum_appendicies_04_December_2017.pdf","D:/NICE_history/NG89","D:/NICE_history/NG89/Addendum_appendicies_04_December_2017.pdf",TRUE,"downloaded",
"NG89","Draft guidance consultation","Addendum appendicies","04 December 2017","pdf","https://www.nice.org.uk/guidance/ng89/documents/addendum-appendicies-4","Addendum_appendicies","04_December_2017","pdf","Addendum_appendicies_04_December_2017_2.pdf","D:/NICE_history/NG89","D:/NICE_history/NG89/Addendum_appendicies_04_December_2017_2.pdf",TRUE,"downloaded",
"NG89","Draft guidance consultation","Comments form","04 December 2017","docx","https://www.nice.org.uk/guidance/ng89/documents/comments-form-3","Comments_form","04_December_2017","docx","Comments_form_04_December_2017.docx","D:/NICE_history/NG89","D:/NICE_history/NG89/Comments_form_04_December_2017.docx",TRUE,"downloaded",
"NG89","Draft guidance consultation","Draft guideline Vol 1","04 December 2017","pdf","https://www.nice.org.uk/guidance/ng89/documents/draft-guideline-3","Draft_guideline_Vol_1","04_December_2017","pdf","Draft_guideline_Vol_1_04_December_2017.pdf","D:/NICE_history/NG89","D:/NICE_history/NG89/Draft_guideline_Vol_1_04_December_2017.pdf",TRUE,"downloaded",
"NG89","Draft guidance consultation","Draft guideline Vol 2","04 December 2017","pdf","https://www.nice.org.uk/guidance/ng89/documents/draft-guideline-4","Draft_guideline_Vol_2","04_December_2017","pdf","Draft_guideline_Vol_2_04_December_2017.pdf","D:/NICE_history/NG89","D:/NICE_history/NG89/Draft_guideline_Vol_2_04_December_2017.pdf",TRUE,"downloaded",
"NG89","Draft guidance consultation","Equality impact assessment","04 December 2017","pdf","https://www.nice.org.uk/guidance/ng89/documents/equality-impact-assessment-4","Equality_impact_assessment","04_December_2017","pdf","Equality_impact_assessment_04_December_2017.pdf","D:/NICE_history/NG89","D:/NICE_history/NG89/Equality_impact_assessment_04_December_2017.pdf",TRUE,"downloaded",
"NG89","Draft guidance consultation","Short version of draft guideline","04 December 2017","pdf","https://www.nice.org.uk/guidance/ng89/documents/short-version-of-draft-guideline-2","Short_version_of_draft_guideline","04_December_2017","pdf","Short_version_of_draft_guideline_04_December_2017.pdf","D:/NICE_history/NG89","D:/NICE_history/NG89/Short_version_of_draft_guideline_04_December_2017.pdf",TRUE,"downloaded",
"NG89","Draft scope consultation","Comments form","11 December 2015","docx","https://www.nice.org.uk/guidance/ng89/documents/comments-form","Comments_form","11_December_2015","docx","Comments_form_11_December_2015.docx","D:/NICE_history/NG89","D:/NICE_history/NG89/Comments_form_11_December_2015.docx",TRUE,"downloaded",
"NG89","Draft scope consultation","Draft scope","11 December 2015","pdf","https://www.nice.org.uk/guidance/ng89/documents/draft-scope","Draft_scope","11_December_2015","pdf","Draft_scope_11_December_2015.pdf","D:/NICE_history/NG89","D:/NICE_history/NG89/Draft_scope_11_December_2015.pdf",TRUE,"downloaded",
"NG89","Draft scope consultation","Equality impact assessment","11 December 2015","pdf","https://www.nice.org.uk/guidance/ng89/documents/equality-impact-assessment","Equality_impact_assessment","11_December_2015","pdf","Equality_impact_assessment_11_December_2015.pdf","D:/NICE_history/NG89","D:/NICE_history/NG89/Equality_impact_assessment_11_December_2015.pdf",TRUE,"downloaded",
"NG89","Equality and health inequalities assessment","Equality impact assessment","14 March 2016","pdf","https://www.nice.org.uk/guidance/ng89/documents/equality-impact-assessment-3","Equality_impact_assessment","14_March_2016","pdf","Equality_impact_assessment_14_March_2016.pdf","D:/NICE_history/NG89","D:/NICE_history/NG89/Equality_impact_assessment_14_March_2016.pdf",TRUE,"downloaded",
"NG89","Guidance published","Committee member list","21 March 2018","pdf","https://www.nice.org.uk/guidance/ng89/documents/committee-member-list","Committee_member_list","21_March_2018","pdf","Committee_member_list_21_March_2018.pdf","D:/NICE_history/NG89","D:/NICE_history/NG89/Committee_member_list_21_March_2018.pdf",TRUE,"downloaded",
"NG89","Guidance published","Consultation comments and responses","21 March 2018","pdf","https://www.nice.org.uk/guidance/ng89/documents/consultation-comments-and-responses-2","Consultation_comments_and_responses","21_March_2018","pdf","Consultation_comments_and_responses_21_March_2018.pdf","D:/NICE_history/NG89","D:/NICE_history/NG89/Consultation_comments_and_responses_21_March_2018.pdf",TRUE,"downloaded",
"NG89","Guidance published","Equality impact assessment","21 March 2018","pdf","https://www.nice.org.uk/guidance/ng89/documents/equality-impact-assessment-2","Equality_impact_assessment","21_March_2018","pdf","Equality_impact_assessment_21_March_2018.pdf","D:/NICE_history/NG89","D:/NICE_history/NG89/Equality_impact_assessment_21_March_2018.pdf",TRUE,"downloaded",
"NG89","Pre-consultation documents released","Economic plan","24 August 2017","pdf","https://www.nice.org.uk/guidance/ng89/documents/economic-plan","Economic_plan","24_August_2017","pdf","Economic_plan_24_August_2017.pdf","D:/NICE_history/NG89","D:/NICE_history/NG89/Economic_plan_24_August_2017.pdf",TRUE,"downloaded",
"NG89","Pre-consultation documents released","Review questions","24 August 2017","pdf","https://www.nice.org.uk/guidance/ng89/documents/review-questions","Review_questions","24_August_2017","pdf","Review_questions_24_August_2017.pdf","D:/NICE_history/NG89","D:/NICE_history/NG89/Review_questions_24_August_2017.pdf",TRUE,"downloaded",
"NG89","Pre-consultation documents released","Search strategies","24 August 2017","pdf","https://www.nice.org.uk/guidance/ng89/documents/search-strategies","Search_strategies","24_August_2017","pdf","Search_strategies_24_August_2017.pdf","D:/NICE_history/NG89","D:/NICE_history/NG89/Search_strategies_24_August_2017.pdf",TRUE,"downloaded",
"NG89","Scope published","Final scope Updated April 2016","11 April 2016","pdf","https://www.nice.org.uk/guidance/ng89/documents/final-scope-2","Final_scope_Updated_April_2016","11_April_2016","pdf","Final_scope_Updated_April_2016_11_April_2016.pdf","D:/NICE_history/NG89","D:/NICE_history/NG89/Final_scope_Updated_April_2016_11_April_2016.pdf",TRUE,"downloaded",
"NG89","Scope published","Consultation comments and responses","26 February 2016","pdf","https://www.nice.org.uk/guidance/ng89/documents/consultation-comments-and-responses","Consultation_comments_and_responses","26_February_2016","pdf","Consultation_comments_and_responses_26_February_2016.pdf","D:/NICE_history/NG89","D:/NICE_history/NG89/Consultation_comments_and_responses_26_February_2016.pdf",TRUE,"downloaded",
"NG89","Scope published","Final scope","26 February 2016","pdf","https://www.nice.org.uk/guidance/ng89/documents/final-scope","Final_scope","26_February_2016","pdf","Final_scope_26_February_2016.pdf","D:/NICE_history/NG89","D:/NICE_history/NG89/Final_scope_26_February_2016.pdf",TRUE,"downloaded",
"NG89","Scoping workshop","Workshop notes","11 December 2015","pdf","https://www.nice.org.uk/guidance/ng89/documents/workshop-notes","Workshop_notes","11_December_2015","pdf","Workshop_notes_11_December_2015.pdf","D:/NICE_history/NG89","D:/NICE_history/NG89/Workshop_notes_11_December_2015.pdf",TRUE,"downloaded",
"NG89","Stakeholder list updated","Stakeholder list","03 October 2017","pdf","https://www.nice.org.uk/guidance/ng89/documents/stakeholder-list-2","Stakeholder_list","03_October_2017","pdf","Stakeholder_list_03_October_2017.pdf","D:/NICE_history/NG89","D:/NICE_history/NG89/Stakeholder_list_03_October_2017.pdf",FALSE,"failed","Transferred a partial file [www.nice.org.uk]:
transfer closed with outstanding read data remaining"
"NG89","Stakeholder list updated","Stakeholder list","16 November 2022","pdf","https://www.nice.org.uk/guidance/ng89/documents/stakeholder-list","Stakeholder_list","16_November_2022","pdf","Stakeholder_list_16_November_2022.pdf","D:/NICE_history/NG89","D:/NICE_history/NG89/Stakeholder_list_16_November_2022.pdf",TRUE,"downloaded",
"NG89","Surveillance consultation","Consultation questions","17 November 2022","pdf","https://www.nice.org.uk/guidance/ng89/documents/257","Consultation_questions","17_November_2022","pdf","Consultation_questions_17_November_2022.pdf","D:/NICE_history/NG89","D:/NICE_history/NG89/Consultation_questions_17_November_2022.pdf",TRUE,"downloaded",
"NG89","Surveillance consultation","Equality impact assessment","17 November 2022","pdf","https://www.nice.org.uk/guidance/ng89/documents/equality-impact-assessment-5","Equality_impact_assessment","17_November_2022","pdf","Equality_impact_assessment_17_November_2022.pdf","D:/NICE_history/NG89","D:/NICE_history/NG89/Equality_impact_assessment_17_November_2022.pdf",TRUE,"downloaded",
"NG89","Surveillance consultation","Surveillance review proposal","17 November 2022","pdf","https://www.nice.org.uk/guidance/ng89/documents/162","Surveillance_review_proposal","17_November_2022","pdf","Surveillance_review_proposal_17_November_2022.pdf","D:/NICE_history/NG89","D:/NICE_history/NG89/Surveillance_review_proposal_17_November_2022.pdf",TRUE,"downloaded",
"NG115","Committee list updated","Committee member list","13 September 2018","pdf","https://www.nice.org.uk/guidance/ng115/documents/committee-member-list-2","Committee_member_list","13_September_2018","pdf","Committee_member_list_13_September_2018.pdf","D:/NICE_history/NG115","D:/NICE_history/NG115/Committee_member_list_13_September_2018.pdf",TRUE,"downloaded",
"NG115","Committee meetings","Minutes 1","03 May 2017","pdf","https://www.nice.org.uk/guidance/ng115/documents/minutes","Minutes_1","03_May_2017","pdf","Minutes_1_03_May_2017.pdf","D:/NICE_history/NG115","D:/NICE_history/NG115/Minutes_1_03_May_2017.pdf",TRUE,"downloaded",
"NG115","Committee meetings","Minutes 12","03 May 2019","pdf","https://www.nice.org.uk/guidance/ng115/documents/minutes-12","Minutes_12","03_May_2019","pdf","Minutes_12_03_May_2019.pdf","D:/NICE_history/NG115","D:/NICE_history/NG115/Minutes_12_03_May_2019.pdf",TRUE,"downloaded",
"NG115","Committee meetings","Minutes 7","05 March 2018","pdf","https://www.nice.org.uk/guidance/ng115/documents/minutes-7","Minutes_7","05_March_2018","pdf","Minutes_7_05_March_2018.pdf","D:/NICE_history/NG115","D:/NICE_history/NG115/Minutes_7_05_March_2018.pdf",TRUE,"downloaded",
"NG115","Committee meetings","Minutes 9","05 September 2018","pdf","https://www.nice.org.uk/guidance/ng115/documents/minutes-9","Minutes_9","05_September_2018","pdf","Minutes_9_05_September_2018.pdf","D:/NICE_history/NG115","D:/NICE_history/NG115/Minutes_9_05_September_2018.pdf",TRUE,"downloaded",
"NG115","Committee meetings","Minutes 5","07 December 2017","pdf","https://www.nice.org.uk/guidance/ng115/documents/minutes-5","Minutes_5","07_December_2017","pdf","Minutes_5_07_December_2017.pdf","D:/NICE_history/NG115","D:/NICE_history/NG115/Minutes_5_07_December_2017.pdf",TRUE,"downloaded",
"NG115","Committee meetings","Minutes 2","07 June 2017","pdf","https://www.nice.org.uk/guidance/ng115/documents/minutes-2","Minutes_2","07_June_2017","pdf","Minutes_2_07_June_2017.pdf","D:/NICE_history/NG115","D:/NICE_history/NG115/Minutes_2_07_June_2017.pdf",TRUE,"downloaded",
"NG115","Committee meetings","Minutes 8","10 April 2018","pdf","https://www.nice.org.uk/guidance/ng115/documents/minutes-8","Minutes_8","10_April_2018","pdf","Minutes_8_10_April_2018.pdf","D:/NICE_history/NG115","D:/NICE_history/NG115/Minutes_8_10_April_2018.pdf",TRUE,"downloaded",
"NG115","Committee meetings","Minutes 11","14 November 2018","pdf","https://www.nice.org.uk/guidance/ng115/documents/minutes-11","Minutes_11","14_November_2018","pdf","Minutes_11_14_November_2018.pdf","D:/NICE_history/NG115","D:/NICE_history/NG115/Minutes_11_14_November_2018.pdf",TRUE,"downloaded",
"NG115","Committee meetings","Minutes 6","16 January 2018","pdf","https://www.nice.org.uk/guidance/ng115/documents/minutes-6","Minutes_6","16_January_2018","pdf","Minutes_6_16_January_2018.pdf","D:/NICE_history/NG115","D:/NICE_history/NG115/Minutes_6_16_January_2018.pdf",TRUE,"downloaded",
"NG115","Committee meetings","Minutes 3","18 October 2017","pdf","https://www.nice.org.uk/guidance/ng115/documents/minutes-3","Minutes_3","18_October_2017","pdf","Minutes_3_18_October_2017.pdf","D:/NICE_history/NG115","D:/NICE_history/NG115/Minutes_3_18_October_2017.pdf",TRUE,"downloaded",
"NG115","Committee meetings","Minutes 10","21 November 2018","pdf","https://www.nice.org.uk/guidance/ng115/documents/minutes-10","Minutes_10","21_November_2018","pdf","Minutes_10_21_November_2018.pdf","D:/NICE_history/NG115","D:/NICE_history/NG115/Minutes_10_21_November_2018.pdf",TRUE,"downloaded",
"NG115","Committee meetings","Minutes 4","30 October 2017","pdf","https://www.nice.org.uk/guidance/ng115/documents/minutes-4","Minutes_4","30_October_2017","pdf","Minutes_4_30_October_2017.pdf","D:/NICE_history/NG115","D:/NICE_history/NG115/Minutes_4_30_October_2017.pdf",TRUE,"downloaded",
"NG115","Declaration of interests","Register of interests (2019 update)","11 July 2019","pdf","https://www.nice.org.uk/guidance/ng115/documents/register-of-interests-2","Register_of_interests_(2019_update)","11_July_2019","pdf","Register_of_interests_(2019_update)_11_July_2019.pdf","D:/NICE_history/NG115","D:/NICE_history/NG115/Register_of_interests_(2019_update)_11_July_2019.pdf",TRUE,"downloaded",
"NG115","Declaration of interests","Register of interests","21 November 2018","pdf","https://www.nice.org.uk/guidance/ng115/documents/register-of-interests","Register_of_interests","21_November_2018","pdf","Register_of_interests_21_November_2018.pdf","D:/NICE_history/NG115","D:/NICE_history/NG115/Register_of_interests_21_November_2018.pdf",TRUE,"downloaded",
"NG115","Draft guidance consultation","Draft guideline (2019 update)","04 February 2019","pdf","https://www.nice.org.uk/guidance/ng115/documents/draft-guideline","Draft_guideline_(2019_update)","04_February_2019","pdf","Draft_guideline_(2019_update)_04_February_2019.pdf","D:/NICE_history/NG115","D:/NICE_history/NG115/Draft_guideline_(2019_update)_04_February_2019.pdf",TRUE,"downloaded",
"NG115","Draft guidance consultation","Economic report","04 February 2019","pdf","https://www.nice.org.uk/guidance/ng115/documents/economic-report-2","Economic_report","04_February_2019","pdf","Economic_report_04_February_2019.pdf","D:/NICE_history/NG115","D:/NICE_history/NG115/Economic_report_04_February_2019.pdf",TRUE,"downloaded",
"NG115","Draft guidance consultation","Equality impact assessment 3","04 February 2019","pdf","https://www.nice.org.uk/guidance/ng115/documents/equality-impact-assessment-4","Equality_impact_assessment_3","04_February_2019","pdf","Equality_impact_assessment_3_04_February_2019.pdf","D:/NICE_history/NG115","D:/NICE_history/NG115/Equality_impact_assessment_3_04_February_2019.pdf",TRUE,"downloaded",
"NG115","Draft guidance consultation","Evidence review Corticosteroids","04 February 2019","pdf","https://www.nice.org.uk/guidance/ng115/documents/evidence-review-11","Evidence_review_Corticosteroids","04_February_2019","pdf","Evidence_review_Corticosteroids_04_February_2019.pdf","D:/NICE_history/NG115","D:/NICE_history/NG115/Evidence_review_Corticosteroids_04_February_2019.pdf",FALSE,"failed","Transferred a partial file [www.nice.org.uk]:
transfer closed with outstanding read data remaining"
"NG115","Draft guidance consultation","Evidence review Inhaled triple therapy","04 February 2019","pdf","https://www.nice.org.uk/guidance/ng115/documents/evidence-review-10","Evidence_review_Inhaled_triple_therapy","04_February_2019","pdf","Evidence_review_Inhaled_triple_therapy_04_February_2019.pdf","D:/NICE_history/NG115","D:/NICE_history/NG115/Evidence_review_Inhaled_triple_therapy_04_February_2019.pdf",TRUE,"downloaded",
"NG115","Draft guidance consultation","Supporting documentation Algorithm","04 February 2019","pdf","https://www.nice.org.uk/guidance/ng115/documents/supporting-documentation-2","Supporting_documentation_Algorithm","04_February_2019","pdf","Supporting_documentation_Algorithm_04_February_2019.pdf","D:/NICE_history/NG115","D:/NICE_history/NG115/Supporting_documentation_Algorithm_04_February_2019.pdf",TRUE,"downloaded",
"NG115","Draft guidance consultation","Supporting documentation Committee DOI registry","04 February 2019","pdf","https://www.nice.org.uk/guidance/ng115/documents/supporting-documentation-3","Supporting_documentation_Committee_DOI_registry","04_February_2019","pdf","Supporting_documentation_Committee_DOI_registry_04_February_2019.pdf","D:/NICE_history/NG115","D:/NICE_history/NG115/Supporting_documentation_Committee_DOI_registry_04_February_2019.pdf",TRUE,"downloaded",
"NG115","Draft guidance consultation","Comments form","06 July 2018","docx","https://www.nice.org.uk/guidance/ng115/documents/comments-form","Comments_form","06_July_2018","docx","Comments_form_06_July_2018.docx","D:/NICE_history/NG115","D:/NICE_history/NG115/Comments_form_06_July_2018.docx",TRUE,"downloaded",
"NG115","Draft guidance consultation","Committee member list","06 July 2018","pdf","https://www.nice.org.uk/guidance/ng115/documents/committee-member-list","Committee_member_list","06_July_2018","pdf","Committee_member_list_06_July_2018.pdf","D:/NICE_history/NG115","D:/NICE_history/NG115/Committee_member_list_06_July_2018.pdf",TRUE,"downloaded",
"NG115","Draft guidance consultation","Economic report","06 July 2018","pdf","https://www.nice.org.uk/guidance/ng115/documents/economic-report","Economic_report","06_July_2018","pdf","Economic_report_06_July_2018.pdf","D:/NICE_history/NG115","D:/NICE_history/NG115/Economic_report_06_July_2018.pdf",TRUE,"downloaded",
"NG115","Draft guidance consultation","Equality impact assessment 3","06 July 2018","pdf","https://www.nice.org.uk/guidance/ng115/documents/equality-impact-assessment-2","Equality_impact_assessment_3","06_July_2018","pdf","Equality_impact_assessment_3_06_July_2018.pdf","D:/NICE_history/NG115","D:/NICE_history/NG115/Equality_impact_assessment_3_06_July_2018.pdf",TRUE,"downloaded",
"NG115","Draft guidance consultation","Evidence review A - Managing pulmonary hypertension and cor pulmonale","06 July 2018","pdf","https://www.nice.org.uk/guidance/ng115/documents/evidence-review","Evidence_review_A_-_Managing_pulmonary_hypertension_and_cor_pulmonale","06_July_2018","pdf","Evidence_review_A_-_Managing_pulmonary_hypertension_and_cor_pulmonale_06_July_2018.pdf","D:/NICE_history/NG115","D:/NICE_history/NG115/Evidence_review_A_-_Managing_pulmonary_hypertension_and_cor_pulmonale_06_July_2018.pdf",TRUE,"downloaded",
"NG115","Draft guidance consultation","Evidence review B - Oxygen therapy in people with stable COPD","06 July 2018","pdf","https://www.nice.org.uk/guidance/ng115/documents/evidence-review-2","Evidence_review_B_-_Oxygen_therapy_in_people_with_stable_COPD","06_July_2018","pdf","Evidence_review_B_-_Oxygen_therapy_in_people_with_stable_COPD_06_July_2018.pdf","D:/NICE_history/NG115","D:/NICE_history/NG115/Evidence_review_B_-_Oxygen_therapy_in_people_with_stable_COPD_06_July_2018.pdf",TRUE,"downloaded",
"NG115","Draft guidance consultation","Evidence review C - Self-management interventions, education and telehealth monitoring","06 July 2018","pdf","https://www.nice.org.uk/guidance/ng115/documents/evidence-review-3","Evidence_review_C_-_Self-management_interventions,_education_and_telehealth_monitoring","06_July_2018","pdf","Evidence_review_C_-_Self-management_interventions,_education_and_telehealth_monitoring_06_July_2018.pdf","D:/NICE_history/NG115","D:/NICE_history/NG115/Evidence_review_C_-_Self-management_interventions,_education_and_telehealth_monitoring_06_July_2018.pdf",TRUE,"downloaded",
"NG115","Draft guidance consultation","Evidence review D - Diagnosing COPD and predicting outcomes","06 July 2018","pdf","https://www.nice.org.uk/guidance/ng115/documents/evidence-review-4","Evidence_review_D_-_Diagnosing_COPD_and_predicting_outcomes","06_July_2018","pdf","Evidence_review_D_-_Diagnosing_COPD_and_predicting_outcomes_06_July_2018.pdf","D:/NICE_history/NG115","D:/NICE_history/NG115/Evidence_review_D_-_Diagnosing_COPD_and_predicting_outcomes_06_July_2018.pdf",TRUE,"downloaded",
"NG115","Draft guidance consultation","Evidence review E - Predicting and preventing exacerbations","06 July 2018","pdf","https://www.nice.org.uk/guidance/ng115/documents/evidence-review-5","Evidence_review_E_-_Predicting_and_preventing_exacerbations","06_July_2018","pdf","Evidence_review_E_-_Predicting_and_preventing_exacerbations_06_July_2018.pdf","D:/NICE_history/NG115","D:/NICE_history/NG115/Evidence_review_E_-_Predicting_and_preventing_exacerbations_06_July_2018.pdf",TRUE,"downloaded",
"NG115","Draft guidance consultation","Evidence review F - Inhaled therapies","06 July 2018","pdf","https://www.nice.org.uk/guidance/ng115/documents/evidence-review-6","Evidence_review_F_-_Inhaled_therapies","06_July_2018","pdf","Evidence_review_F_-_Inhaled_therapies_06_July_2018.pdf","D:/NICE_history/NG115","D:/NICE_history/NG115/Evidence_review_F_-_Inhaled_therapies_06_July_2018.pdf",TRUE,"downloaded",
"NG115","Draft guidance consultation","Evidence review G - Referral criteria for lung volume reduction procedures, bullectomy or lung transplantation","06 July 2018","pdf","https://www.nice.org.uk/guidance/ng115/documents/evidence-review-7","Evidence_review_G_-_Referral_criteria_for_lung_volume_reduction_procedures,_bullectomy_or_lung_transplantation","06_July_2018","pdf","Evidence_review_G_-_Referral_criteria_for_lung_volume_reduction_procedures,_bullectomy_or_lung_transplantation_06_July_2018.pdf","D:/NICE_history/NG115","D:/NICE_history/NG115/Evidence_review_G_-_Referral_criteria_for_lung_volume_reduction_procedures,_bullectomy_or_lung_transplantation_06_July_2018.pdf",TRUE,"downloaded",
"NG115","Draft guidance consultation","Key research recommendations from CG101","06 July 2018","pdf","https://www.nice.org.uk/guidance/ng115/documents/33-2","Key_research_recommendations_from_CG101","06_July_2018","pdf","Key_research_recommendations_from_CG101_06_July_2018.pdf","D:/NICE_history/NG115","D:/NICE_history/NG115/Key_research_recommendations_from_CG101_06_July_2018.pdf",TRUE,"downloaded",
"NG115","Draft guidance consultation","Short version of draft guideline","06 July 2018","pdf","https://www.nice.org.uk/guidance/ng115/documents/short-version-of-draft-guideline","Short_version_of_draft_guideline","06_July_2018","pdf","Short_version_of_draft_guideline_06_July_2018.pdf","D:/NICE_history/NG115","D:/NICE_history/NG115/Short_version_of_draft_guideline_06_July_2018.pdf",TRUE,"downloaded",
"NG115","Draft guidance consultation","Supporting documentation - Algorithm","06 July 2018","pdf","https://www.nice.org.uk/guidance/ng115/documents/supporting-documentation","Supporting_documentation_-_Algorithm","06_July_2018","pdf","Supporting_documentation_-_Algorithm_06_July_2018.pdf","D:/NICE_history/NG115","D:/NICE_history/NG115/Supporting_documentation_-_Algorithm_06_July_2018.pdf",TRUE,"downloaded",
"NG115","Draft scope consultation","Draft scope","13 February 2017","pdf","https://www.nice.org.uk/guidance/ng115/documents/draft-scope","Draft_scope","13_February_2017","pdf","Draft_scope_13_February_2017.pdf","D:/NICE_history/NG115","D:/NICE_history/NG115/Draft_scope_13_February_2017.pdf",TRUE,"downloaded",
"NG115","Equality and health inequalities assessment","Equality impact assessment","03 May 2017","pdf","https://www.nice.org.uk/guidance/ng115/documents/equality-impact-assessment","Equality_impact_assessment","03_May_2017","pdf","Equality_impact_assessment_03_May_2017.pdf","D:/NICE_history/NG115","D:/NICE_history/NG115/Equality_impact_assessment_03_May_2017.pdf",TRUE,"downloaded",
"NG115","Guidance published","Committee member list (2019 update)","26 July 2019","pdf","https://www.nice.org.uk/guidance/ng115/documents/committee-member-list-3","Committee_member_list_(2019_update)","26_July_2019","pdf","Committee_member_list_(2019_update)_26_July_2019.pdf","D:/NICE_history/NG115","D:/NICE_history/NG115/Committee_member_list_(2019_update)_26_July_2019.pdf",TRUE,"downloaded",
"NG115","Guidance published","Consultation comments and responses (2019 update)","26 July 2019","pdf","https://www.nice.org.uk/guidance/ng115/documents/consultation-comments-and-responses-2","Consultation_comments_and_responses_(2019_update)","26_July_2019","pdf","Consultation_comments_and_responses_(2019_update)_26_July_2019.pdf","D:/NICE_history/NG115","D:/NICE_history/NG115/Consultation_comments_and_responses_(2019_update)_26_July_2019.pdf",TRUE,"downloaded",
"NG115","Guidance published","Equality impact assessment 4 (2019 update)","26 July 2019","pdf","https://www.nice.org.uk/guidance/ng115/documents/equality-impact-assessment-3","Equality_impact_assessment_4_(2019_update)","26_July_2019","pdf","Equality_impact_assessment_4_(2019_update)_26_July_2019.pdf","D:/NICE_history/NG115","D:/NICE_history/NG115/Equality_impact_assessment_4_(2019_update)_26_July_2019.pdf",TRUE,"downloaded",
"NG115","Guidance published","Consultation comments and responses (2018)","29 July 2019","pdf","https://www.nice.org.uk/guidance/ng115/documents/consultation-comments-and-responses-3","Consultation_comments_and_responses_(2018)","29_July_2019","pdf","Consultation_comments_and_responses_(2018)_29_July_2019.pdf","D:/NICE_history/NG115","D:/NICE_history/NG115/Consultation_comments_and_responses_(2018)_29_July_2019.pdf",TRUE,"downloaded",
"NG115","Guidance published","Equality impact assessment 4 (2018)","29 July 2019","pdf","https://www.nice.org.uk/guidance/ng115/documents/equality-impact-assessment-5","Equality_impact_assessment_4_(2018)","29_July_2019","pdf","Equality_impact_assessment_4_(2018)_29_July_2019.pdf","D:/NICE_history/NG115","D:/NICE_history/NG115/Equality_impact_assessment_4_(2018)_29_July_2019.pdf",TRUE,"downloaded",
"NG115","Pre-consultation documents released","Economic plan","30 May 2018","pdf","https://www.nice.org.uk/guidance/ng115/documents/economic-plan","Economic_plan","30_May_2018","pdf","Economic_plan_30_May_2018.pdf","D:/NICE_history/NG115","D:/NICE_history/NG115/Economic_plan_30_May_2018.pdf",TRUE,"downloaded",
"NG115","Pre-consultation documents released","Review questions","30 May 2018","pdf","https://www.nice.org.uk/guidance/ng115/documents/review-questions","Review_questions","30_May_2018","pdf","Review_questions_30_May_2018.pdf","D:/NICE_history/NG115","D:/NICE_history/NG115/Review_questions_30_May_2018.pdf",TRUE,"downloaded",
"NG115","Pre-consultation documents released","Search strategies","30 May 2018","pdf","https://www.nice.org.uk/guidance/ng115/documents/search-strategies","Search_strategies","30_May_2018","pdf","Search_strategies_30_May_2018.pdf","D:/NICE_history/NG115","D:/NICE_history/NG115/Search_strategies_30_May_2018.pdf",TRUE,"downloaded",
"NG115","Scope published","Consultation comments and responses","03 May 2017","pdf","https://www.nice.org.uk/guidance/ng115/documents/consultation-comments-and-responses","Consultation_comments_and_responses","03_May_2017","pdf","Consultation_comments_and_responses_03_May_2017.pdf","D:/NICE_history/NG115","D:/NICE_history/NG115/Consultation_comments_and_responses_03_May_2017.pdf",TRUE,"downloaded",
"NG115","Scope published","Final scope","24 September 2018","pdf","https://www.nice.org.uk/guidance/ng115/documents/final-scope","Final_scope","24_September_2018","pdf","Final_scope_24_September_2018.pdf","D:/NICE_history/NG115","D:/NICE_history/NG115/Final_scope_24_September_2018.pdf",TRUE,"downloaded",
"NG115","Stakeholder list updated","Stakeholder list","02 November 2021","pdf","https://www.nice.org.uk/guidance/ng115/documents/stakeholder-list-3","Stakeholder_list","02_November_2021","pdf","Stakeholder_list_02_November_2021.pdf","D:/NICE_history/NG115","D:/NICE_history/NG115/Stakeholder_list_02_November_2021.pdf",TRUE,"downloaded",
"NG115","Stakeholder list updated","Stakeholder list (2019 update)","13 June 2019","pdf","https://www.nice.org.uk/guidance/ng115/documents/stakeholder-list","Stakeholder_list_(2019_update)","13_June_2019","pdf","Stakeholder_list_(2019_update)_13_June_2019.pdf","D:/NICE_history/NG115","D:/NICE_history/NG115/Stakeholder_list_(2019_update)_13_June_2019.pdf",TRUE,"downloaded",
"NG115","Surveillance consultation","Surveillance review proposal","04 November 2021","pdf","https://www.nice.org.uk/guidance/ng115/documents/162","Surveillance_review_proposal","04_November_2021","pdf","Surveillance_review_proposal_04_November_2021.pdf","D:/NICE_history/NG115","D:/NICE_history/NG115/Surveillance_review_proposal_04_November_2021.pdf",TRUE,"downloaded",
"NG121","Addendum consultation","Committee member list update","25 November 2016","pdf","https://www.nice.org.uk/guidance/ng121/documents/committee-member-list","Committee_member_list_update","25_November_2016","pdf","Committee_member_list_update_25_November_2016.pdf","D:/NICE_history/NG121","D:/NICE_history/NG121/Committee_member_list_update_25_November_2016.pdf",TRUE,"downloaded",
"NG121","Addendum consultation","Addendum Full draft addendum","31 October 2016","pdf","https://www.nice.org.uk/guidance/ng121/documents/addendum","Addendum_Full_draft_addendum","31_October_2016","pdf","Addendum_Full_draft_addendum_31_October_2016.pdf","D:/NICE_history/NG121","D:/NICE_history/NG121/Addendum_Full_draft_addendum_31_October_2016.pdf",TRUE,"downloaded",
"NG121","Addendum consultation","Addendum appendicies Full addendum appendices (except appendix G)","31 October 2016","pdf","https://www.nice.org.uk/guidance/ng121/documents/addendum-appendicies","Addendum_appendicies_Full_addendum_appendices_(except_appendix_G)","31_October_2016","pdf","Addendum_appendicies_Full_addendum_appendices_(except_appendix_G)_31_October_2016.pdf","D:/NICE_history/NG121","D:/NICE_history/NG121/Addendum_appendicies_Full_addendum_appendices_(except_appendix_G)_31_October_2016.pdf",TRUE,"downloaded",
"NG121","Addendum consultation","Addendum appendix Full addendum appendix G","31 October 2016","pdf","https://www.nice.org.uk/guidance/ng121/documents/addendum-appendix","Addendum_appendix_Full_addendum_appendix_G","31_October_2016","pdf","Addendum_appendix_Full_addendum_appendix_G_31_October_2016.pdf","D:/NICE_history/NG121","D:/NICE_history/NG121/Addendum_appendix_Full_addendum_appendix_G_31_October_2016.pdf",TRUE,"downloaded",
"NG121","Addendum consultation","Comments form comments form","31 October 2016","docx","https://www.nice.org.uk/guidance/ng121/documents/comments-form","Comments_form_comments_form","31_October_2016","docx","Comments_form_comments_form_31_October_2016.docx","D:/NICE_history/NG121","D:/NICE_history/NG121/Comments_form_comments_form_31_October_2016.docx",TRUE,"downloaded",
"NG121","Addendum consultation","Short version of addendum","31 October 2016","pdf","https://www.nice.org.uk/guidance/ng121/documents/short-version-of-addendum","Short_version_of_addendum","31_October_2016","pdf","Short_version_of_addendum_31_October_2016.pdf","D:/NICE_history/NG121","D:/NICE_history/NG121/Short_version_of_addendum_31_October_2016.pdf",TRUE,"downloaded",
"NG121","Committee list updated","Committee member list Medical","06 March 2019","pdf","https://www.nice.org.uk/guidance/ng121/documents/committee-member-list-7","Committee_member_list_Medical","06_March_2019","pdf","Committee_member_list_Medical_06_March_2019.pdf","D:/NICE_history/NG121","D:/NICE_history/NG121/Committee_member_list_Medical_06_March_2019.pdf",TRUE,"downloaded",
"NG121","Committee list updated","Committee member list Obstetric","06 March 2019","pdf","https://www.nice.org.uk/guidance/ng121/documents/committee-member-list-8","Committee_member_list_Obstetric","06_March_2019","pdf","Committee_member_list_Obstetric_06_March_2019.pdf","D:/NICE_history/NG121","D:/NICE_history/NG121/Committee_member_list_Obstetric_06_March_2019.pdf",TRUE,"downloaded",
"NG121","Committee meetings","Minutes 1","01 March 2016","pdf","https://www.nice.org.uk/guidance/ng121/documents/minutes","Minutes_1","01_March_2016","pdf","Minutes_1_01_March_2016.pdf","D:/NICE_history/NG121","D:/NICE_history/NG121/Minutes_1_01_March_2016.pdf",TRUE,"downloaded",
"NG121","Committee meetings","Minutes 1","02 December 2015","pdf","https://www.nice.org.uk/guidance/ng121/documents/minutes-27","Minutes_1","02_December_2015","pdf","Minutes_1_02_December_2015.pdf","D:/NICE_history/NG121","D:/NICE_history/NG121/Minutes_1_02_December_2015.pdf",TRUE,"downloaded",
"NG121","Committee meetings","Minutes 9","02 February 2017","pdf","https://www.nice.org.uk/guidance/ng121/documents/minutes-36","Minutes_9","02_February_2017","pdf","Minutes_9_02_February_2017.pdf","D:/NICE_history/NG121","D:/NICE_history/NG121/Minutes_9_02_February_2017.pdf",TRUE,"downloaded",
"NG121","Committee meetings","Minutes 7","02 November 2016","pdf","https://www.nice.org.uk/guidance/ng121/documents/minutes-34","Minutes_7","02_November_2016","pdf","Minutes_7_02_November_2016.pdf","D:/NICE_history/NG121","D:/NICE_history/NG121/Minutes_7_02_November_2016.pdf",TRUE,"downloaded",
"NG121","Committee meetings","Minutes 11","04 July 2017","pdf","https://www.nice.org.uk/guidance/ng121/documents/minutes-14","Minutes_11","04_July_2017","pdf","Minutes_11_04_July_2017.pdf","D:/NICE_history/NG121","D:/NICE_history/NG121/Minutes_11_04_July_2017.pdf",TRUE,"downloaded",
"NG121","Committee meetings","Minutes 7","05 December 2016","pdf","https://www.nice.org.uk/guidance/ng121/documents/minutes-8","Minutes_7","05_December_2016","pdf","Minutes_7_05_December_2016.pdf","D:/NICE_history/NG121","D:/NICE_history/NG121/Minutes_7_05_December_2016.pdf",TRUE,"downloaded",
"NG121","Committee meetings","Minutes 17","06 June 2018","pdf","https://www.nice.org.uk/guidance/ng121/documents/minutes-20","Minutes_17","06_June_2018","pdf","Minutes_17_06_June_2018.pdf","D:/NICE_history/NG121","D:/NICE_history/NG121/Minutes_17_06_June_2018.pdf",TRUE,"downloaded",
"NG121","Committee meetings","Minutes 16","07 December 2017","pdf","https://www.nice.org.uk/guidance/ng121/documents/minutes-43","Minutes_16","07_December_2017","pdf","Minutes_16_07_December_2017.pdf","D:/NICE_history/NG121","D:/NICE_history/NG121/Minutes_16_07_December_2017.pdf",TRUE,"downloaded",
"NG121","Committee meetings","Minutes 3","07 July 2016","pdf","https://www.nice.org.uk/guidance/ng121/documents/minutes-3","Minutes_3","07_July_2016","pdf","Minutes_3_07_July_2016.pdf","D:/NICE_history/NG121","D:/NICE_history/NG121/Minutes_3_07_July_2016.pdf",TRUE,"downloaded",
"NG121","Committee meetings","Minutes 12","07 June 2017","pdf","https://www.nice.org.uk/guidance/ng121/documents/minutes-39","Minutes_12","07_June_2017","pdf","Minutes_12_07_June_2017.pdf","D:/NICE_history/NG121","D:/NICE_history/NG121/Minutes_12_07_June_2017.pdf",TRUE,"downloaded",
"NG121","Committee meetings","Minutes 2","08 June 2016","pdf","https://www.nice.org.uk/guidance/ng121/documents/minutes-2","Minutes_2","08_June_2016","pdf","Minutes_2_08_June_2016.pdf","D:/NICE_history/NG121","D:/NICE_history/NG121/Minutes_2_08_June_2016.pdf",TRUE,"downloaded",
"NG121","Committee meetings","Minutes 10","08 March 2017","pdf","https://www.nice.org.uk/guidance/ng121/documents/minutes-37","Minutes_10","08_March_2017","pdf","Minutes_10_08_March_2017.pdf","D:/NICE_history/NG121","D:/NICE_history/NG121/Minutes_10_08_March_2017.pdf",TRUE,"downloaded",
"NG121","Committee meetings","Minutes 18","08 May 2018","pdf","https://www.nice.org.uk/guidance/ng121/documents/minutes-10","Minutes_18","08_May_2018","pdf","Minutes_18_08_May_2018.pdf","D:/NICE_history/NG121","D:/NICE_history/NG121/Minutes_18_08_May_2018.pdf",TRUE,"downloaded",
"NG121","Committee meetings","Minutes 6","08 September 2016","pdf","https://www.nice.org.uk/guidance/ng121/documents/minutes-33","Minutes_6","08_September_2016","pdf","Minutes_6_08_September_2016.pdf","D:/NICE_history/NG121","D:/NICE_history/NG121/Minutes_6_08_September_2016.pdf",TRUE,"downloaded",
"NG121","Committee meetings","Minutes 14","09 February 2018","pdf","https://www.nice.org.uk/guidance/ng121/documents/minutes-17","Minutes_14","09_February_2018","pdf","Minutes_14_09_February_2018.pdf","D:/NICE_history/NG121","D:/NICE_history/NG121/Minutes_14_09_February_2018.pdf",TRUE,"downloaded",
"NG121","Committee meetings","Minutes 16","11 April 2018","pdf","https://www.nice.org.uk/guidance/ng121/documents/minutes-19","Minutes_16","11_April_2018","pdf","Minutes_16_11_April_2018.pdf","D:/NICE_history/NG121","D:/NICE_history/NG121/Minutes_16_11_April_2018.pdf",TRUE,"downloaded",
"NG121","Committee meetings","Minutes 19","12 June 2018","pdf","https://www.nice.org.uk/guidance/ng121/documents/minutes-13","Minutes_19","12_June_2018","pdf","Minutes_19_12_June_2018.pdf","D:/NICE_history/NG121","D:/NICE_history/NG121/Minutes_19_12_June_2018.pdf",TRUE,"downloaded",
"NG121","Committee meetings","Minutes 20","12 November 2018","pdf","https://www.nice.org.uk/guidance/ng121/documents/minutes-22","Minutes_20","12_November_2018","pdf","Minutes_20_12_November_2018.pdf","D:/NICE_history/NG121","D:/NICE_history/NG121/Minutes_20_12_November_2018.pdf",TRUE,"downloaded",
"NG121","Committee meetings","Minutes 18","13 November 2018","pdf","https://www.nice.org.uk/guidance/ng121/documents/minutes-21","Minutes_18","13_November_2018","pdf","Minutes_18_13_November_2018.pdf","D:/NICE_history/NG121","D:/NICE_history/NG121/Minutes_18_13_November_2018.pdf",TRUE,"downloaded",
"NG121","Committee meetings","Minutes 14","13 September 2017","pdf","https://www.nice.org.uk/guidance/ng121/documents/minutes-41","Minutes_14","13_September_2017","pdf","Minutes_14_13_September_2017.pdf","D:/NICE_history/NG121","D:/NICE_history/NG121/Minutes_14_13_September_2017.pdf",TRUE,"downloaded",
"NG121","Committee meetings","Minutes 15","14 March 2018","pdf","https://www.nice.org.uk/guidance/ng121/documents/minutes-18","Minutes_15","14_March_2018","pdf","Minutes_15_14_March_2018.pdf","D:/NICE_history/NG121","D:/NICE_history/NG121/Minutes_15_14_March_2018.pdf",TRUE,"downloaded",
"NG121","Committee meetings","Minutes 6","14 November 2016","pdf","https://www.nice.org.uk/guidance/ng121/documents/minutes-7","Minutes_6","14_November_2016","pdf","Minutes_6_14_November_2016.pdf","D:/NICE_history/NG121","D:/NICE_history/NG121/Minutes_6_14_November_2016.pdf",TRUE,"downloaded",
"NG121","Committee meetings","Minutes 12","14 September 2017","pdf","https://www.nice.org.uk/guidance/ng121/documents/minutes-15","Minutes_12","14_September_2017","pdf","Minutes_12_14_September_2017.pdf","D:/NICE_history/NG121","D:/NICE_history/NG121/Minutes_12_14_September_2017.pdf",TRUE,"downloaded",
"NG121","Committee meetings","Minutes 8","15 December 2016","pdf","https://www.nice.org.uk/guidance/ng121/documents/minutes-35","Minutes_8","15_December_2016","pdf","Minutes_8_15_December_2016.pdf","D:/NICE_history/NG121","D:/NICE_history/NG121/Minutes_8_15_December_2016.pdf",TRUE,"downloaded",
"NG121","Committee meetings","Minutes 15","18 October 2017","pdf","https://www.nice.org.uk/guidance/ng121/documents/minutes-42","Minutes_15","18_October_2017","pdf","Minutes_15_18_October_2017.pdf","D:/NICE_history/NG121","D:/NICE_history/NG121/Minutes_15_18_October_2017.pdf",TRUE,"downloaded",
"NG121","Committee meetings","Minutes 4","19 May 2016","pdf","https://www.nice.org.uk/guidance/ng121/documents/minutes-31","Minutes_4","19_May_2016","pdf","Minutes_4_19_May_2016.pdf","D:/NICE_history/NG121","D:/NICE_history/NG121/Minutes_4_19_May_2016.pdf",TRUE,"downloaded",
"NG121","Committee meetings","Minutes 13","19 October 2017","pdf","https://www.nice.org.uk/guidance/ng121/documents/minutes-16","Minutes_13","19_October_2017","pdf","Minutes_13_19_October_2017.pdf","D:/NICE_history/NG121","D:/NICE_history/NG121/Minutes_13_19_October_2017.pdf",TRUE,"downloaded",
"NG121","Committee meetings","Minutes 17","20 February 2018","pdf","https://www.nice.org.uk/guidance/ng121/documents/minutes-6","Minutes_17","20_February_2018","pdf","Minutes_17_20_February_2018.pdf","D:/NICE_history/NG121","D:/NICE_history/NG121/Minutes_17_20_February_2018.pdf",TRUE,"downloaded",
"NG121","Committee meetings","Minutes 2 Day 1","20 January 2016","pdf","https://www.nice.org.uk/guidance/ng121/documents/minutes-28","Minutes_2_Day_1","20_January_2016","pdf","Minutes_2_Day_1_20_January_2016.pdf","D:/NICE_history/NG121","D:/NICE_history/NG121/Minutes_2_Day_1_20_January_2016.pdf",TRUE,"downloaded",
"NG121","Committee meetings","Minutes 2 Day 2","21 January 2016","pdf","https://www.nice.org.uk/guidance/ng121/documents/minutes-29","Minutes_2_Day_2","21_January_2016","pdf","Minutes_2_Day_2_21_January_2016.pdf","D:/NICE_history/NG121","D:/NICE_history/NG121/Minutes_2_Day_2_21_January_2016.pdf",TRUE,"downloaded",
"NG121","Committee meetings","Minutes 5","22 September 2016","pdf","https://www.nice.org.uk/guidance/ng121/documents/minutes-5","Minutes_5","22_September_2016","pdf","Minutes_5_22_September_2016.pdf","D:/NICE_history/NG121","D:/NICE_history/NG121/Minutes_5_22_September_2016.pdf",TRUE,"downloaded",
"NG121","Committee meetings","Minutes 3","23 February 2016","pdf","https://www.nice.org.uk/guidance/ng121/documents/minutes-30","Minutes_3","23_February_2016","pdf","Minutes_3_23_February_2016.pdf","D:/NICE_history/NG121","D:/NICE_history/NG121/Minutes_3_23_February_2016.pdf",TRUE,"downloaded",
"NG121","Committee meetings","Minutes 10","23 May 2017","pdf","https://www.nice.org.uk/guidance/ng121/documents/minutes-12","Minutes_10","23_May_2017","pdf","Minutes_10_23_May_2017.pdf","D:/NICE_history/NG121","D:/NICE_history/NG121/Minutes_10_23_May_2017.pdf",TRUE,"downloaded",
"NG121","Committee meetings","Minutes 11","24 April 2017","pdf","https://www.nice.org.uk/guidance/ng121/documents/minutes-38","Minutes_11","24_April_2017","pdf","Minutes_11_24_April_2017.pdf","D:/NICE_history/NG121","D:/NICE_history/NG121/Minutes_11_24_April_2017.pdf",TRUE,"downloaded",
"NG121","Committee meetings","Minutes 9","24 April 2017","pdf","https://www.nice.org.uk/guidance/ng121/documents/minutes-11","Minutes_9","24_April_2017","pdf","Minutes_9_24_April_2017.pdf","D:/NICE_history/NG121","D:/NICE_history/NG121/Minutes_9_24_April_2017.pdf",TRUE,"downloaded",
"NG121","Committee meetings","Minutes 4","24 August 2016","pdf","https://www.nice.org.uk/guidance/ng121/documents/minutes-4","Minutes_4","24_August_2016","pdf","Minutes_4_24_August_2016.pdf","D:/NICE_history/NG121","D:/NICE_history/NG121/Minutes_4_24_August_2016.pdf",TRUE,"downloaded",
"NG121","Committee meetings","Minutes 13","26 July 2017","pdf","https://www.nice.org.uk/guidance/ng121/documents/minutes-40","Minutes_13","26_July_2017","pdf","Minutes_13_26_July_2017.pdf","D:/NICE_history/NG121","D:/NICE_history/NG121/Minutes_13_26_July_2017.pdf",TRUE,"downloaded",
"NG121","Committee meetings","Minutes 8","28 February 2017","pdf","https://www.nice.org.uk/guidance/ng121/documents/minutes-9","Minutes_8","28_February_2017","pdf","Minutes_8_28_February_2017.pdf","D:/NICE_history/NG121","D:/NICE_history/NG121/Minutes_8_28_February_2017.pdf",TRUE,"downloaded",
"NG121","Committee meetings","Minutes 5","29 June 2016","pdf","https://www.nice.org.uk/guidance/ng121/documents/minutes-32","Minutes_5","29_June_2016","pdf","Minutes_5_29_June_2016.pdf","D:/NICE_history/NG121","D:/NICE_history/NG121/Minutes_5_29_June_2016.pdf",TRUE,"downloaded",
"NG121","Consultation comments published","Consultation comments and responses","02 June 2016","pdf","https://www.nice.org.uk/guidance/ng121/documents/consultation-comments-and-responses","Consultation_comments_and_responses","02_June_2016","pdf","Consultation_comments_and_responses_02_June_2016.pdf","D:/NICE_history/NG121","D:/NICE_history/NG121/Consultation_comments_and_responses_02_June_2016.pdf",TRUE,"downloaded",
"NG121","Consultation comments published","Consultation comments and responses","11 May 2016","pdf","https://www.nice.org.uk/guidance/ng121/documents/consultation-comments-and-responses-2","Consultation_comments_and_responses","11_May_2016","pdf","Consultation_comments_and_responses_11_May_2016.pdf","D:/NICE_history/NG121","D:/NICE_history/NG121/Consultation_comments_and_responses_11_May_2016.pdf",TRUE,"downloaded",
"NG121","Draft guidance consultation","Consultation comments and responses","06 March 2019","pdf","https://www.nice.org.uk/guidance/ng121/documents/consultation-comments-and-responses-5","Consultation_comments_and_responses","06_March_2019","pdf","Consultation_comments_and_responses_06_March_2019.pdf","D:/NICE_history/NG121","D:/NICE_history/NG121/Consultation_comments_and_responses_06_March_2019.pdf",TRUE,"downloaded",
"NG121","Draft guidance consultation","Comments form","11 September 2018","docx","https://www.nice.org.uk/guidance/ng121/documents/comments-form-2","Comments_form","11_September_2018","docx","Comments_form_11_September_2018.docx","D:/NICE_history/NG121","D:/NICE_history/NG121/Comments_form_11_September_2018.docx",TRUE,"downloaded",
"NG121","Draft guidance consultation","Committee member list Medical","11 September 2018","pdf","https://www.nice.org.uk/guidance/ng121/documents/committee-member-list-2","Committee_member_list_Medical","11_September_2018","pdf","Committee_member_list_Medical_11_September_2018.pdf","D:/NICE_history/NG121","D:/NICE_history/NG121/Committee_member_list_Medical_11_September_2018.pdf",TRUE,"downloaded",
"NG121","Draft guidance consultation","Committee member list Obstetric","11 September 2018","pdf","https://www.nice.org.uk/guidance/ng121/documents/committee-member-list-4","Committee_member_list_Obstetric","11_September_2018","pdf","Committee_member_list_Obstetric_11_September_2018.pdf","D:/NICE_history/NG121","D:/NICE_history/NG121/Committee_member_list_Obstetric_11_September_2018.pdf",TRUE,"downloaded",
"NG121","Draft guidance consultation","Draft guideline","11 September 2018","pdf","https://www.nice.org.uk/guidance/ng121/documents/draft-guideline","Draft_guideline","11_September_2018","pdf","Draft_guideline_11_September_2018.pdf","D:/NICE_history/NG121","D:/NICE_history/NG121/Draft_guideline_11_September_2018.pdf",TRUE,"downloaded",
"NG121","Draft guidance consultation","Equality impact assessment","11 September 2018","pdf","https://www.nice.org.uk/guidance/ng121/documents/equality-impact-assessment-3","Equality_impact_assessment","11_September_2018","pdf","Equality_impact_assessment_11_September_2018.pdf","D:/NICE_history/NG121","D:/NICE_history/NG121/Equality_impact_assessment_11_September_2018.pdf",TRUE,"downloaded",
"NG121","Draft guidance consultation","Evidence review A","11 September 2018","pdf","https://www.nice.org.uk/guidance/ng121/documents/evidence-review","Evidence_review_A","11_September_2018","pdf","Evidence_review_A_11_September_2018.pdf","D:/NICE_history/NG121","D:/NICE_history/NG121/Evidence_review_A_11_September_2018.pdf",TRUE,"downloaded",
"NG121","Draft guidance consultation","Evidence review B","11 September 2018","pdf","https://www.nice.org.uk/guidance/ng121/documents/evidence-review-2","Evidence_review_B","11_September_2018","pdf","Evidence_review_B_11_September_2018.pdf","D:/NICE_history/NG121","D:/NICE_history/NG121/Evidence_review_B_11_September_2018.pdf",TRUE,"downloaded",
"NG121","Draft guidance consultation","Evidence review C","11 September 2018","pdf","https://www.nice.org.uk/guidance/ng121/documents/evidence-review-3","Evidence_review_C","11_September_2018","pdf","Evidence_review_C_11_September_2018.pdf","D:/NICE_history/NG121","D:/NICE_history/NG121/Evidence_review_C_11_September_2018.pdf",TRUE,"downloaded",
"NG121","Draft guidance consultation","Evidence review D","11 September 2018","pdf","https://www.nice.org.uk/guidance/ng121/documents/evidence-review-4","Evidence_review_D","11_September_2018","pdf","Evidence_review_D_11_September_2018.pdf","D:/NICE_history/NG121","D:/NICE_history/NG121/Evidence_review_D_11_September_2018.pdf",TRUE,"downloaded",
"NG121","Draft guidance consultation","Evidence review E","11 September 2018","pdf","https://www.nice.org.uk/guidance/ng121/documents/evidence-review-5","Evidence_review_E","11_September_2018","pdf","Evidence_review_E_11_September_2018.pdf","D:/NICE_history/NG121","D:/NICE_history/NG121/Evidence_review_E_11_September_2018.pdf",TRUE,"downloaded",
"NG121","Draft guidance consultation","Evidence review F","11 September 2018","pdf","https://www.nice.org.uk/guidance/ng121/documents/evidence-review-6","Evidence_review_F","11_September_2018","pdf","Evidence_review_F_11_September_2018.pdf","D:/NICE_history/NG121","D:/NICE_history/NG121/Evidence_review_F_11_September_2018.pdf",TRUE,"downloaded",
"NG121","Draft guidance consultation","Evidence review G","11 September 2018","pdf","https://www.nice.org.uk/guidance/ng121/documents/evidence-review-7","Evidence_review_G","11_September_2018","pdf","Evidence_review_G_11_September_2018.pdf","D:/NICE_history/NG121","D:/NICE_history/NG121/Evidence_review_G_11_September_2018.pdf",TRUE,"downloaded",
"NG121","Draft guidance consultation","Evidence review H","11 September 2018","pdf","https://www.nice.org.uk/guidance/ng121/documents/evidence-review-8","Evidence_review_H","11_September_2018","pdf","Evidence_review_H_11_September_2018.pdf","D:/NICE_history/NG121","D:/NICE_history/NG121/Evidence_review_H_11_September_2018.pdf",TRUE,"downloaded",
"NG121","Draft guidance consultation","Evidence review I","11 September 2018","pdf","https://www.nice.org.uk/guidance/ng121/documents/evidence-review-9","Evidence_review_I","11_September_2018","pdf","Evidence_review_I_11_September_2018.pdf","D:/NICE_history/NG121","D:/NICE_history/NG121/Evidence_review_I_11_September_2018.pdf",TRUE,"downloaded",
"NG121","Draft guidance consultation","Evidence review J","11 September 2018","pdf","https://www.nice.org.uk/guidance/ng121/documents/evidence-review-10","Evidence_review_J","11_September_2018","pdf","Evidence_review_J_11_September_2018.pdf","D:/NICE_history/NG121","D:/NICE_history/NG121/Evidence_review_J_11_September_2018.pdf",FALSE,"failed","Transferred a partial file [www.nice.org.uk]:
transfer closed with outstanding read data remaining"
"NG121","Draft guidance consultation","Evidence review K","11 September 2018","pdf","https://www.nice.org.uk/guidance/ng121/documents/evidence-review-11","Evidence_review_K","11_September_2018","pdf","Evidence_review_K_11_September_2018.pdf","D:/NICE_history/NG121","D:/NICE_history/NG121/Evidence_review_K_11_September_2018.pdf",TRUE,"downloaded",
"NG121","Draft guidance consultation","Evidence review L","11 September 2018","pdf","https://www.nice.org.uk/guidance/ng121/documents/evidence-review-12","Evidence_review_L","11_September_2018","pdf","Evidence_review_L_11_September_2018.pdf","D:/NICE_history/NG121","D:/NICE_history/NG121/Evidence_review_L_11_September_2018.pdf",TRUE,"downloaded",
"NG121","Draft guidance consultation","Evidence review M","11 September 2018","pdf","https://www.nice.org.uk/guidance/ng121/documents/evidence-review-13","Evidence_review_M","11_September_2018","pdf","Evidence_review_M_11_September_2018.pdf","D:/NICE_history/NG121","D:/NICE_history/NG121/Evidence_review_M_11_September_2018.pdf",TRUE,"downloaded",
"NG121","Draft guidance consultation","Evidence review N","11 September 2018","pdf","https://www.nice.org.uk/guidance/ng121/documents/evidence-review-14","Evidence_review_N","11_September_2018","pdf","Evidence_review_N_11_September_2018.pdf","D:/NICE_history/NG121","D:/NICE_history/NG121/Evidence_review_N_11_September_2018.pdf",TRUE,"downloaded",
"NG121","Draft guidance consultation","Evidence review O","11 September 2018","pdf","https://www.nice.org.uk/guidance/ng121/documents/evidence-review-15","Evidence_review_O","11_September_2018","pdf","Evidence_review_O_11_September_2018.pdf","D:/NICE_history/NG121","D:/NICE_history/NG121/Evidence_review_O_11_September_2018.pdf",TRUE,"downloaded",
"NG121","Draft guidance consultation","Evidence review P","11 September 2018","pdf","https://www.nice.org.uk/guidance/ng121/documents/evidence-review-16","Evidence_review_P","11_September_2018","pdf","Evidence_review_P_11_September_2018.pdf","D:/NICE_history/NG121","D:/NICE_history/NG121/Evidence_review_P_11_September_2018.pdf",TRUE,"downloaded",
"NG121","Draft guidance consultation","Evidence review Q","11 September 2018","pdf","https://www.nice.org.uk/guidance/ng121/documents/evidence-review-17","Evidence_review_Q","11_September_2018","pdf","Evidence_review_Q_11_September_2018.pdf","D:/NICE_history/NG121","D:/NICE_history/NG121/Evidence_review_Q_11_September_2018.pdf",TRUE,"downloaded",
"NG121","Draft guidance consultation","Evidence review R","11 September 2018","pdf","https://www.nice.org.uk/guidance/ng121/documents/evidence-review-18","Evidence_review_R","11_September_2018","pdf","Evidence_review_R_11_September_2018.pdf","D:/NICE_history/NG121","D:/NICE_history/NG121/Evidence_review_R_11_September_2018.pdf",TRUE,"downloaded",
"NG121","Draft guidance consultation","Evidence review S","11 September 2018","pdf","https://www.nice.org.uk/guidance/ng121/documents/evidence-review-19","Evidence_review_S","11_September_2018","pdf","Evidence_review_S_11_September_2018.pdf","D:/NICE_history/NG121","D:/NICE_history/NG121/Evidence_review_S_11_September_2018.pdf",TRUE,"downloaded",
"NG121","Draft guidance consultation","Evidence review T","11 September 2018","pdf","https://www.nice.org.uk/guidance/ng121/documents/evidence-review-20","Evidence_review_T","11_September_2018","pdf","Evidence_review_T_11_September_2018.pdf","D:/NICE_history/NG121","D:/NICE_history/NG121/Evidence_review_T_11_September_2018.pdf",TRUE,"downloaded",
"NG121","Draft guidance consultation","Supporting evidence 1","11 September 2018","pdf","https://www.nice.org.uk/guidance/ng121/documents/supporting-evidence","Supporting_evidence_1","11_September_2018","pdf","Supporting_evidence_1_11_September_2018.pdf","D:/NICE_history/NG121","D:/NICE_history/NG121/Supporting_evidence_1_11_September_2018.pdf",TRUE,"downloaded",
"NG121","Draft guidance consultation","Supporting evidence 2","11 September 2018","pdf","https://www.nice.org.uk/guidance/ng121/documents/supporting-evidence-2","Supporting_evidence_2","11_September_2018","pdf","Supporting_evidence_2_11_September_2018.pdf","D:/NICE_history/NG121","D:/NICE_history/NG121/Supporting_evidence_2_11_September_2018.pdf",TRUE,"downloaded",
"NG121","Draft guidance consultation","Supporting evidence 3","11 September 2018","pdf","https://www.nice.org.uk/guidance/ng121/documents/supporting-evidence-3","Supporting_evidence_3","11_September_2018","pdf","Supporting_evidence_3_11_September_2018.pdf","D:/NICE_history/NG121","D:/NICE_history/NG121/Supporting_evidence_3_11_September_2018.pdf",TRUE,"downloaded",
"NG121","Draft scope consultation","Addendum to draft scope","05 April 2016","docx","https://www.nice.org.uk/guidance/ng121/documents/addendum-to-draft-scope","Addendum_to_draft_scope","05_April_2016","docx","Addendum_to_draft_scope_05_April_2016.docx","D:/NICE_history/NG121","D:/NICE_history/NG121/Addendum_to_draft_scope_05_April_2016.docx",TRUE,"downloaded",
"NG121","Equality and health inequalities assessment","Equality impact assessment EFM review EIA form1–3","03 November 2016","pdf","https://www.nice.org.uk/guidance/ng121/documents/equality-impact-assessment-2","Equality_impact_assessment_EFM_review_EIA_form1–3","03_November_2016","pdf","Equality_impact_assessment_EFM_review_EIA_form1–3_03_November_2016.pdf","D:/NICE_history/NG121","D:/NICE_history/NG121/Equality_impact_assessment_EFM_review_EIA_form1–3_03_November_2016.pdf",TRUE,"downloaded",
"NG121","Equality and health inequalities assessment","Equality impact assessment 4","08 January 2019","pdf","https://www.nice.org.uk/guidance/ng121/documents/equality-impact-assessment-4","Equality_impact_assessment_4","08_January_2019","pdf","Equality_impact_assessment_4_08_January_2019.pdf","D:/NICE_history/NG121","D:/NICE_history/NG121/Equality_impact_assessment_4_08_January_2019.pdf",TRUE,"downloaded",
"NG121","Equality and health inequalities assessment","Equality impact assessment","11 May 2016","pdf","https://www.nice.org.uk/guidance/ng121/documents/equality-impact-assessment","Equality_impact_assessment","11_May_2016","pdf","Equality_impact_assessment_11_May_2016.pdf","D:/NICE_history/NG121","D:/NICE_history/NG121/Equality_impact_assessment_11_May_2016.pdf",TRUE,"downloaded",
"NG121","Guidance published","Committee member list - medical conditions","06 March 2019","pdf","https://www.nice.org.uk/guidance/ng121/documents/committee-member-list-3","Committee_member_list_-_medical_conditions","06_March_2019","pdf","Committee_member_list_-_medical_conditions_06_March_2019.pdf","D:/NICE_history/NG121","D:/NICE_history/NG121/Committee_member_list_-_medical_conditions_06_March_2019.pdf",TRUE,"downloaded",
"NG121","Guidance published","Committee member list - obstetric complications","06 March 2019","pdf","https://www.nice.org.uk/guidance/ng121/documents/committee-member-list-6","Committee_member_list_-_obstetric_complications","06_March_2019","pdf","Committee_member_list_-_obstetric_complications_06_March_2019.pdf","D:/NICE_history/NG121","D:/NICE_history/NG121/Committee_member_list_-_obstetric_complications_06_March_2019.pdf",TRUE,"downloaded",
"NG121","Guidance published","Consultation comments and responses","06 March 2019","pdf","https://www.nice.org.uk/guidance/ng121/documents/consultation-comments-and-responses-6","Consultation_comments_and_responses","06_March_2019","pdf","Consultation_comments_and_responses_06_March_2019_2.pdf","D:/NICE_history/NG121","D:/NICE_history/NG121/Consultation_comments_and_responses_06_March_2019_2.pdf",TRUE,"downloaded",
"NG121","Guidance published","Equality impact assessment","06 March 2019","pdf","https://www.nice.org.uk/guidance/ng121/documents/equality-impact-assessment-5","Equality_impact_assessment","06_March_2019","pdf","Equality_impact_assessment_06_March_2019.pdf","D:/NICE_history/NG121","D:/NICE_history/NG121/Equality_impact_assessment_06_March_2019.pdf",TRUE,"downloaded",
"NG121","List of registered stakeholders","List of registered stakeholders","23 September 2015","pdf","https://www.nice.org.uk/guidance/ng121/documents/intrapartum-care-for-high-risk-women-list-of-registered-stakeholders-2","List_of_registered_stakeholders","23_September_2015","pdf","List_of_registered_stakeholders_23_September_2015.pdf","D:/NICE_history/NG121","D:/NICE_history/NG121/List_of_registered_stakeholders_23_September_2015.pdf",TRUE,"downloaded",
"NG121","Pre-consultation documents released","Economic plan","24 July 2018","pdf","https://www.nice.org.uk/guidance/ng121/documents/economic-plan","Economic_plan","24_July_2018","pdf","Economic_plan_24_July_2018.pdf","D:/NICE_history/NG121","D:/NICE_history/NG121/Economic_plan_24_July_2018.pdf",TRUE,"downloaded",
"NG121","Pre-consultation documents released","Review questions & Search strategies","24 July 2018","pdf","https://www.nice.org.uk/guidance/ng121/documents/review-questions","Review_questions_&_Search_strategies","24_July_2018","pdf","Review_questions_&_Search_strategies_24_July_2018.pdf","D:/NICE_history/NG121","D:/NICE_history/NG121/Review_questions_&_Search_strategies_24_July_2018.pdf",TRUE,"downloaded",
"NG121","Scope published","Final scope Addendum to scope","02 June 2016","pdf","https://www.nice.org.uk/guidance/ng121/documents/final-scope","Final_scope_Addendum_to_scope","02_June_2016","pdf","Final_scope_Addendum_to_scope_02_June_2016.pdf","D:/NICE_history/NG121","D:/NICE_history/NG121/Final_scope_Addendum_to_scope_02_June_2016.pdf",TRUE,"downloaded",
"NG121","Scope published","Final scope","11 May 2016","pdf","https://www.nice.org.uk/guidance/ng121/documents/final-scope-2","Final_scope","11_May_2016","pdf","Final_scope_11_May_2016.pdf","D:/NICE_history/NG121","D:/NICE_history/NG121/Final_scope_11_May_2016.pdf",TRUE,"downloaded",
"NG121","Scoping workshop, consultation and final scope","Scoping workshop notes","12 August 2015","pdf","https://www.nice.org.uk/guidance/ng121/documents/intrapartum-care-for-high-risk-women-scoping-workshop-notes2","Scoping_workshop_notes","12_August_2015","pdf","Scoping_workshop_notes_12_August_2015.pdf","D:/NICE_history/NG121","D:/NICE_history/NG121/Scoping_workshop_notes_12_August_2015.pdf",TRUE,"downloaded",
"NG121","Scoping workshop, consultation and final scope","Draft scope for consultation","13 August 2015","pdf","https://www.nice.org.uk/guidance/ng121/documents/intrapartum-care-for-high-risk-women-draft-scope-for-consultation2","Draft_scope_for_consultation","13_August_2015","pdf","Draft_scope_for_consultation_13_August_2015.pdf","D:/NICE_history/NG121","D:/NICE_history/NG121/Draft_scope_for_consultation_13_August_2015.pdf",TRUE,"downloaded",
"NG121","Scoping workshop, consultation and final scope","Equality impact assessment","13 August 2015","pdf","https://www.nice.org.uk/guidance/ng121/documents/intrapartum-care-for-high-risk-women-equality-impact-assessment2","Equality_impact_assessment","13_August_2015","pdf","Equality_impact_assessment_13_August_2015.pdf","D:/NICE_history/NG121","D:/NICE_history/NG121/Equality_impact_assessment_13_August_2015.pdf",TRUE,"downloaded",
"NG121","Stakeholder list updated","Stakeholder list","18 September 2018","pdf","https://www.nice.org.uk/guidance/ng121/documents/stakeholder-list-2","Stakeholder_list","18_September_2018","pdf","Stakeholder_list_18_September_2018.pdf","D:/NICE_history/NG121","D:/NICE_history/NG121/Stakeholder_list_18_September_2018.pdf",TRUE,"downloaded",
"NG122","Committee list updated","Committee member list","03 May 2018","pdf","https://www.nice.org.uk/guidance/ng122/documents/committee-member-list","Committee_member_list","03_May_2018","pdf","Committee_member_list_03_May_2018.pdf","D:/NICE_history/NG122","D:/NICE_history/NG122/Committee_member_list_03_May_2018.pdf",TRUE,"downloaded",
"NG122","Committee list updated","Register of interests","29 June 2018","pdf","https://www.nice.org.uk/guidance/ng122/documents/register-of-interests","Register_of_interests","29_June_2018","pdf","Register_of_interests_29_June_2018.pdf","D:/NICE_history/NG122","D:/NICE_history/NG122/Register_of_interests_29_June_2018.pdf",TRUE,"downloaded",
"NG122","Committee meetings","Minutes 1","07 December 2017","pdf","https://www.nice.org.uk/guidance/ng122/documents/minutes","Minutes_1","07_December_2017","pdf","Minutes_1_07_December_2017.pdf","D:/NICE_history/NG122","D:/NICE_history/NG122/Minutes_1_07_December_2017.pdf",TRUE,"downloaded",
"NG122","Committee meetings","Minutes 4","11 April 2018","pdf","https://www.nice.org.uk/guidance/ng122/documents/minutes-3","Minutes_4","11_April_2018","pdf","Minutes_4_11_April_2018.pdf","D:/NICE_history/NG122","D:/NICE_history/NG122/Minutes_4_11_April_2018.pdf",TRUE,"downloaded",
"NG122","Committee meetings","Minutes 7","15 August 2018","pdf","https://www.nice.org.uk/guidance/ng122/documents/minutes-8","Minutes_7","15_August_2018","pdf","Minutes_7_15_August_2018.pdf","D:/NICE_history/NG122","D:/NICE_history/NG122/Minutes_7_15_August_2018.pdf",TRUE,"downloaded",
"NG122","Committee meetings","Minutes 5","18 June 2018","pdf","https://www.nice.org.uk/guidance/ng122/documents/minutes-5","Minutes_5","18_June_2018","pdf","Minutes_5_18_June_2018.pdf","D:/NICE_history/NG122","D:/NICE_history/NG122/Minutes_5_18_June_2018.pdf",TRUE,"downloaded",
"NG122","Committee meetings","Minutes 6","18 June 2018","pdf","https://www.nice.org.uk/guidance/ng122/documents/minutes-6","Minutes_6","18_June_2018","pdf","Minutes_6_18_June_2018.pdf","D:/NICE_history/NG122","D:/NICE_history/NG122/Minutes_6_18_June_2018.pdf",TRUE,"downloaded",
"NG122","Committee meetings","Minutes 2","22 January 2018","pdf","https://www.nice.org.uk/guidance/ng122/documents/minutes-2","Minutes_2","22_January_2018","pdf","Minutes_2_22_January_2018.pdf","D:/NICE_history/NG122","D:/NICE_history/NG122/Minutes_2_22_January_2018.pdf",TRUE,"downloaded",
"NG122","Committee meetings","Minutes 3","27 February 2018","pdf","https://www.nice.org.uk/guidance/ng122/documents/minutes-4","Minutes_3","27_February_2018","pdf","Minutes_3_27_February_2018.pdf","D:/NICE_history/NG122","D:/NICE_history/NG122/Minutes_3_27_February_2018.pdf",TRUE,"downloaded",
"NG122","Declaration of interests","Register of interests","06 August 2018","pdf","https://www.nice.org.uk/guidance/ng122/documents/register-of-interests-3","Register_of_interests","06_August_2018","pdf","Register_of_interests_06_August_2018.pdf","D:/NICE_history/NG122","D:/NICE_history/NG122/Register_of_interests_06_August_2018.pdf",TRUE,"downloaded",
"NG122","Draft guidance consultation","Comments form","10 October 2018","docx","https://www.nice.org.uk/guidance/ng122/documents/comments-form","Comments_form","10_October_2018","docx","Comments_form_10_October_2018.docx","D:/NICE_history/NG122","D:/NICE_history/NG122/Comments_form_10_October_2018.docx",TRUE,"downloaded",
"NG122","Draft guidance consultation","Committee member list","10 October 2018","pdf","https://www.nice.org.uk/guidance/ng122/documents/committee-member-list-2","Committee_member_list","10_October_2018","pdf","Committee_member_list_10_October_2018.pdf","D:/NICE_history/NG122","D:/NICE_history/NG122/Committee_member_list_10_October_2018.pdf",TRUE,"downloaded",
"NG122","Draft guidance consultation","Equality impact assessment 3","10 October 2018","pdf","https://www.nice.org.uk/guidance/ng122/documents/equality-impact-assessment-2","Equality_impact_assessment_3","10_October_2018","pdf","Equality_impact_assessment_3_10_October_2018.pdf","D:/NICE_history/NG122","D:/NICE_history/NG122/Equality_impact_assessment_3_10_October_2018.pdf",TRUE,"downloaded",
"NG122","Draft guidance consultation","Evidence review A - Investigations for staging the mediastinum","10 October 2018","pdf","https://www.nice.org.uk/guidance/ng122/documents/evidence-review","Evidence_review_A_-_Investigations_for_staging_the_mediastinum","10_October_2018","pdf","Evidence_review_A_-_Investigations_for_staging_the_mediastinum_10_October_2018.pdf","D:/NICE_history/NG122","D:/NICE_history/NG122/Evidence_review_A_-_Investigations_for_staging_the_mediastinum_10_October_2018.pdf",TRUE,"downloaded",
"NG122","Draft guidance consultation","Evidence review B - Brain imaging in people with NSCLC selected for treatment with curative intent","10 October 2018","pdf","https://www.nice.org.uk/guidance/ng122/documents/evidence-review-2","Evidence_review_B_-_Brain_imaging_in_people_with_NSCLC_selected_for_treatment_with_curative_intent","10_October_2018","pdf","Evidence_review_B_-_Brain_imaging_in_people_with_NSCLC_selected_for_treatment_with_curative_intent_10_October_2018.pdf","D:/NICE_history/NG122","D:/NICE_history/NG122/Evidence_review_B_-_Brain_imaging_in_people_with_NSCLC_selected_for_treatment_with_curative_intent_10_October_2018.pdf",TRUE,"downloaded",
"NG122","Draft guidance consultation","Evidence review C - Management of NSCLC stage IIIA-N2","10 October 2018","pdf","https://www.nice.org.uk/guidance/ng122/documents/evidence-review-3","Evidence_review_C_-_Management_of_NSCLC_stage_IIIA-N2","10_October_2018","pdf","Evidence_review_C_-_Management_of_NSCLC_stage_IIIA-N2_10_October_2018.pdf","D:/NICE_history/NG122","D:/NICE_history/NG122/Evidence_review_C_-_Management_of_NSCLC_stage_IIIA-N2_10_October_2018.pdf",TRUE,"downloaded",
"NG122","Draft guidance consultation","Evidence review D - Radiotherapy with curative intent for NSCLC","10 October 2018","pdf","https://www.nice.org.uk/guidance/ng122/documents/evidence-review-4","Evidence_review_D_-_Radiotherapy_with_curative_intent_for_NSCLC","10_October_2018","pdf","Evidence_review_D_-_Radiotherapy_with_curative_intent_for_NSCLC_10_October_2018.pdf","D:/NICE_history/NG122","D:/NICE_history/NG122/Evidence_review_D_-_Radiotherapy_with_curative_intent_for_NSCLC_10_October_2018.pdf",TRUE,"downloaded",
"NG122","Draft guidance consultation","Evidence review E - Development of systemic anti-cancer therapy algorithm","10 October 2018","pdf","https://www.nice.org.uk/guidance/ng122/documents/evidence-review-5","Evidence_review_E_-_Development_of_systemic_anti-cancer_therapy_algorithm","10_October_2018","pdf","Evidence_review_E_-_Development_of_systemic_anti-cancer_therapy_algorithm_10_October_2018.pdf","D:/NICE_history/NG122","D:/NICE_history/NG122/Evidence_review_E_-_Development_of_systemic_anti-cancer_therapy_algorithm_10_October_2018.pdf",TRUE,"downloaded",
"NG122","Draft guidance consultation","Evidence review F - Chemoradiotherapy for limited stage SCLC","10 October 2018","pdf","https://www.nice.org.uk/guidance/ng122/documents/evidence-review-6","Evidence_review_F_-_Chemoradiotherapy_for_limited_stage_SCLC","10_October_2018","pdf","Evidence_review_F_-_Chemoradiotherapy_for_limited_stage_SCLC_10_October_2018.pdf","D:/NICE_history/NG122","D:/NICE_history/NG122/Evidence_review_F_-_Chemoradiotherapy_for_limited_stage_SCLC_10_October_2018.pdf",TRUE,"downloaded",
"NG122","Draft guidance consultation","Evidence review G - Thoracic radiotherapy for extensive stage SCLC","10 October 2018","pdf","https://www.nice.org.uk/guidance/ng122/documents/evidence-review-7","Evidence_review_G_-_Thoracic_radiotherapy_for_extensive_stage_SCLC","10_October_2018","pdf","Evidence_review_G_-_Thoracic_radiotherapy_for_extensive_stage_SCLC_10_October_2018.pdf","D:/NICE_history/NG122","D:/NICE_history/NG122/Evidence_review_G_-_Thoracic_radiotherapy_for_extensive_stage_SCLC_10_October_2018.pdf",TRUE,"downloaded",
"NG122","Draft guidance consultation","Evidence review H - Prophylactic cranial irradiation for extensive stage SCLC","10 October 2018","pdf","https://www.nice.org.uk/guidance/ng122/documents/evidence-review-8","Evidence_review_H_-_Prophylactic_cranial_irradiation_for_extensive_stage_SCLC","10_October_2018","pdf","Evidence_review_H_-_Prophylactic_cranial_irradiation_for_extensive_stage_SCLC_10_October_2018.pdf","D:/NICE_history/NG122","D:/NICE_history/NG122/Evidence_review_H_-_Prophylactic_cranial_irradiation_for_extensive_stage_SCLC_10_October_2018.pdf",TRUE,"downloaded",
"NG122","Draft guidance consultation","Key research recommendations","10 October 2018","pdf","https://www.nice.org.uk/guidance/ng122/documents/33","Key_research_recommendations","10_October_2018","pdf","Key_research_recommendations_10_October_2018.pdf","D:/NICE_history/NG122","D:/NICE_history/NG122/Key_research_recommendations_10_October_2018.pdf",TRUE,"downloaded",
"NG122","Draft guidance consultation","Short version of draft guideline","10 October 2018","pdf","https://www.nice.org.uk/guidance/ng122/documents/short-version-of-draft-guideline","Short_version_of_draft_guideline","10_October_2018","pdf","Short_version_of_draft_guideline_10_October_2018.pdf","D:/NICE_history/NG122","D:/NICE_history/NG122/Short_version_of_draft_guideline_10_October_2018.pdf",TRUE,"downloaded",
"NG122","Draft guidance consultation","Supporting documentation Acknowledgements","10 October 2018","pdf","https://www.nice.org.uk/guidance/ng122/documents/supporting-documentation-2","Supporting_documentation_Acknowledgements","10_October_2018","pdf","Supporting_documentation_Acknowledgements_10_October_2018.pdf","D:/NICE_history/NG122","D:/NICE_history/NG122/Supporting_documentation_Acknowledgements_10_October_2018.pdf",TRUE,"downloaded",
"NG122","Draft guidance consultation","Supporting documentation Committee declaration of interests register","10 October 2018","pdf","https://www.nice.org.uk/guidance/ng122/documents/supporting-documentation-3","Supporting_documentation_Committee_declaration_of_interests_register","10_October_2018","pdf","Supporting_documentation_Committee_declaration_of_interests_register_10_October_2018.pdf","D:/NICE_history/NG122","D:/NICE_history/NG122/Supporting_documentation_Committee_declaration_of_interests_register_10_October_2018.pdf",TRUE,"downloaded",
"NG122","Draft guidance consultation","Supporting documentation Systemic anti-cancer therapy management - non-squamous visual summary","10 October 2018","pdf","https://www.nice.org.uk/guidance/ng122/documents/supporting-documentation-4","Supporting_documentation_Systemic_anti-cancer_therapy_management_-_non-squamous_visual_summary","10_October_2018","pdf","Supporting_documentation_Systemic_anti-cancer_therapy_management_-_non-squamous_visual_summary_10_October_2018.pdf","D:/NICE_history/NG122","D:/NICE_history/NG122/Supporting_documentation_Systemic_anti-cancer_therapy_management_-_non-squamous_visual_summary_10_October_2018.pdf",TRUE,"downloaded",
"NG122","Draft guidance consultation","Supporting documentation Systemic anti-cancer therapy management - squamous visual summary","10 October 2018","pdf","https://www.nice.org.uk/guidance/ng122/documents/supporting-documentation-5","Supporting_documentation_Systemic_anti-cancer_therapy_management_-_squamous_visual_summary","10_October_2018","pdf","Supporting_documentation_Systemic_anti-cancer_therapy_management_-_squamous_visual_summary_10_October_2018.pdf","D:/NICE_history/NG122","D:/NICE_history/NG122/Supporting_documentation_Systemic_anti-cancer_therapy_management_-_squamous_visual_summary_10_October_2018.pdf",TRUE,"downloaded",
"NG122","Draft guidance consultation","Supporting documentation • Diagnostic algorithm for evidence review A","10 October 2018","pdf","https://www.nice.org.uk/guidance/ng122/documents/supporting-documentation","Supporting_documentation_•_Diagnostic_algorithm_for_evidence_review_A","10_October_2018","pdf","Supporting_documentation_•_Diagnostic_algorithm_for_evidence_review_A_10_October_2018.pdf","D:/NICE_history/NG122","D:/NICE_history/NG122/Supporting_documentation_•_Diagnostic_algorithm_for_evidence_review_A_10_October_2018.pdf",TRUE,"downloaded",
"NG122","Draft scope consultation","Equality impact assessment 1","03 July 2017","pdf","https://www.nice.org.uk/guidance/ng122/documents/equality-impact-assessment","Equality_impact_assessment_1","03_July_2017","pdf","Equality_impact_assessment_1_03_July_2017.pdf","D:/NICE_history/NG122","D:/NICE_history/NG122/Equality_impact_assessment_1_03_July_2017.pdf",TRUE,"downloaded",
"NG122","Draft scope consultation","Consultation comments and responses","20 February 2018","pdf","https://www.nice.org.uk/guidance/ng122/documents/consultation-comments-and-responses","Consultation_comments_and_responses","20_February_2018","pdf","Consultation_comments_and_responses_20_February_2018.pdf","D:/NICE_history/NG122","D:/NICE_history/NG122/Consultation_comments_and_responses_20_February_2018.pdf",TRUE,"downloaded",
"NG122","Draft scope consultation","Draft scope","29 June 2017","pdf","https://www.nice.org.uk/guidance/ng122/documents/draft-scope","Draft_scope","29_June_2017","pdf","Draft_scope_29_June_2017.pdf","D:/NICE_history/NG122","D:/NICE_history/NG122/Draft_scope_29_June_2017.pdf",TRUE,"downloaded",
"NG122","Guidance published","Committee member list","28 March 2019","pdf","https://www.nice.org.uk/guidance/ng122/documents/committee-member-list-3","Committee_member_list","28_March_2019","pdf","Committee_member_list_28_March_2019.pdf","D:/NICE_history/NG122","D:/NICE_history/NG122/Committee_member_list_28_March_2019.pdf",TRUE,"downloaded",
"NG122","Guidance published","Consultation comments and responses","28 March 2019","pdf","https://www.nice.org.uk/guidance/ng122/documents/consultation-comments-and-responses-2","Consultation_comments_and_responses","28_March_2019","pdf","Consultation_comments_and_responses_28_March_2019.pdf","D:/NICE_history/NG122","D:/NICE_history/NG122/Consultation_comments_and_responses_28_March_2019.pdf",TRUE,"downloaded",
"NG122","Guidance published","Equality impact assessment","28 March 2019","pdf","https://www.nice.org.uk/guidance/ng122/documents/equality-impact-assessment-3","Equality_impact_assessment","28_March_2019","pdf","Equality_impact_assessment_28_March_2019.pdf","D:/NICE_history/NG122","D:/NICE_history/NG122/Equality_impact_assessment_28_March_2019.pdf",TRUE,"downloaded",
"NG122","Guidance published","Supporting documentation - DOI registry","28 March 2019","pdf","https://www.nice.org.uk/guidance/ng122/documents/supporting-documentation-6","Supporting_documentation_-_DOI_registry","28_March_2019","pdf","Supporting_documentation_-_DOI_registry_28_March_2019.pdf","D:/NICE_history/NG122","D:/NICE_history/NG122/Supporting_documentation_-_DOI_registry_28_March_2019.pdf",TRUE,"downloaded",
"NG122","Pre-consultation documents released","Economic plan","18 October 2018","pdf","https://www.nice.org.uk/guidance/ng122/documents/economic-plan","Economic_plan","18_October_2018","pdf","Economic_plan_18_October_2018.pdf","D:/NICE_history/NG122","D:/NICE_history/NG122/Economic_plan_18_October_2018.pdf",TRUE,"downloaded",
"NG122","Pre-consultation documents released","Review questions","18 October 2018","pdf","https://www.nice.org.uk/guidance/ng122/documents/review-questions","Review_questions","18_October_2018","pdf","Review_questions_18_October_2018.pdf","D:/NICE_history/NG122","D:/NICE_history/NG122/Review_questions_18_October_2018.pdf",TRUE,"downloaded",
"NG122","Pre-consultation documents released","Search strategies","18 October 2018","pdf","https://www.nice.org.uk/guidance/ng122/documents/search-strategies","Search_strategies","18_October_2018","pdf","Search_strategies_18_October_2018.pdf","D:/NICE_history/NG122","D:/NICE_history/NG122/Search_strategies_18_October_2018.pdf",TRUE,"downloaded",
"NG122","Scope published","Final scope","20 February 2018","pdf","https://www.nice.org.uk/guidance/ng122/documents/final-scope","Final_scope","20_February_2018","pdf","Final_scope_20_February_2018.pdf","D:/NICE_history/NG122","D:/NICE_history/NG122/Final_scope_20_February_2018.pdf",TRUE,"downloaded",
"NG122","Stakeholder list updated","Stakeholder list","09 October 2018","pdf","https://www.nice.org.uk/guidance/ng122/documents/stakeholder-list-2","Stakeholder_list","09_October_2018","pdf","Stakeholder_list_09_October_2018.pdf","D:/NICE_history/NG122","D:/NICE_history/NG122/Stakeholder_list_09_October_2018.pdf",TRUE,"downloaded",
"NG131","Committee list updated","Committee member list","06 October 2021","pdf","https://www.nice.org.uk/guidance/ng131/update/ng131-update-1/documents/committee-member-list","Committee_member_list","06_October_2021","pdf","Committee_member_list_06_October_2021.pdf","D:/NICE_history/NG131","D:/NICE_history/NG131/Committee_member_list_06_October_2021.pdf",TRUE,"downloaded",
"NG131","Committee meetings","Minutes 1","08 September 2021","pdf","https://www.nice.org.uk/guidance/ng131/update/ng131-update-1/documents/minutes","Minutes_1","08_September_2021","pdf","Minutes_1_08_September_2021.pdf","D:/NICE_history/NG131","D:/NICE_history/NG131/Minutes_1_08_September_2021.pdf",TRUE,"downloaded",
"NG131","Committee meetings","Minutes Post-consultation","15 November 2021","pdf","https://www.nice.org.uk/guidance/ng131/update/ng131-update-1/documents/minutes-3","Minutes_Post-consultation","15_November_2021","pdf","Minutes_Post-consultation_15_November_2021.pdf","D:/NICE_history/NG131","D:/NICE_history/NG131/Minutes_Post-consultation_15_November_2021.pdf",TRUE,"downloaded",
"NG131","Committee meetings","Minutes 2","15 September 2021","pdf","https://www.nice.org.uk/guidance/ng131/update/ng131-update-1/documents/minutes-2","Minutes_2","15_September_2021","pdf","Minutes_2_15_September_2021.pdf","D:/NICE_history/NG131","D:/NICE_history/NG131/Minutes_2_15_September_2021.pdf",TRUE,"downloaded",
"NG131","Declaration of interests","Register of interests","14 December 2021","pdf","https://www.nice.org.uk/guidance/ng131/update/ng131-update-1/documents/register-of-interests-2","Register_of_interests","14_December_2021","pdf","Register_of_interests_14_December_2021.pdf","D:/NICE_history/NG131","D:/NICE_history/NG131/Register_of_interests_14_December_2021.pdf",TRUE,"downloaded",
"NG131","Draft guidance consultation","Comments form","21 October 2021","docx","https://www.nice.org.uk/guidance/ng131/update/ng131-update-1/documents/comments-form","Comments_form","21_October_2021","docx","Comments_form_21_October_2021.docx","D:/NICE_history/NG131","D:/NICE_history/NG131/Comments_form_21_October_2021.docx",TRUE,"downloaded",
"NG131","Draft guidance consultation","Committee member list","21 October 2021","pdf","https://www.nice.org.uk/guidance/ng131/update/ng131-update-1/documents/committee-member-list-2","Committee_member_list","21_October_2021","pdf","Committee_member_list_21_October_2021.pdf","D:/NICE_history/NG131","D:/NICE_history/NG131/Committee_member_list_21_October_2021.pdf",TRUE,"downloaded",
"NG131","Draft guidance consultation","Draft guideline NG12","21 October 2021","pdf","https://www.nice.org.uk/guidance/ng131/update/ng131-update-1/documents/draft-guideline-4","Draft_guideline_NG12","21_October_2021","pdf","Draft_guideline_NG12_21_October_2021.pdf","D:/NICE_history/NG131","D:/NICE_history/NG131/Draft_guideline_NG12_21_October_2021.pdf",TRUE,"downloaded",
"NG131","Draft guidance consultation","Draft guideline NG131","21 October 2021","pdf","https://www.nice.org.uk/guidance/ng131/update/ng131-update-1/documents/draft-guideline-3","Draft_guideline_NG131","21_October_2021","pdf","Draft_guideline_NG131_21_October_2021.pdf","D:/NICE_history/NG131","D:/NICE_history/NG131/Draft_guideline_NG131_21_October_2021.pdf",TRUE,"downloaded",
"NG131","Draft guidance consultation","Equality impact assessment 3","21 October 2021","pdf","https://www.nice.org.uk/guidance/ng131/update/ng131-update-1/documents/equality-impact-assessment","Equality_impact_assessment_3","21_October_2021","pdf","Equality_impact_assessment_3_21_October_2021.pdf","D:/NICE_history/NG131","D:/NICE_history/NG131/Equality_impact_assessment_3_21_October_2021.pdf",TRUE,"downloaded",
"NG131","Draft guidance consultation","Evidence review NG12","21 October 2021","pdf","https://www.nice.org.uk/guidance/ng131/update/ng131-update-1/documents/evidence-review-2","Evidence_review_NG12","21_October_2021","pdf","Evidence_review_NG12_21_October_2021.pdf","D:/NICE_history/NG131","D:/NICE_history/NG131/Evidence_review_NG12_21_October_2021.pdf",TRUE,"downloaded",
"NG131","Draft guidance consultation","Evidence review NG131","21 October 2021","pdf","https://www.nice.org.uk/guidance/ng131/update/ng131-update-1/documents/evidence-review","Evidence_review_NG131","21_October_2021","pdf","Evidence_review_NG131_21_October_2021.pdf","D:/NICE_history/NG131","D:/NICE_history/NG131/Evidence_review_NG131_21_October_2021.pdf",TRUE,"downloaded",
"NG131","Guidance published","Committee member list","15 December 2021","pdf","https://www.nice.org.uk/guidance/ng131/update/ng131-update-1/documents/committee-member-list-3","Committee_member_list","15_December_2021","pdf","Committee_member_list_15_December_2021.pdf","D:/NICE_history/NG131","D:/NICE_history/NG131/Committee_member_list_15_December_2021.pdf",TRUE,"downloaded",
"NG131","Guidance published","Consultation comments and responses","15 December 2021","pdf","https://www.nice.org.uk/guidance/ng131/update/ng131-update-1/documents/consultation-comments-and-responses","Consultation_comments_and_responses","15_December_2021","pdf","Consultation_comments_and_responses_15_December_2021.pdf","D:/NICE_history/NG131","D:/NICE_history/NG131/Consultation_comments_and_responses_15_December_2021.pdf",TRUE,"downloaded",
"NG131","Guidance published","Equality impact assessment 4","15 December 2021","pdf","https://www.nice.org.uk/guidance/ng131/update/ng131-update-1/documents/equality-impact-assessment-2","Equality_impact_assessment_4","15_December_2021","pdf","Equality_impact_assessment_4_15_December_2021.pdf","D:/NICE_history/NG131","D:/NICE_history/NG131/Equality_impact_assessment_4_15_December_2021.pdf",TRUE,"downloaded",
"NG131","Original development on 09 May 2019","Minutes 9","04 February 2019","pdf","https://www.nice.org.uk/guidance/ng131/update/NG131/documents/minutes-9","Minutes_9","04_February_2019","pdf","Minutes_9_04_February_2019.pdf","D:/NICE_history/NG131","D:/NICE_history/NG131/Minutes_9_04_February_2019.pdf",TRUE,"downloaded",
"NG131","Original development on 09 May 2019","Committee member list","07 August 2018","pdf","https://www.nice.org.uk/guidance/ng131/update/NG131/documents/committee-member-list","Committee_member_list","07_August_2018","pdf","Committee_member_list_07_August_2018.pdf","D:/NICE_history/NG131","D:/NICE_history/NG131/Committee_member_list_07_August_2018.pdf",TRUE,"downloaded",
"NG131","Original development on 09 May 2019","Minutes 3","09 January 2018","pdf","https://www.nice.org.uk/guidance/ng131/update/NG131/documents/minutes-3","Minutes_3","09_January_2018","pdf","Minutes_3_09_January_2018.pdf","D:/NICE_history/NG131","D:/NICE_history/NG131/Minutes_3_09_January_2018.pdf",TRUE,"downloaded",
"NG131","Original development on 09 May 2019","Committee member list","09 May 2019","pdf","https://www.nice.org.uk/guidance/ng131/update/NG131/documents/committee-member-list-3","Committee_member_list","09_May_2019","pdf","Committee_member_list_09_May_2019.pdf","D:/NICE_history/NG131","D:/NICE_history/NG131/Committee_member_list_09_May_2019.pdf",TRUE,"downloaded",
"NG131","Original development on 09 May 2019","Consultation comments and responses","09 May 2019","pdf","https://www.nice.org.uk/guidance/ng131/update/NG131/documents/consultation-comments-and-responses","Consultation_comments_and_responses","09_May_2019","pdf","Consultation_comments_and_responses_09_May_2019.pdf","D:/NICE_history/NG131","D:/NICE_history/NG131/Consultation_comments_and_responses_09_May_2019.pdf",TRUE,"downloaded",
"NG131","Original development on 09 May 2019","Equality impact assessment","09 May 2019","pdf","https://www.nice.org.uk/guidance/ng131/update/NG131/documents/equality-impact-assessment-5","Equality_impact_assessment","09_May_2019","pdf","Equality_impact_assessment_09_May_2019.pdf","D:/NICE_history/NG131","D:/NICE_history/NG131/Equality_impact_assessment_09_May_2019.pdf",TRUE,"downloaded",
"NG131","Original development on 09 May 2019","Register of interests","09 May 2019","pdf","https://www.nice.org.uk/guidance/ng131/update/NG131/documents/register-of-interests-2","Register_of_interests","09_May_2019","pdf","Register_of_interests_09_May_2019.pdf","D:/NICE_history/NG131","D:/NICE_history/NG131/Register_of_interests_09_May_2019.pdf",TRUE,"downloaded",
"NG131","Original development on 09 May 2019","Stakeholder list","09 May 2019","pdf","https://www.nice.org.uk/guidance/ng131/update/NG131/documents/stakeholder-list-2","Stakeholder_list","09_May_2019","pdf","Stakeholder_list_09_May_2019.pdf","D:/NICE_history/NG131","D:/NICE_history/NG131/Stakeholder_list_09_May_2019.pdf",TRUE,"downloaded",
"NG131","Original development on 09 May 2019","Minutes 7","11 July 2018","pdf","https://www.nice.org.uk/guidance/ng131/update/NG131/documents/minutes-7","Minutes_7","11_July_2018","pdf","Minutes_7_11_July_2018.pdf","D:/NICE_history/NG131","D:/NICE_history/NG131/Minutes_7_11_July_2018.pdf",TRUE,"downloaded",
"NG131","Original development on 09 May 2019","Minutes 1","11 October 2017","pdf","https://www.nice.org.uk/guidance/ng131/update/NG131/documents/minutes","Minutes_1","11_October_2017","pdf","Minutes_1_11_October_2017.pdf","D:/NICE_history/NG131","D:/NICE_history/NG131/Minutes_1_11_October_2017.pdf",TRUE,"downloaded",
"NG131","Original development on 09 May 2019","Equality impact assessment 4","12 April 2019","pdf","https://www.nice.org.uk/guidance/ng131/update/NG131/documents/equality-impact-assessment-4","Equality_impact_assessment_4","12_April_2019","pdf","Equality_impact_assessment_4_12_April_2019.pdf","D:/NICE_history/NG131","D:/NICE_history/NG131/Equality_impact_assessment_4_12_April_2019.pdf",TRUE,"downloaded",
"NG131","Original development on 09 May 2019","Comments form","12 December 2018","docx","https://www.nice.org.uk/guidance/ng131/update/NG131/documents/comments-form-2","Comments_form","12_December_2018","docx","Comments_form_12_December_2018.docx","D:/NICE_history/NG131","D:/NICE_history/NG131/Comments_form_12_December_2018.docx",TRUE,"downloaded",
"NG131","Original development on 09 May 2019","Committee member list","12 December 2018","pdf","https://www.nice.org.uk/guidance/ng131/update/NG131/documents/committee-member-list-2","Committee_member_list","12_December_2018","pdf","Committee_member_list_12_December_2018.pdf","D:/NICE_history/NG131","D:/NICE_history/NG131/Committee_member_list_12_December_2018.pdf",TRUE,"downloaded",
"NG131","Original development on 09 May 2019","Draft guideline","12 December 2018","pdf","https://www.nice.org.uk/guidance/ng131/update/NG131/documents/draft-guideline","Draft_guideline","12_December_2018","pdf","Draft_guideline_12_December_2018.pdf","D:/NICE_history/NG131","D:/NICE_history/NG131/Draft_guideline_12_December_2018.pdf",TRUE,"downloaded",
"NG131","Original development on 09 May 2019","Economic report","12 December 2018","pdf","https://www.nice.org.uk/guidance/ng131/update/NG131/documents/economic-report","Economic_report","12_December_2018","pdf","Economic_report_12_December_2018.pdf","D:/NICE_history/NG131","D:/NICE_history/NG131/Economic_report_12_December_2018.pdf",TRUE,"downloaded",
"NG131","Original development on 09 May 2019","Equality impact assessment","12 December 2018","pdf","https://www.nice.org.uk/guidance/ng131/update/NG131/documents/equality-impact-assessment-3","Equality_impact_assessment","12_December_2018","pdf","Equality_impact_assessment_12_December_2018.pdf","D:/NICE_history/NG131","D:/NICE_history/NG131/Equality_impact_assessment_12_December_2018.pdf",TRUE,"downloaded",
"NG131","Original development on 09 May 2019","Evidence review A","12 December 2018","pdf","https://www.nice.org.uk/guidance/ng131/update/NG131/documents/evidence-review","Evidence_review_A","12_December_2018","pdf","Evidence_review_A_12_December_2018.pdf","D:/NICE_history/NG131","D:/NICE_history/NG131/Evidence_review_A_12_December_2018.pdf",TRUE,"downloaded",
"NG131","Original development on 09 May 2019","Evidence review B","12 December 2018","pdf","https://www.nice.org.uk/guidance/ng131/update/NG131/documents/evidence-review-2","Evidence_review_B","12_December_2018","pdf","Evidence_review_B_12_December_2018.pdf","D:/NICE_history/NG131","D:/NICE_history/NG131/Evidence_review_B_12_December_2018.pdf",TRUE,"downloaded",
"NG131","Original development on 09 May 2019","Evidence review C","12 December 2018","pdf","https://www.nice.org.uk/guidance/ng131/update/NG131/documents/evidence-review-3","Evidence_review_C","12_December_2018","pdf","Evidence_review_C_12_December_2018.pdf","D:/NICE_history/NG131","D:/NICE_history/NG131/Evidence_review_C_12_December_2018.pdf",TRUE,"downloaded",
"NG131","Original development on 09 May 2019","Evidence review D","12 December 2018","pdf","https://www.nice.org.uk/guidance/ng131/update/NG131/documents/evidence-review-4","Evidence_review_D","12_December_2018","pdf","Evidence_review_D_12_December_2018.pdf","D:/NICE_history/NG131","D:/NICE_history/NG131/Evidence_review_D_12_December_2018.pdf",TRUE,"downloaded",
"NG131","Original development on 09 May 2019","Evidence review E","12 December 2018","pdf","https://www.nice.org.uk/guidance/ng131/update/NG131/documents/evidence-review-5","Evidence_review_E","12_December_2018","pdf","Evidence_review_E_12_December_2018.pdf","D:/NICE_history/NG131","D:/NICE_history/NG131/Evidence_review_E_12_December_2018.pdf",TRUE,"downloaded",
"NG131","Original development on 09 May 2019","Evidence review F","12 December 2018","pdf","https://www.nice.org.uk/guidance/ng131/update/NG131/documents/evidence-review-6","Evidence_review_F","12_December_2018","pdf","Evidence_review_F_12_December_2018.pdf","D:/NICE_history/NG131","D:/NICE_history/NG131/Evidence_review_F_12_December_2018.pdf",TRUE,"downloaded",
"NG131","Original development on 09 May 2019","Evidence review G","12 December 2018","pdf","https://www.nice.org.uk/guidance/ng131/update/NG131/documents/evidence-review-7","Evidence_review_G","12_December_2018","pdf","Evidence_review_G_12_December_2018.pdf","D:/NICE_history/NG131","D:/NICE_history/NG131/Evidence_review_G_12_December_2018.pdf",TRUE,"downloaded",
"NG131","Original development on 09 May 2019","Evidence review H","12 December 2018","pdf","https://www.nice.org.uk/guidance/ng131/update/NG131/documents/evidence-review-8","Evidence_review_H","12_December_2018","pdf","Evidence_review_H_12_December_2018.pdf","D:/NICE_history/NG131","D:/NICE_history/NG131/Evidence_review_H_12_December_2018.pdf",TRUE,"downloaded",
"NG131","Original development on 09 May 2019","Guideline appendix Acknowledgements","12 December 2018","pdf","https://www.nice.org.uk/guidance/ng131/update/NG131/documents/guideline-appendix-2","Guideline_appendix_Acknowledgements","12_December_2018","pdf","Guideline_appendix_Acknowledgements_12_December_2018.pdf","D:/NICE_history/NG131","D:/NICE_history/NG131/Guideline_appendix_Acknowledgements_12_December_2018.pdf",TRUE,"downloaded",
"NG131","Original development on 09 May 2019","Guideline appendix Algorithm","12 December 2018","pdf","https://www.nice.org.uk/guidance/ng131/update/NG131/documents/guideline-appendix","Guideline_appendix_Algorithm","12_December_2018","pdf","Guideline_appendix_Algorithm_12_December_2018.pdf","D:/NICE_history/NG131","D:/NICE_history/NG131/Guideline_appendix_Algorithm_12_December_2018.pdf",TRUE,"downloaded",
"NG131","Original development on 09 May 2019","Guideline appendix Register of interests","12 December 2018","pdf","https://www.nice.org.uk/guidance/ng131/update/NG131/documents/guideline-appendix-3","Guideline_appendix_Register_of_interests","12_December_2018","pdf","Guideline_appendix_Register_of_interests_12_December_2018.pdf","D:/NICE_history/NG131","D:/NICE_history/NG131/Guideline_appendix_Register_of_interests_12_December_2018.pdf",TRUE,"downloaded",
"NG131","Original development on 09 May 2019","Stakeholder list","12 December 2018","pdf","https://www.nice.org.uk/guidance/ng131/update/NG131/documents/stakeholder-list","Stakeholder_list","12_December_2018","pdf","Stakeholder_list_12_December_2018.pdf","D:/NICE_history/NG131","D:/NICE_history/NG131/Stakeholder_list_12_December_2018.pdf",TRUE,"downloaded",
"NG131","Original development on 09 May 2019","Minutes 8","12 September 2018","pdf","https://www.nice.org.uk/guidance/ng131/update/NG131/documents/minutes-8","Minutes_8","12_September_2018","pdf","Minutes_8_12_September_2018.pdf","D:/NICE_history/NG131","D:/NICE_history/NG131/Minutes_8_12_September_2018.pdf",TRUE,"downloaded",
"NG131","Original development on 09 May 2019","Minutes 5","18 April 2018","pdf","https://www.nice.org.uk/guidance/ng131/update/NG131/documents/minutes-5","Minutes_5","18_April_2018","pdf","Minutes_5_18_April_2018.pdf","D:/NICE_history/NG131","D:/NICE_history/NG131/Minutes_5_18_April_2018.pdf",TRUE,"downloaded",
"NG131","Original development on 09 May 2019","Minutes 4","20 February 2018","pdf","https://www.nice.org.uk/guidance/ng131/update/NG131/documents/minutes-4","Minutes_4","20_February_2018","pdf","Minutes_4_20_February_2018.pdf","D:/NICE_history/NG131","D:/NICE_history/NG131/Minutes_4_20_February_2018.pdf",TRUE,"downloaded",
"NG131","Original development on 09 May 2019","Consultation comments and responses","20 October 2017","pdf","https://www.nice.org.uk/guidance/ng131/update/NG131/documents/consultation-comments-and-responses-2","Consultation_comments_and_responses","20_October_2017","pdf","Consultation_comments_and_responses_20_October_2017.pdf","D:/NICE_history/NG131","D:/NICE_history/NG131/Consultation_comments_and_responses_20_October_2017.pdf",TRUE,"downloaded",
"NG131","Original development on 09 May 2019","Equality impact assessment 2","20 October 2017","pdf","https://www.nice.org.uk/guidance/ng131/update/NG131/documents/equality-impact-assessment-2","Equality_impact_assessment_2","20_October_2017","pdf","Equality_impact_assessment_2_20_October_2017.pdf","D:/NICE_history/NG131","D:/NICE_history/NG131/Equality_impact_assessment_2_20_October_2017.pdf",TRUE,"downloaded",
"NG131","Original development on 09 May 2019","Final scope","20 October 2017","pdf","https://www.nice.org.uk/guidance/ng131/update/NG131/documents/final-scope","Final_scope","20_October_2017","pdf","Final_scope_20_October_2017.pdf","D:/NICE_history/NG131","D:/NICE_history/NG131/Final_scope_20_October_2017.pdf",TRUE,"downloaded",
"NG131","Original development on 09 May 2019","Minutes 6","22 May 2018","pdf","https://www.nice.org.uk/guidance/ng131/update/NG131/documents/minutes-6","Minutes_6","22_May_2018","pdf","Minutes_6_22_May_2018.pdf","D:/NICE_history/NG131","D:/NICE_history/NG131/Minutes_6_22_May_2018.pdf",TRUE,"downloaded",
"NG131","Original development on 09 May 2019","Economic plan","23 October 2018","pdf","https://www.nice.org.uk/guidance/ng131/update/NG131/documents/economic-plan","Economic_plan","23_October_2018","pdf","Economic_plan_23_October_2018.pdf","D:/NICE_history/NG131","D:/NICE_history/NG131/Economic_plan_23_October_2018.pdf",TRUE,"downloaded",
"NG131","Original development on 09 May 2019","Review questions","23 October 2018","pdf","https://www.nice.org.uk/guidance/ng131/update/NG131/documents/review-questions","Review_questions","23_October_2018","pdf","Review_questions_23_October_2018.pdf","D:/NICE_history/NG131","D:/NICE_history/NG131/Review_questions_23_October_2018.pdf",TRUE,"downloaded",
"NG131","Original development on 09 May 2019","Search strategies","23 October 2018","pdf","https://www.nice.org.uk/guidance/ng131/update/NG131/documents/search-strategies","Search_strategies","23_October_2018","pdf","Search_strategies_23_October_2018.pdf","D:/NICE_history/NG131","D:/NICE_history/NG131/Search_strategies_23_October_2018.pdf",TRUE,"downloaded",
"NG131","Original development on 09 May 2019","Minutes 2","28 November 2017","pdf","https://www.nice.org.uk/guidance/ng131/update/NG131/documents/minutes-2","Minutes_2","28_November_2017","pdf","Minutes_2_28_November_2017.pdf","D:/NICE_history/NG131","D:/NICE_history/NG131/Minutes_2_28_November_2017.pdf",TRUE,"downloaded",
"NG131","Original development on 09 May 2019","Comments form","30 June 2017","docx","https://www.nice.org.uk/guidance/ng131/update/NG131/documents/comments-form","Comments_form","30_June_2017","docx","Comments_form_30_June_2017.docx","D:/NICE_history/NG131","D:/NICE_history/NG131/Comments_form_30_June_2017.docx",TRUE,"downloaded",
"NG131","Original development on 09 May 2019","Draft scope","30 June 2017","pdf","https://www.nice.org.uk/guidance/ng131/update/NG131/documents/draft-scope-2","Draft_scope","30_June_2017","pdf","Draft_scope_30_June_2017.pdf","D:/NICE_history/NG131","D:/NICE_history/NG131/Draft_scope_30_June_2017.pdf",TRUE,"downloaded",
"NG131","Original development on 09 May 2019","Equality impact assessment","30 June 2017","pdf","https://www.nice.org.uk/guidance/ng131/update/NG131/documents/equality-impact-assessment","Equality_impact_assessment","30_June_2017","pdf","Equality_impact_assessment_30_June_2017.pdf","D:/NICE_history/NG131","D:/NICE_history/NG131/Equality_impact_assessment_30_June_2017.pdf",TRUE,"downloaded",
"NG131","Scope published","Final scope","18 August 2021","pdf","https://www.nice.org.uk/guidance/ng131/update/ng131-update-1/documents/final-scope","Final_scope","18_August_2021","pdf","Final_scope_18_August_2021.pdf","D:/NICE_history/NG131","D:/NICE_history/NG131/Final_scope_18_August_2021.pdf",TRUE,"downloaded",
"NG131","Stakeholder list updated","Stakeholder list","14 December 2021","pdf","https://www.nice.org.uk/guidance/ng131/update/ng131-update-1/documents/stakeholder-list-2","Stakeholder_list","14_December_2021","pdf","Stakeholder_list_14_December_2021.pdf","D:/NICE_history/NG131","D:/NICE_history/NG131/Stakeholder_list_14_December_2021.pdf",TRUE,"downloaded",
"NG131","Update on 15 December 2021","Committee member list","06 October 2021","pdf","https://www.nice.org.uk/guidance/ng131/update/ng131-update-3/documents/committee-member-list","Committee_member_list","06_October_2021","pdf","Committee_member_list_06_October_2021_2.pdf","D:/NICE_history/NG131","D:/NICE_history/NG131/Committee_member_list_06_October_2021_2.pdf",TRUE,"downloaded",
"NG131","Update on 15 December 2021","Minutes 1","08 September 2021","pdf","https://www.nice.org.uk/guidance/ng131/update/ng131-update-3/documents/minutes","Minutes_1","08_September_2021","pdf","Minutes_1_08_September_2021_2.pdf","D:/NICE_history/NG131","D:/NICE_history/NG131/Minutes_1_08_September_2021_2.pdf",TRUE,"downloaded",
"NG131","Update on 15 December 2021","Register of interests","14 December 2021","pdf","https://www.nice.org.uk/guidance/ng131/update/ng131-update-3/documents/register-of-interests-2","Register_of_interests","14_December_2021","pdf","Register_of_interests_14_December_2021_2.pdf","D:/NICE_history/NG131","D:/NICE_history/NG131/Register_of_interests_14_December_2021_2.pdf",TRUE,"downloaded",
"NG131","Update on 15 December 2021","Stakeholder list","14 December 2021","pdf","https://www.nice.org.uk/guidance/ng131/update/ng131-update-3/documents/stakeholder-list-2","Stakeholder_list","14_December_2021","pdf","Stakeholder_list_14_December_2021_2.pdf","D:/NICE_history/NG131","D:/NICE_history/NG131/Stakeholder_list_14_December_2021_2.pdf",TRUE,"downloaded",
"NG131","Update on 15 December 2021","Committee member list","15 December 2021","pdf","https://www.nice.org.uk/guidance/ng131/update/ng131-update-3/documents/committee-member-list-3","Committee_member_list","15_December_2021","pdf","Committee_member_list_15_December_2021_2.pdf","D:/NICE_history/NG131","D:/NICE_history/NG131/Committee_member_list_15_December_2021_2.pdf",TRUE,"downloaded",
"NG131","Update on 15 December 2021","Consultation comments and responses","15 December 2021","pdf","https://www.nice.org.uk/guidance/ng131/update/ng131-update-3/documents/consultation-comments-and-responses","Consultation_comments_and_responses","15_December_2021","pdf","Consultation_comments_and_responses_15_December_2021_2.pdf","D:/NICE_history/NG131","D:/NICE_history/NG131/Consultation_comments_and_responses_15_December_2021_2.pdf",TRUE,"downloaded",
"NG131","Update on 15 December 2021","Equality impact assessment","15 December 2021","pdf","https://www.nice.org.uk/guidance/ng131/update/ng131-update-3/documents/equality-impact-assessment-2","Equality_impact_assessment","15_December_2021","pdf","Equality_impact_assessment_15_December_2021.pdf","D:/NICE_history/NG131","D:/NICE_history/NG131/Equality_impact_assessment_15_December_2021.pdf",TRUE,"downloaded",
"NG131","Update on 15 December 2021","Minutes Post-consultation","15 November 2021","pdf","https://www.nice.org.uk/guidance/ng131/update/ng131-update-3/documents/minutes-3","Minutes_Post-consultation","15_November_2021","pdf","Minutes_Post-consultation_15_November_2021_2.pdf","D:/NICE_history/NG131","D:/NICE_history/NG131/Minutes_Post-consultation_15_November_2021_2.pdf",TRUE,"downloaded",
"NG131","Update on 15 December 2021","Minutes 2","15 September 2021","pdf","https://www.nice.org.uk/guidance/ng131/update/ng131-update-3/documents/minutes-2","Minutes_2","15_September_2021","pdf","Minutes_2_15_September_2021_2.pdf","D:/NICE_history/NG131","D:/NICE_history/NG131/Minutes_2_15_September_2021_2.pdf",TRUE,"downloaded",
"NG131","Update on 15 December 2021","Final scope","18 August 2021","pdf","https://www.nice.org.uk/guidance/ng131/update/ng131-update-3/documents/final-scope","Final_scope","18_August_2021","pdf","Final_scope_18_August_2021_2.pdf","D:/NICE_history/NG131","D:/NICE_history/NG131/Final_scope_18_August_2021_2.pdf",TRUE,"downloaded",
"NG131","Update on 15 December 2021","Comments form","21 October 2021","docx","https://www.nice.org.uk/guidance/ng131/update/ng131-update-3/documents/comments-form","Comments_form","21_October_2021","docx","Comments_form_21_October_2021_2.docx","D:/NICE_history/NG131","D:/NICE_history/NG131/Comments_form_21_October_2021_2.docx",TRUE,"downloaded",
"NG131","Update on 15 December 2021","Committee member list","21 October 2021","pdf","https://www.nice.org.uk/guidance/ng131/update/ng131-update-3/documents/committee-member-list-2","Committee_member_list","21_October_2021","pdf","Committee_member_list_21_October_2021_2.pdf","D:/NICE_history/NG131","D:/NICE_history/NG131/Committee_member_list_21_October_2021_2.pdf",TRUE,"downloaded",
"NG131","Update on 15 December 2021","Draft guideline NG12","21 October 2021","pdf","https://www.nice.org.uk/guidance/ng131/update/ng131-update-3/documents/draft-guideline-4","Draft_guideline_NG12","21_October_2021","pdf","Draft_guideline_NG12_21_October_2021_2.pdf","D:/NICE_history/NG131","D:/NICE_history/NG131/Draft_guideline_NG12_21_October_2021_2.pdf",TRUE,"downloaded",
"NG131","Update on 15 December 2021","Draft guideline NG131","21 October 2021","pdf","https://www.nice.org.uk/guidance/ng131/update/ng131-update-3/documents/draft-guideline-3","Draft_guideline_NG131","21_October_2021","pdf","Draft_guideline_NG131_21_October_2021_2.pdf","D:/NICE_history/NG131","D:/NICE_history/NG131/Draft_guideline_NG131_21_October_2021_2.pdf",TRUE,"downloaded",
"NG131","Update on 15 December 2021","Equality impact assessment 3","21 October 2021","pdf","https://www.nice.org.uk/guidance/ng131/update/ng131-update-3/documents/equality-impact-assessment","Equality_impact_assessment_3","21_October_2021","pdf","Equality_impact_assessment_3_21_October_2021_2.pdf","D:/NICE_history/NG131","D:/NICE_history/NG131/Equality_impact_assessment_3_21_October_2021_2.pdf",TRUE,"downloaded",
"NG131","Update on 15 December 2021","Evidence review NG12","21 October 2021","pdf","https://www.nice.org.uk/guidance/ng131/update/ng131-update-3/documents/evidence-review-2","Evidence_review_NG12","21_October_2021","pdf","Evidence_review_NG12_21_October_2021_2.pdf","D:/NICE_history/NG131","D:/NICE_history/NG131/Evidence_review_NG12_21_October_2021_2.pdf",TRUE,"downloaded",
"NG131","Update on 15 December 2021","Evidence review NG131","21 October 2021","pdf","https://www.nice.org.uk/guidance/ng131/update/ng131-update-3/documents/evidence-review","Evidence_review_NG131","21_October_2021","pdf","Evidence_review_NG131_21_October_2021_2.pdf","D:/NICE_history/NG131","D:/NICE_history/NG131/Evidence_review_NG131_21_October_2021_2.pdf",TRUE,"downloaded",
"NG148","Committee list updated","Committee member list","16 October 2024","pdf","https://www.nice.org.uk/guidance/ng148/update/ng148-update-1/documents/committee-member-list","Committee_member_list","16_October_2024","pdf","Committee_member_list_16_October_2024.pdf","D:/NICE_history/NG148","D:/NICE_history/NG148/Committee_member_list_16_October_2024.pdf",TRUE,"downloaded",
"NG148","Committee meetings","Minutes 2","03 September 2024","pdf","https://www.nice.org.uk/guidance/ng148/update/ng148-update-1/documents/minutes-2","Minutes_2","03_September_2024","pdf","Minutes_2_03_September_2024.pdf","D:/NICE_history/NG148","D:/NICE_history/NG148/Minutes_2_03_September_2024.pdf",TRUE,"downloaded",
"NG148","Committee meetings","Minutes 1","06 June 2024","pdf","https://www.nice.org.uk/guidance/ng148/update/ng148-update-1/documents/minutes","Minutes_1","06_June_2024","pdf","Minutes_1_06_June_2024.pdf","D:/NICE_history/NG148","D:/NICE_history/NG148/Minutes_1_06_June_2024.pdf",TRUE,"downloaded",
"NG148","Consultation comments published","Consultation comments and responses","16 October 2024","pdf","https://www.nice.org.uk/guidance/ng148/update/ng148-update-1/documents/consultation-comments-and-responses","Consultation_comments_and_responses","16_October_2024","pdf","Consultation_comments_and_responses_16_October_2024.pdf","D:/NICE_history/NG148","D:/NICE_history/NG148/Consultation_comments_and_responses_16_October_2024.pdf",TRUE,"downloaded",
"NG148","Declaration of interests","Register of interests","16 October 2024","pdf","https://www.nice.org.uk/guidance/ng148/update/ng148-update-1/documents/register-of-interests-2","Register_of_interests","16_October_2024","pdf","Register_of_interests_16_October_2024.pdf","D:/NICE_history/NG148","D:/NICE_history/NG148/Register_of_interests_16_October_2024.pdf",TRUE,"downloaded",
"NG148","Draft guidance consultation","Comments form","05 August 2024","docx","https://www.nice.org.uk/guidance/ng148/update/ng148-update-1/documents/comments-form","Comments_form","05_August_2024","docx","Comments_form_05_August_2024.docx","D:/NICE_history/NG148","D:/NICE_history/NG148/Comments_form_05_August_2024.docx",TRUE,"downloaded",
"NG148","Draft guidance consultation","Committee member list","05 August 2024","pdf","https://www.nice.org.uk/guidance/ng148/update/ng148-update-1/documents/committee-member-list-3","Committee_member_list","05_August_2024","pdf","Committee_member_list_05_August_2024.pdf","D:/NICE_history/NG148","D:/NICE_history/NG148/Committee_member_list_05_August_2024.pdf",TRUE,"downloaded",
"NG148","Draft guidance consultation","Committee member list: DOI","05 August 2024","pdf","https://www.nice.org.uk/guidance/ng148/update/ng148-update-1/documents/committee-member-list-2","Committee_member_list_DOI","05_August_2024","pdf","Committee_member_list_DOI_05_August_2024.pdf","D:/NICE_history/NG148","D:/NICE_history/NG148/Committee_member_list_DOI_05_August_2024.pdf",TRUE,"downloaded",
"NG148","Draft guidance consultation","Draft document","05 August 2024","pdf","https://www.nice.org.uk/guidance/ng148/update/ng148-update-1/documents/draft-guideline","Draft_document","05_August_2024","pdf","Draft_document_05_August_2024.pdf","D:/NICE_history/NG148","D:/NICE_history/NG148/Draft_document_05_August_2024.pdf",TRUE,"downloaded",
"NG148","Draft guidance consultation","Equality impact assessment (downloadable version)","05 August 2024","pdf","https://www.nice.org.uk/guidance/ng148/update/ng148-update-1/documents/801","Equality_impact_assessment_(downloadable_version)","05_August_2024","pdf","Equality_impact_assessment_(downloadable_version)_05_August_2024.pdf","D:/NICE_history/NG148","D:/NICE_history/NG148/Equality_impact_assessment_(downloadable_version)_05_August_2024.pdf",TRUE,"downloaded",
"NG148","Draft guidance consultation","Evidence review","05 August 2024","pdf","https://www.nice.org.uk/guidance/ng148/update/ng148-update-1/documents/evidence-review","Evidence_review","05_August_2024","pdf","Evidence_review_05_August_2024.pdf","D:/NICE_history/NG148","D:/NICE_history/NG148/Evidence_review_05_August_2024.pdf",TRUE,"downloaded",
"NG148","Draft guidance consultation","Final scope","05 August 2024","pdf","https://www.nice.org.uk/guidance/ng148/update/ng148-update-1/documents/final-scope","Final_scope","05_August_2024","pdf","Final_scope_05_August_2024.pdf","D:/NICE_history/NG148","D:/NICE_history/NG148/Final_scope_05_August_2024.pdf",TRUE,"downloaded",
"NG148","Draft guidance consultation","Supporting documentation: Methods","05 August 2024","pdf","https://www.nice.org.uk/guidance/ng148/update/ng148-update-1/documents/supporting-documentation","Supporting_documentation_Methods","05_August_2024","pdf","Supporting_documentation_Methods_05_August_2024.pdf","D:/NICE_history/NG148","D:/NICE_history/NG148/Supporting_documentation_Methods_05_August_2024.pdf",TRUE,"downloaded",
"NG148","Equality and health inequalities assessment","Equality impact assessment","16 October 2024","pdf","https://www.nice.org.uk/guidance/ng148/update/ng148-update-1/documents/801-2","Equality_impact_assessment","16_October_2024","pdf","Equality_impact_assessment_16_October_2024.pdf","D:/NICE_history/NG148","D:/NICE_history/NG148/Equality_impact_assessment_16_October_2024.pdf",TRUE,"downloaded",
"NG148","Final scope","Equality and health inequalities assessment 2","07 May 2024","pdf","https://www.nice.org.uk/guidance/ng148/update/ng148-update-1/documents/equality-impact-assessment","Equality_and_health_inequalities_assessment_2","07_May_2024","pdf","Equality_and_health_inequalities_assessment_2_07_May_2024.pdf","D:/NICE_history/NG148","D:/NICE_history/NG148/Equality_and_health_inequalities_assessment_2_07_May_2024.pdf",TRUE,"downloaded",
"NG148","Final scope","Final scope","13 March 2024","pdf","https://www.nice.org.uk/guidance/ng148/update/ng148-update-1/documents/final-scope-2","Final_scope","13_March_2024","pdf","Final_scope_13_March_2024.pdf","D:/NICE_history/NG148","D:/NICE_history/NG148/Final_scope_13_March_2024.pdf",TRUE,"downloaded",
"NG148","Original development on 18 December 2019","Comments form","03 October 2019","docx","https://www.nice.org.uk/guidance/ng148/update/NG148/documents/comments-form-2","Comments_form","03_October_2019","docx","Comments_form_03_October_2019.docx","D:/NICE_history/NG148","D:/NICE_history/NG148/Comments_form_03_October_2019.docx",TRUE,"downloaded",
"NG148","Original development on 18 December 2019","Committee member list","03 October 2019","pdf","https://www.nice.org.uk/guidance/ng148/update/NG148/documents/committee-member-list","Committee_member_list","03_October_2019","pdf","Committee_member_list_03_October_2019.pdf","D:/NICE_history/NG148","D:/NICE_history/NG148/Committee_member_list_03_October_2019.pdf",TRUE,"downloaded",
"NG148","Original development on 18 December 2019","Draft guideline","03 October 2019","pdf","https://www.nice.org.uk/guidance/ng148/update/NG148/documents/draft-guideline","Draft_guideline","03_October_2019","pdf","Draft_guideline_03_October_2019.pdf","D:/NICE_history/NG148","D:/NICE_history/NG148/Draft_guideline_03_October_2019.pdf",TRUE,"downloaded",
"NG148","Original development on 18 December 2019","Equality impact assessment 3","03 October 2019","pdf","https://www.nice.org.uk/guidance/ng148/update/NG148/documents/equality-impact-assessment","Equality_impact_assessment_3","03_October_2019","pdf","Equality_impact_assessment_3_03_October_2019.pdf","D:/NICE_history/NG148","D:/NICE_history/NG148/Equality_impact_assessment_3_03_October_2019.pdf",TRUE,"downloaded",
"NG148","Original development on 18 December 2019","Evidence review A","03 October 2019","pdf","https://www.nice.org.uk/guidance/ng148/update/NG148/documents/evidence-review","Evidence_review_A","03_October_2019","pdf","Evidence_review_A_03_October_2019.pdf","D:/NICE_history/NG148","D:/NICE_history/NG148/Evidence_review_A_03_October_2019.pdf",TRUE,"downloaded",
"NG148","Original development on 18 December 2019","Supporting documentation 1","03 October 2019","pdf","https://www.nice.org.uk/guidance/ng148/update/NG148/documents/supporting-documentation","Supporting_documentation_1","03_October_2019","pdf","Supporting_documentation_1_03_October_2019.pdf","D:/NICE_history/NG148","D:/NICE_history/NG148/Supporting_documentation_1_03_October_2019.pdf",TRUE,"downloaded",
"NG148","Original development on 18 December 2019","Consultation questions","05 June 2023","pdf","https://www.nice.org.uk/guidance/ng148/update/NG148/documents/257","Consultation_questions","05_June_2023","pdf","Consultation_questions_05_June_2023.pdf","D:/NICE_history/NG148","D:/NICE_history/NG148/Consultation_questions_05_June_2023.pdf",TRUE,"downloaded",
"NG148","Original development on 18 December 2019","Equality and health inequalities","05 June 2023","pdf","https://www.nice.org.uk/guidance/ng148/update/NG148/documents/equality-and-health-inequalities","Equality_and_health_inequalities","05_June_2023","pdf","Equality_and_health_inequalities_05_June_2023.pdf","D:/NICE_history/NG148","D:/NICE_history/NG148/Equality_and_health_inequalities_05_June_2023.pdf",TRUE,"downloaded",
"NG148","Original development on 18 December 2019","Surveillance review proposal","05 June 2023","pdf","https://www.nice.org.uk/guidance/ng148/update/NG148/documents/162","Surveillance_review_proposal","05_June_2023","pdf","Surveillance_review_proposal_05_June_2023.pdf","D:/NICE_history/NG148","D:/NICE_history/NG148/Surveillance_review_proposal_05_June_2023.pdf",TRUE,"downloaded",
"NG148","Original development on 18 December 2019","Minutes 2","08 May 2019","pdf","https://www.nice.org.uk/guidance/ng148/update/NG148/documents/minutes-2","Minutes_2","08_May_2019","pdf","Minutes_2_08_May_2019.pdf","D:/NICE_history/NG148","D:/NICE_history/NG148/Minutes_2_08_May_2019.pdf",TRUE,"downloaded",
"NG148","Original development on 18 December 2019","Final scope","11 October 2019","pdf","https://www.nice.org.uk/guidance/ng148/update/NG148/documents/final-scope","Final_scope","11_October_2019","pdf","Final_scope_11_October_2019.pdf","D:/NICE_history/NG148","D:/NICE_history/NG148/Final_scope_11_October_2019.pdf",TRUE,"downloaded",
"NG148","Original development on 18 December 2019","Workshop notes","12 November 2018","pdf","https://www.nice.org.uk/guidance/ng148/update/NG148/documents/workshop-notes","Workshop_notes","12_November_2018","pdf","Workshop_notes_12_November_2018.pdf","D:/NICE_history/NG148","D:/NICE_history/NG148/Workshop_notes_12_November_2018.pdf",TRUE,"downloaded",
"NG148","Original development on 18 December 2019","Minutes 4","13 November 2019","pdf","https://www.nice.org.uk/guidance/ng148/update/NG148/documents/minutes-4","Minutes_4","13_November_2019","pdf","Minutes_4_13_November_2019.pdf","D:/NICE_history/NG148","D:/NICE_history/NG148/Minutes_4_13_November_2019.pdf",TRUE,"downloaded",
"NG148","Original development on 18 December 2019","Minutes 5","13 November 2019","pdf","https://www.nice.org.uk/guidance/ng148/update/NG148/documents/minutes-5","Minutes_5","13_November_2019","pdf","Minutes_5_13_November_2019.pdf","D:/NICE_history/NG148","D:/NICE_history/NG148/Minutes_5_13_November_2019.pdf",TRUE,"downloaded",
"NG148","Original development on 18 December 2019","Surveillance adhoc report","16 January 2019","pdf","https://www.nice.org.uk/guidance/ng148/update/NG148/documents/surveillance-adhoc-report","Surveillance_adhoc_report","16_January_2019","pdf","Surveillance_adhoc_report_16_January_2019.pdf","D:/NICE_history/NG148","D:/NICE_history/NG148/Surveillance_adhoc_report_16_January_2019.pdf",TRUE,"downloaded",
"NG148","Original development on 18 December 2019","Committee member list","18 December 2019","pdf","https://www.nice.org.uk/guidance/ng148/update/NG148/documents/committee-member-list-2","Committee_member_list","18_December_2019","pdf","Committee_member_list_18_December_2019.pdf","D:/NICE_history/NG148","D:/NICE_history/NG148/Committee_member_list_18_December_2019.pdf",TRUE,"downloaded",
"NG148","Original development on 18 December 2019","Consultation comments and responses","18 December 2019","pdf","https://www.nice.org.uk/guidance/ng148/update/NG148/documents/consultation-comments-and-responses","Consultation_comments_and_responses","18_December_2019","pdf","Consultation_comments_and_responses_18_December_2019.pdf","D:/NICE_history/NG148","D:/NICE_history/NG148/Consultation_comments_and_responses_18_December_2019.pdf",TRUE,"downloaded",
"NG148","Original development on 18 December 2019","Equality impact assessment 4","18 December 2019","pdf","https://www.nice.org.uk/guidance/ng148/update/NG148/documents/equality-impact-assessment-2","Equality_impact_assessment_4","18_December_2019","pdf","Equality_impact_assessment_4_18_December_2019.pdf","D:/NICE_history/NG148","D:/NICE_history/NG148/Equality_impact_assessment_4_18_December_2019.pdf",TRUE,"downloaded",
"NG148","Original development on 18 December 2019","Guideline appendix - Acknowledgments","18 December 2019","pdf","https://www.nice.org.uk/guidance/ng148/update/NG148/documents/guideline-appendix","Guideline_appendix_-_Acknowledgments","18_December_2019","pdf","Guideline_appendix_-_Acknowledgments_18_December_2019.pdf","D:/NICE_history/NG148","D:/NICE_history/NG148/Guideline_appendix_-_Acknowledgments_18_December_2019.pdf",TRUE,"downloaded",
"NG148","Original development on 18 December 2019","Register of interests","18 December 2019","pdf","https://www.nice.org.uk/guidance/ng148/update/NG148/documents/register-of-interests","Register_of_interests","18_December_2019","pdf","Register_of_interests_18_December_2019.pdf","D:/NICE_history/NG148","D:/NICE_history/NG148/Register_of_interests_18_December_2019.pdf",TRUE,"downloaded",
"NG148","Original development on 18 December 2019","Stakeholder list","18 December 2019","pdf","https://www.nice.org.uk/guidance/ng148/update/NG148/documents/stakeholder-list","Stakeholder_list","18_December_2019","pdf","Stakeholder_list_18_December_2019.pdf","D:/NICE_history/NG148","D:/NICE_history/NG148/Stakeholder_list_18_December_2019.pdf",TRUE,"downloaded",
"NG148","Original development on 18 December 2019","Minutes 1","18 March 2019","pdf","https://www.nice.org.uk/guidance/ng148/update/NG148/documents/minutes","Minutes_1","18_March_2019","pdf","Minutes_1_18_March_2019.pdf","D:/NICE_history/NG148","D:/NICE_history/NG148/Minutes_1_18_March_2019.pdf",TRUE,"downloaded",
"NG148","Original development on 18 December 2019","Minutes 3","21 June 2019","pdf","https://www.nice.org.uk/guidance/ng148/update/NG148/documents/minutes-3","Minutes_3","21_June_2019","pdf","Minutes_3_21_June_2019.pdf","D:/NICE_history/NG148","D:/NICE_history/NG148/Minutes_3_21_June_2019.pdf",TRUE,"downloaded",
"NG148","Original development on 18 December 2019","Equality impact assessment CG169","23 May 2023","pdf","https://www.nice.org.uk/guidance/ng148/update/NG148/documents/equality-impact-assessment-3","Equality_impact_assessment_CG169","23_May_2023","pdf","Equality_impact_assessment_CG169_23_May_2023.pdf","D:/NICE_history/NG148","D:/NICE_history/NG148/Equality_impact_assessment_CG169_23_May_2023.pdf",TRUE,"downloaded",
"NG148","Original development on 18 December 2019","Stakeholder list","31 May 2023","pdf","https://www.nice.org.uk/guidance/ng148/update/NG148/documents/stakeholder-list-2","Stakeholder_list","31_May_2023","pdf","Stakeholder_list_31_May_2023.pdf","D:/NICE_history/NG148","D:/NICE_history/NG148/Stakeholder_list_31_May_2023.pdf",TRUE,"downloaded",
"NG148","Pre-consultation documents released","Review questions","21 June 2024","pdf","https://www.nice.org.uk/guidance/ng148/update/ng148-update-1/documents/review-questions","Review_questions","21_June_2024","pdf","Review_questions_21_June_2024.pdf","D:/NICE_history/NG148","D:/NICE_history/NG148/Review_questions_21_June_2024.pdf",TRUE,"downloaded",
"NG148","Pre-consultation documents released","Search strategies","21 June 2024","pdf","https://www.nice.org.uk/guidance/ng148/update/ng148-update-1/documents/search-strategies","Search_strategies","21_June_2024","pdf","Search_strategies_21_June_2024.pdf","D:/NICE_history/NG148","D:/NICE_history/NG148/Search_strategies_21_June_2024.pdf",TRUE,"downloaded",
"NG148","Stakeholder list updated","Stakeholder list","16 October 2024","pdf","https://www.nice.org.uk/guidance/ng148/update/ng148-update-1/documents/stakeholder-list","Stakeholder_list","16_October_2024","pdf","Stakeholder_list_16_October_2024.pdf","D:/NICE_history/NG148","D:/NICE_history/NG148/Stakeholder_list_16_October_2024.pdf",TRUE,"downloaded",
"NG156","Abdominal aortic aneurysm: the scope","Abdominal aortic aneurysm: draft scope for consultation","25 August 2015","pdf","https://www.nice.org.uk/guidance/ng156/documents/abdominal-aortic-aneurysm-draft-scope-for-consultation2","Abdominal_aortic_aneurysm_draft_scope_for_consultation","25_August_2015","pdf","Abdominal_aortic_aneurysm_draft_scope_for_consultation_25_August_2015.pdf","D:/NICE_history/NG156","D:/NICE_history/NG156/Abdominal_aortic_aneurysm_draft_scope_for_consultation_25_August_2015.pdf",TRUE,"downloaded",
"NG156","Abdominal aortic aneurysm: the scope","Abdominal aortic aneurysm: equalities impact assessment - scoping","25 August 2015","pdf","https://www.nice.org.uk/guidance/ng156/documents/abdominal-aortic-aneurysm-equalities-impact-assessment-scoping2","Abdominal_aortic_aneurysm_equalities_impact_assessment_-_scoping","25_August_2015","pdf","Abdominal_aortic_aneurysm_equalities_impact_assessment_-_scoping_25_August_2015.pdf","D:/NICE_history/NG156","D:/NICE_history/NG156/Abdominal_aortic_aneurysm_equalities_impact_assessment_-_scoping_25_August_2015.pdf",TRUE,"downloaded",
"NG156","Committee list updated","Committee member list","19 March 2020","pdf","https://www.nice.org.uk/guidance/ng156/documents/committee-member-list-2","Committee_member_list","19_March_2020","pdf","Committee_member_list_19_March_2020.pdf","D:/NICE_history/NG156","D:/NICE_history/NG156/Committee_member_list_19_March_2020.pdf",TRUE,"downloaded",
"NG156","Committee meetings","Minutes 11","03 July 2017","pdf","https://www.nice.org.uk/guidance/ng156/documents/minutes-20","Minutes_11","03_July_2017","pdf","Minutes_11_03_July_2017.pdf","D:/NICE_history/NG156","D:/NICE_history/NG156/Minutes_11_03_July_2017.pdf",TRUE,"downloaded",
"NG156","Committee meetings","Minutes 1","03 November 2015","pdf","https://www.nice.org.uk/guidance/ng156/documents/minutes-5","Minutes_1","03_November_2015","pdf","Minutes_1_03_November_2015.pdf","D:/NICE_history/NG156","D:/NICE_history/NG156/Minutes_1_03_November_2015.pdf",TRUE,"downloaded",
"NG156","Committee meetings","Minutes 12","05 October 2017","pdf","https://www.nice.org.uk/guidance/ng156/documents/minutes-21","Minutes_12","05_October_2017","pdf","Minutes_12_05_October_2017.pdf","D:/NICE_history/NG156","D:/NICE_history/NG156/Minutes_12_05_October_2017.pdf",TRUE,"downloaded",
"NG156","Committee meetings","Minutes 13","06 November 2017","pdf","https://www.nice.org.uk/guidance/ng156/documents/minutes-22","Minutes_13","06_November_2017","pdf","Minutes_13_06_November_2017.pdf","D:/NICE_history/NG156","D:/NICE_history/NG156/Minutes_13_06_November_2017.pdf",TRUE,"downloaded",
"NG156","Committee meetings","Minutes 6","07 June 2016","pdf","https://www.nice.org.uk/guidance/ng156/documents/minutes-10","Minutes_6","07_June_2016","pdf","Minutes_6_07_June_2016.pdf","D:/NICE_history/NG156","D:/NICE_history/NG156/Minutes_6_07_June_2016.pdf",TRUE,"downloaded",
"NG156","Committee meetings","Minutes 4","08 March 2016","pdf","https://www.nice.org.uk/guidance/ng156/documents/minutes-8","Minutes_4","08_March_2016","pdf","Minutes_4_08_March_2016.pdf","D:/NICE_history/NG156","D:/NICE_history/NG156/Minutes_4_08_March_2016.pdf",TRUE,"downloaded",
"NG156","Committee meetings","Minutes 9","11 April 2017","pdf","https://www.nice.org.uk/guidance/ng156/documents/minutes-18","Minutes_9","11_April_2017","pdf","Minutes_9_11_April_2017.pdf","D:/NICE_history/NG156","D:/NICE_history/NG156/Minutes_9_11_April_2017.pdf",TRUE,"downloaded",
"NG156","Committee meetings","Minutes 8","13 September 2016","pdf","https://www.nice.org.uk/guidance/ng156/documents/minutes-17","Minutes_8","13_September_2016","pdf","Minutes_8_13_September_2016.pdf","D:/NICE_history/NG156","D:/NICE_history/NG156/Minutes_8_13_September_2016.pdf",TRUE,"downloaded",
"NG156","Committee meetings","Minutes 2","15 December 2015","pdf","https://www.nice.org.uk/guidance/ng156/documents/minutes-6","Minutes_2","15_December_2015","pdf","Minutes_2_15_December_2015.pdf","D:/NICE_history/NG156","D:/NICE_history/NG156/Minutes_2_15_December_2015.pdf",TRUE,"downloaded",
"NG156","Committee meetings","Minutes 14","18 December 2017","pdf","https://www.nice.org.uk/guidance/ng156/documents/minutes-23","Minutes_14","18_December_2017","pdf","Minutes_14_18_December_2017.pdf","D:/NICE_history/NG156","D:/NICE_history/NG156/Minutes_14_18_December_2017.pdf",TRUE,"downloaded",
"NG156","Committee meetings","Minutes 10","22 May 2017","pdf","https://www.nice.org.uk/guidance/ng156/documents/minutes-19","Minutes_10","22_May_2017","pdf","Minutes_10_22_May_2017.pdf","D:/NICE_history/NG156","D:/NICE_history/NG156/Minutes_10_22_May_2017.pdf",TRUE,"downloaded",
"NG156","Committee meetings","Minutes 16","25 July 2018","pdf","https://www.nice.org.uk/guidance/ng156/documents/minutes","Minutes_16","25_July_2018","pdf","Minutes_16_25_July_2018.pdf","D:/NICE_history/NG156","D:/NICE_history/NG156/Minutes_16_25_July_2018.pdf",TRUE,"downloaded",
"NG156","Committee meetings","Minutes 3","26 January 2016","pdf","https://www.nice.org.uk/guidance/ng156/documents/minutes-7","Minutes_3","26_January_2016","pdf","Minutes_3_26_January_2016.pdf","D:/NICE_history/NG156","D:/NICE_history/NG156/Minutes_3_26_January_2016.pdf",TRUE,"downloaded",
"NG156","Committee meetings","Minutes 7","26 July 2016","pdf","https://www.nice.org.uk/guidance/ng156/documents/minutes-12","Minutes_7","26_July_2016","pdf","Minutes_7_26_July_2016.pdf","D:/NICE_history/NG156","D:/NICE_history/NG156/Minutes_7_26_July_2016.pdf",TRUE,"downloaded",
"NG156","Committee meetings","Minutes 17","28 February 2019","pdf","https://www.nice.org.uk/guidance/ng156/documents/minutes-2","Minutes_17","28_February_2019","pdf","Minutes_17_28_February_2019.pdf","D:/NICE_history/NG156","D:/NICE_history/NG156/Minutes_17_28_February_2019.pdf",TRUE,"downloaded",
"NG156","Committee meetings","Minutes 15","29 January 2018","pdf","https://www.nice.org.uk/guidance/ng156/documents/minutes-24","Minutes_15","29_January_2018","pdf","Minutes_15_29_January_2018.pdf","D:/NICE_history/NG156","D:/NICE_history/NG156/Minutes_15_29_January_2018.pdf",TRUE,"downloaded",
"NG156","Consultation comments published","Consultation comments and responses","03 November 2015","pdf","https://www.nice.org.uk/guidance/ng156/documents/consultation-comments-and-responses","Consultation_comments_and_responses","03_November_2015","pdf","Consultation_comments_and_responses_03_November_2015.pdf","D:/NICE_history/NG156","D:/NICE_history/NG156/Consultation_comments_and_responses_03_November_2015.pdf",TRUE,"downloaded",
"NG156","Declaration of interests","Register of interests","19 March 2020","pdf","https://www.nice.org.uk/guidance/ng156/documents/register-of-interests","Register_of_interests","19_March_2020","pdf","Register_of_interests_19_March_2020.pdf","D:/NICE_history/NG156","D:/NICE_history/NG156/Register_of_interests_19_March_2020.pdf",TRUE,"downloaded",
"NG156","Draft guidance consultation","Comments form","01 June 2018","docx","https://www.nice.org.uk/guidance/ng156/documents/comments-form-2","Comments_form","01_June_2018","docx","Comments_form_01_June_2018.docx","D:/NICE_history/NG156","D:/NICE_history/NG156/Comments_form_01_June_2018.docx",TRUE,"downloaded",
"NG156","Draft guidance consultation","Equality impact assessment","16 May 2018","pdf","https://www.nice.org.uk/guidance/ng156/documents/equality-impact-assessment","Equality_impact_assessment","16_May_2018","pdf","Equality_impact_assessment_16_May_2018.pdf","D:/NICE_history/NG156","D:/NICE_history/NG156/Equality_impact_assessment_16_May_2018.pdf",TRUE,"downloaded",
"NG156","Draft guidance consultation","Evidence review A","16 May 2018","pdf","https://www.nice.org.uk/guidance/ng156/documents/evidence-review","Evidence_review_A","16_May_2018","pdf","Evidence_review_A_16_May_2018.pdf","D:/NICE_history/NG156","D:/NICE_history/NG156/Evidence_review_A_16_May_2018.pdf",TRUE,"downloaded",
"NG156","Draft guidance consultation","Evidence review B","16 May 2018","pdf","https://www.nice.org.uk/guidance/ng156/documents/evidence-review-2","Evidence_review_B","16_May_2018","pdf","Evidence_review_B_16_May_2018.pdf","D:/NICE_history/NG156","D:/NICE_history/NG156/Evidence_review_B_16_May_2018.pdf",TRUE,"downloaded",
"NG156","Draft guidance consultation","Evidence review C","16 May 2018","pdf","https://www.nice.org.uk/guidance/ng156/documents/evidence-review-3","Evidence_review_C","16_May_2018","pdf","Evidence_review_C_16_May_2018.pdf","D:/NICE_history/NG156","D:/NICE_history/NG156/Evidence_review_C_16_May_2018.pdf",TRUE,"downloaded",
"NG156","Draft guidance consultation","Evidence review D","16 May 2018","pdf","https://www.nice.org.uk/guidance/ng156/documents/evidence-review-4","Evidence_review_D","16_May_2018","pdf","Evidence_review_D_16_May_2018.pdf","D:/NICE_history/NG156","D:/NICE_history/NG156/Evidence_review_D_16_May_2018.pdf",TRUE,"downloaded",
"NG156","Draft guidance consultation","Evidence review E","16 May 2018","pdf","https://www.nice.org.uk/guidance/ng156/documents/evidence-review-5","Evidence_review_E","16_May_2018","pdf","Evidence_review_E_16_May_2018.pdf","D:/NICE_history/NG156","D:/NICE_history/NG156/Evidence_review_E_16_May_2018.pdf",TRUE,"downloaded",
"NG156","Draft guidance consultation","Evidence review F","16 May 2018","pdf","https://www.nice.org.uk/guidance/ng156/documents/evidence-review-6","Evidence_review_F","16_May_2018","pdf","Evidence_review_F_16_May_2018.pdf","D:/NICE_history/NG156","D:/NICE_history/NG156/Evidence_review_F_16_May_2018.pdf",TRUE,"downloaded",
"NG156","Draft guidance consultation","Evidence review G","16 May 2018","pdf","https://www.nice.org.uk/guidance/ng156/documents/evidence-review-7","Evidence_review_G","16_May_2018","pdf","Evidence_review_G_16_May_2018.pdf","D:/NICE_history/NG156","D:/NICE_history/NG156/Evidence_review_G_16_May_2018.pdf",TRUE,"downloaded",
"NG156","Draft guidance consultation","Evidence review H","16 May 2018","pdf","https://www.nice.org.uk/guidance/ng156/documents/evidence-review-8","Evidence_review_H","16_May_2018","pdf","Evidence_review_H_16_May_2018.pdf","D:/NICE_history/NG156","D:/NICE_history/NG156/Evidence_review_H_16_May_2018.pdf",TRUE,"downloaded",
"NG156","Draft guidance consultation","Evidence review I","16 May 2018","pdf","https://www.nice.org.uk/guidance/ng156/documents/evidence-review-9","Evidence_review_I","16_May_2018","pdf","Evidence_review_I_16_May_2018.pdf","D:/NICE_history/NG156","D:/NICE_history/NG156/Evidence_review_I_16_May_2018.pdf",TRUE,"downloaded",
"NG156","Draft guidance consultation","Evidence review J","16 May 2018","pdf","https://www.nice.org.uk/guidance/ng156/documents/evidence-review-10","Evidence_review_J","16_May_2018","pdf","Evidence_review_J_16_May_2018.pdf","D:/NICE_history/NG156","D:/NICE_history/NG156/Evidence_review_J_16_May_2018.pdf",TRUE,"downloaded",
"NG156","Draft guidance consultation","Evidence review K","16 May 2018","pdf","https://www.nice.org.uk/guidance/ng156/documents/evidence-review-11","Evidence_review_K","16_May_2018","pdf","Evidence_review_K_16_May_2018.pdf","D:/NICE_history/NG156","D:/NICE_history/NG156/Evidence_review_K_16_May_2018.pdf",TRUE,"downloaded",
"NG156","Draft guidance consultation","Evidence review L","16 May 2018","pdf","https://www.nice.org.uk/guidance/ng156/documents/evidence-review-12","Evidence_review_L","16_May_2018","pdf","Evidence_review_L_16_May_2018.pdf","D:/NICE_history/NG156","D:/NICE_history/NG156/Evidence_review_L_16_May_2018.pdf",TRUE,"downloaded",
"NG156","Draft guidance consultation","Evidence review M","16 May 2018","pdf","https://www.nice.org.uk/guidance/ng156/documents/evidence-review-13","Evidence_review_M","16_May_2018","pdf","Evidence_review_M_16_May_2018.pdf","D:/NICE_history/NG156","D:/NICE_history/NG156/Evidence_review_M_16_May_2018.pdf",TRUE,"downloaded",
"NG156","Draft guidance consultation","Evidence review N","16 May 2018","pdf","https://www.nice.org.uk/guidance/ng156/documents/evidence-review-14","Evidence_review_N","16_May_2018","pdf","Evidence_review_N_16_May_2018.pdf","D:/NICE_history/NG156","D:/NICE_history/NG156/Evidence_review_N_16_May_2018.pdf",TRUE,"downloaded",
"NG156","Draft guidance consultation","Evidence review O","16 May 2018","pdf","https://www.nice.org.uk/guidance/ng156/documents/evidence-review-15","Evidence_review_O","16_May_2018","pdf","Evidence_review_O_16_May_2018.pdf","D:/NICE_history/NG156","D:/NICE_history/NG156/Evidence_review_O_16_May_2018.pdf",TRUE,"downloaded",
"NG156","Draft guidance consultation","Evidence review P","16 May 2018","pdf","https://www.nice.org.uk/guidance/ng156/documents/evidence-review-16","Evidence_review_P","16_May_2018","pdf","Evidence_review_P_16_May_2018.pdf","D:/NICE_history/NG156","D:/NICE_history/NG156/Evidence_review_P_16_May_2018.pdf",TRUE,"downloaded",
"NG156","Draft guidance consultation","Evidence review Q","16 May 2018","pdf","https://www.nice.org.uk/guidance/ng156/documents/evidence-review-17","Evidence_review_Q","16_May_2018","pdf","Evidence_review_Q_16_May_2018.pdf","D:/NICE_history/NG156","D:/NICE_history/NG156/Evidence_review_Q_16_May_2018.pdf",TRUE,"downloaded",
"NG156","Draft guidance consultation","Evidence review R","16 May 2018","pdf","https://www.nice.org.uk/guidance/ng156/documents/evidence-review-18","Evidence_review_R","16_May_2018","pdf","Evidence_review_R_16_May_2018.pdf","D:/NICE_history/NG156","D:/NICE_history/NG156/Evidence_review_R_16_May_2018.pdf",TRUE,"downloaded",
"NG156","Draft guidance consultation","Evidence review S","16 May 2018","pdf","https://www.nice.org.uk/guidance/ng156/documents/evidence-review-19","Evidence_review_S","16_May_2018","pdf","Evidence_review_S_16_May_2018.pdf","D:/NICE_history/NG156","D:/NICE_history/NG156/Evidence_review_S_16_May_2018.pdf",TRUE,"downloaded",
"NG156","Draft guidance consultation","Evidence review T","16 May 2018","pdf","https://www.nice.org.uk/guidance/ng156/documents/evidence-review-20","Evidence_review_T","16_May_2018","pdf","Evidence_review_T_16_May_2018.pdf","D:/NICE_history/NG156","D:/NICE_history/NG156/Evidence_review_T_16_May_2018.pdf",TRUE,"downloaded",
"NG156","Draft guidance consultation","Evidence review U","16 May 2018","pdf","https://www.nice.org.uk/guidance/ng156/documents/evidence-review-21","Evidence_review_U","16_May_2018","pdf","Evidence_review_U_16_May_2018.pdf","D:/NICE_history/NG156","D:/NICE_history/NG156/Evidence_review_U_16_May_2018.pdf",TRUE,"downloaded",
"NG156","Draft guidance consultation","Evidence review V","16 May 2018","pdf","https://www.nice.org.uk/guidance/ng156/documents/evidence-review-22","Evidence_review_V","16_May_2018","pdf","Evidence_review_V_16_May_2018.pdf","D:/NICE_history/NG156","D:/NICE_history/NG156/Evidence_review_V_16_May_2018.pdf",TRUE,"downloaded",
"NG156","Draft guidance consultation","Evidence review W","16 May 2018","pdf","https://www.nice.org.uk/guidance/ng156/documents/evidence-review-23","Evidence_review_W","16_May_2018","pdf","Evidence_review_W_16_May_2018.pdf","D:/NICE_history/NG156","D:/NICE_history/NG156/Evidence_review_W_16_May_2018.pdf",TRUE,"downloaded",
"NG156","Draft guidance consultation","Evidence review X","16 May 2018","pdf","https://www.nice.org.uk/guidance/ng156/documents/evidence-review-24","Evidence_review_X","16_May_2018","pdf","Evidence_review_X_16_May_2018.pdf","D:/NICE_history/NG156","D:/NICE_history/NG156/Evidence_review_X_16_May_2018.pdf",TRUE,"downloaded",
"NG156","Draft guidance consultation","Short version of draft guideline","16 May 2018","pdf","https://www.nice.org.uk/guidance/ng156/documents/short-version-of-draft-guideline","Short_version_of_draft_guideline","16_May_2018","pdf","Short_version_of_draft_guideline_16_May_2018.pdf","D:/NICE_history/NG156","D:/NICE_history/NG156/Short_version_of_draft_guideline_16_May_2018.pdf",TRUE,"downloaded",
"NG156","Draft guidance consultation","Supporting documentation - acknowledgements","16 May 2018","pdf","https://www.nice.org.uk/guidance/ng156/documents/supporting-documentation-4","Supporting_documentation_-_acknowledgements","16_May_2018","pdf","Supporting_documentation_-_acknowledgements_16_May_2018.pdf","D:/NICE_history/NG156","D:/NICE_history/NG156/Supporting_documentation_-_acknowledgements_16_May_2018.pdf",TRUE,"downloaded",
"NG156","Draft guidance consultation","Supporting documentation - algorithm","16 May 2018","pdf","https://www.nice.org.uk/guidance/ng156/documents/supporting-documentation","Supporting_documentation_-_algorithm","16_May_2018","pdf","Supporting_documentation_-_algorithm_16_May_2018.pdf","D:/NICE_history/NG156","D:/NICE_history/NG156/Supporting_documentation_-_algorithm_16_May_2018.pdf",TRUE,"downloaded",
"NG156","Draft guidance consultation","Supporting documentation - health economics appendix","16 May 2018","pdf","https://www.nice.org.uk/guidance/ng156/documents/supporting-documentation-2","Supporting_documentation_-_health_economics_appendix","16_May_2018","pdf","Supporting_documentation_-_health_economics_appendix_16_May_2018.pdf","D:/NICE_history/NG156","D:/NICE_history/NG156/Supporting_documentation_-_health_economics_appendix_16_May_2018.pdf",TRUE,"downloaded",
"NG156","Draft guidance consultation","Supporting documentation - methods section","16 May 2018","pdf","https://www.nice.org.uk/guidance/ng156/documents/supporting-documentation-3","Supporting_documentation_-_methods_section","16_May_2018","pdf","Supporting_documentation_-_methods_section_16_May_2018.pdf","D:/NICE_history/NG156","D:/NICE_history/NG156/Supporting_documentation_-_methods_section_16_May_2018.pdf",TRUE,"downloaded",
"NG156","Equality and health inequalities assessment","Equality impact assessment 1","13 July 2016","pdf","https://www.nice.org.uk/guidance/ng156/documents/equality-impact-assessment-3","Equality_impact_assessment_1","13_July_2016","pdf","Equality_impact_assessment_1_13_July_2016.pdf","D:/NICE_history/NG156","D:/NICE_history/NG156/Equality_impact_assessment_1_13_July_2016.pdf",TRUE,"downloaded",
"NG156","Equality and health inequalities assessment","Equality impact assessment 2","13 July 2016","pdf","https://www.nice.org.uk/guidance/ng156/documents/equality-impact-assessment-4","Equality_impact_assessment_2","13_July_2016","pdf","Equality_impact_assessment_2_13_July_2016.pdf","D:/NICE_history/NG156","D:/NICE_history/NG156/Equality_impact_assessment_2_13_July_2016.pdf",TRUE,"downloaded",
"NG156","Guidance published","Consultation comments and responses","19 March 2020","pdf","https://www.nice.org.uk/guidance/ng156/documents/consultation-comments-and-responses-2","Consultation_comments_and_responses","19_March_2020","pdf","Consultation_comments_and_responses_19_March_2020.pdf","D:/NICE_history/NG156","D:/NICE_history/NG156/Consultation_comments_and_responses_19_March_2020.pdf",TRUE,"downloaded",
"NG156","Guidance published","Equality impact assessment 4","19 March 2020","pdf","https://www.nice.org.uk/guidance/ng156/documents/equality-impact-assessment-2","Equality_impact_assessment_4","19_March_2020","pdf","Equality_impact_assessment_4_19_March_2020.pdf","D:/NICE_history/NG156","D:/NICE_history/NG156/Equality_impact_assessment_4_19_March_2020.pdf",TRUE,"downloaded",
"NG156","Guidance published","Supporting documentation - acknowledgements","19 March 2020","pdf","https://www.nice.org.uk/guidance/ng156/documents/supporting-documentation-5","Supporting_documentation_-_acknowledgements","19_March_2020","pdf","Supporting_documentation_-_acknowledgements_19_March_2020.pdf","D:/NICE_history/NG156","D:/NICE_history/NG156/Supporting_documentation_-_acknowledgements_19_March_2020.pdf",TRUE,"downloaded",
"NG156","Pre-consultation documents released","Economic plan","28 March 2018","pdf","https://www.nice.org.uk/guidance/ng156/documents/economic-plan","Economic_plan","28_March_2018","pdf","Economic_plan_28_March_2018.pdf","D:/NICE_history/NG156","D:/NICE_history/NG156/Economic_plan_28_March_2018.pdf",TRUE,"downloaded",
"NG156","Pre-consultation documents released","Review questions","28 March 2018","pdf","https://www.nice.org.uk/guidance/ng156/documents/review-questions","Review_questions","28_March_2018","pdf","Review_questions_28_March_2018.pdf","D:/NICE_history/NG156","D:/NICE_history/NG156/Review_questions_28_March_2018.pdf",TRUE,"downloaded",
"NG156","Pre-consultation documents released","Search strategies","28 March 2018","pdf","https://www.nice.org.uk/guidance/ng156/documents/search-strategies","Search_strategies","28_March_2018","pdf","Search_strategies_28_March_2018.pdf","D:/NICE_history/NG156","D:/NICE_history/NG156/Search_strategies_28_March_2018.pdf",TRUE,"downloaded",
"NG156","Scope published","Final scope","02 November 2015","pdf","https://www.nice.org.uk/guidance/ng156/documents/final-scope","Final_scope","02_November_2015","pdf","Final_scope_02_November_2015.pdf","D:/NICE_history/NG156","D:/NICE_history/NG156/Final_scope_02_November_2015.pdf",TRUE,"downloaded",
"NG156","Stakeholder list updated","Stakeholder list","17 March 2020","pdf","https://www.nice.org.uk/guidance/ng156/documents/stakeholder-list-2","Stakeholder_list","17_March_2020","pdf","Stakeholder_list_17_March_2020.pdf","D:/NICE_history/NG156","D:/NICE_history/NG156/Stakeholder_list_17_March_2020.pdf",TRUE,"downloaded",
"NG158","Committee meetings","Minutes 1","02 March 2023","pdf","https://www.nice.org.uk/guidance/ng158/update/ng158-update-1/documents/minutes","Minutes_1","02_March_2023","pdf","Minutes_1_02_March_2023.pdf","D:/NICE_history/NG158","D:/NICE_history/NG158/Minutes_1_02_March_2023.pdf",TRUE,"downloaded",
"NG158","Committee meetings","Minutes 2","24 March 2023","pdf","https://www.nice.org.uk/guidance/ng158/update/ng158-update-1/documents/minutes-2","Minutes_2","24_March_2023","pdf","Minutes_2_24_March_2023.pdf","D:/NICE_history/NG158","D:/NICE_history/NG158/Minutes_2_24_March_2023.pdf",TRUE,"downloaded",
"NG158","Draft guidance consultation","Comments form","30 May 2023","docx","https://www.nice.org.uk/guidance/ng158/update/ng158-update-1/documents/comments-form","Comments_form","30_May_2023","docx","Comments_form_30_May_2023.docx","D:/NICE_history/NG158","D:/NICE_history/NG158/Comments_form_30_May_2023.docx",TRUE,"downloaded",
"NG158","Draft guidance consultation","Committee member list","30 May 2023","pdf","https://www.nice.org.uk/guidance/ng158/update/ng158-update-1/documents/committee-member-list","Committee_member_list","30_May_2023","pdf","Committee_member_list_30_May_2023.pdf","D:/NICE_history/NG158","D:/NICE_history/NG158/Committee_member_list_30_May_2023.pdf",TRUE,"downloaded",
"NG158","Draft guidance consultation","Committee member list DOI","30 May 2023","pdf","https://www.nice.org.uk/guidance/ng158/update/ng158-update-1/documents/committee-member-list-3","Committee_member_list_DOI","30_May_2023","pdf","Committee_member_list_DOI_30_May_2023.pdf","D:/NICE_history/NG158","D:/NICE_history/NG158/Committee_member_list_DOI_30_May_2023.pdf",TRUE,"downloaded",
"NG158","Draft guidance consultation","Draft guideline","30 May 2023","pdf","https://www.nice.org.uk/guidance/ng158/update/ng158-update-1/documents/draft-guideline","Draft_guideline","30_May_2023","pdf","Draft_guideline_30_May_2023.pdf","D:/NICE_history/NG158","D:/NICE_history/NG158/Draft_guideline_30_May_2023.pdf",TRUE,"downloaded",
"NG158","Draft guidance consultation","Evidence review","30 May 2023","pdf","https://www.nice.org.uk/guidance/ng158/update/ng158-update-1/documents/evidence-review","Evidence_review","30_May_2023","pdf","Evidence_review_30_May_2023.pdf","D:/NICE_history/NG158","D:/NICE_history/NG158/Evidence_review_30_May_2023.pdf",TRUE,"downloaded",
"NG158","Draft guidance consultation","Supporting documentation","30 May 2023","pdf","https://www.nice.org.uk/guidance/ng158/update/ng158-update-1/documents/supporting-documentation","Supporting_documentation","30_May_2023","pdf","Supporting_documentation_30_May_2023.pdf","D:/NICE_history/NG158","D:/NICE_history/NG158/Supporting_documentation_30_May_2023.pdf",TRUE,"downloaded",
"NG158","Guidance published","Committee member list","02 August 2023","pdf","https://www.nice.org.uk/guidance/ng158/update/ng158-update-1/documents/committee-member-list-2","Committee_member_list","02_August_2023","pdf","Committee_member_list_02_August_2023.pdf","D:/NICE_history/NG158","D:/NICE_history/NG158/Committee_member_list_02_August_2023.pdf",TRUE,"downloaded",
"NG158","Guidance published","Equality impact assessment - final","02 August 2023","pdf","https://www.nice.org.uk/guidance/ng158/update/ng158-update-1/documents/equality-impact-assessment","Equality_impact_assessment_-_final","02_August_2023","pdf","Equality_impact_assessment_-_final_02_August_2023.pdf","D:/NICE_history/NG158","D:/NICE_history/NG158/Equality_impact_assessment_-_final_02_August_2023.pdf",TRUE,"downloaded",
"NG158","Guidance published","Guidance consultation comments and response","02 August 2023","pdf","https://www.nice.org.uk/guidance/ng158/update/ng158-update-1/documents/guidance-consultation-comments-and-response","Guidance_consultation_comments_and_response","02_August_2023","pdf","Guidance_consultation_comments_and_response_02_August_2023.pdf","D:/NICE_history/NG158","D:/NICE_history/NG158/Guidance_consultation_comments_and_response_02_August_2023.pdf",TRUE,"downloaded",
"NG158","Guidance published","Supporting documentation - acknowledgements","02 August 2023","docx","https://www.nice.org.uk/guidance/ng158/update/ng158-update-1/documents/supporting-documentation-2","Supporting_documentation_-_acknowledgements","02_August_2023","docx","Supporting_documentation_-_acknowledgements_02_August_2023.docx","D:/NICE_history/NG158","D:/NICE_history/NG158/Supporting_documentation_-_acknowledgements_02_August_2023.docx",TRUE,"downloaded",
"NG158","Original development on 26 March 2020","Minutes 7","04 February 2019","pdf","https://www.nice.org.uk/guidance/ng158/update/NG158/documents/minutes-14","Minutes_7","04_February_2019","pdf","Minutes_7_04_February_2019.pdf","D:/NICE_history/NG158","D:/NICE_history/NG158/Minutes_7_04_February_2019.pdf",TRUE,"downloaded",
"NG158","Original development on 26 March 2020","Economic plan","07 October 2019","pdf","https://www.nice.org.uk/guidance/ng158/update/NG158/documents/economic-plan","Economic_plan","07_October_2019","pdf","Economic_plan_07_October_2019.pdf","D:/NICE_history/NG158","D:/NICE_history/NG158/Economic_plan_07_October_2019.pdf",TRUE,"downloaded",
"NG158","Original development on 26 March 2020","Review questions","07 October 2019","pdf","https://www.nice.org.uk/guidance/ng158/update/NG158/documents/review-questions","Review_questions","07_October_2019","pdf","Review_questions_07_October_2019.pdf","D:/NICE_history/NG158","D:/NICE_history/NG158/Review_questions_07_October_2019.pdf",TRUE,"downloaded",
"NG158","Original development on 26 March 2020","Search strategies","07 October 2019","pdf","https://www.nice.org.uk/guidance/ng158/update/NG158/documents/search-strategies","Search_strategies","07_October_2019","pdf","Search_strategies_07_October_2019.pdf","D:/NICE_history/NG158","D:/NICE_history/NG158/Search_strategies_07_October_2019.pdf",TRUE,"downloaded",
"NG158","Original development on 26 March 2020","Minutes 1","08 May 2018","pdf","https://www.nice.org.uk/guidance/ng158/update/NG158/documents/minutes-8","Minutes_1","08_May_2018","pdf","Minutes_1_08_May_2018.pdf","D:/NICE_history/NG158","D:/NICE_history/NG158/Minutes_1_08_May_2018.pdf",TRUE,"downloaded",
"NG158","Original development on 26 March 2020","Minutes 4","10 September 2018","pdf","https://www.nice.org.uk/guidance/ng158/update/NG158/documents/minutes-11","Minutes_4","10_September_2018","pdf","Minutes_4_10_September_2018.pdf","D:/NICE_history/NG158","D:/NICE_history/NG158/Minutes_4_10_September_2018.pdf",TRUE,"downloaded",
"NG158","Original development on 26 March 2020","Minutes 10","10 September 2019","pdf","https://www.nice.org.uk/guidance/ng158/update/NG158/documents/minutes-17","Minutes_10","10_September_2019","pdf","Minutes_10_10_September_2019.pdf","D:/NICE_history/NG158","D:/NICE_history/NG158/Minutes_10_10_September_2019.pdf",TRUE,"downloaded",
"NG158","Original development on 26 March 2020","Minutes 6","17 December 2018","pdf","https://www.nice.org.uk/guidance/ng158/update/NG158/documents/minutes-13","Minutes_6","17_December_2018","pdf","Minutes_6_17_December_2018.pdf","D:/NICE_history/NG158","D:/NICE_history/NG158/Minutes_6_17_December_2018.pdf",TRUE,"downloaded",
"NG158","Original development on 26 March 2020","Minutes 2","18 June 2018","pdf","https://www.nice.org.uk/guidance/ng158/update/NG158/documents/minutes-9","Minutes_2","18_June_2018","pdf","Minutes_2_18_June_2018.pdf","D:/NICE_history/NG158","D:/NICE_history/NG158/Minutes_2_18_June_2018.pdf",TRUE,"downloaded",
"NG158","Original development on 26 March 2020","Consultation comments and responses","20 April 2018","pdf","https://www.nice.org.uk/guidance/ng158/update/NG158/documents/consultation-comments-and-responses","Consultation_comments_and_responses","20_April_2018","pdf","Consultation_comments_and_responses_20_April_2018.pdf","D:/NICE_history/NG158","D:/NICE_history/NG158/Consultation_comments_and_responses_20_April_2018.pdf",TRUE,"downloaded",
"NG158","Original development on 26 March 2020","Final scope","20 April 2018","pdf","https://www.nice.org.uk/guidance/ng158/update/NG158/documents/final-scope","Final_scope","20_April_2018","pdf","Final_scope_20_April_2018.pdf","D:/NICE_history/NG158","D:/NICE_history/NG158/Final_scope_20_April_2018.pdf",TRUE,"downloaded",
"NG158","Original development on 26 March 2020","Minutes 9","20 May 2019","pdf","https://www.nice.org.uk/guidance/ng158/update/NG158/documents/minutes-16","Minutes_9","20_May_2019","pdf","Minutes_9_20_May_2019.pdf","D:/NICE_history/NG158","D:/NICE_history/NG158/Minutes_9_20_May_2019.pdf",TRUE,"downloaded",
"NG158","Original development on 26 March 2020","Minutes 8","25 March 2019","pdf","https://www.nice.org.uk/guidance/ng158/update/NG158/documents/minutes-15","Minutes_8","25_March_2019","pdf","Minutes_8_25_March_2019.pdf","D:/NICE_history/NG158","D:/NICE_history/NG158/Minutes_8_25_March_2019.pdf",TRUE,"downloaded",
"NG158","Original development on 26 March 2020","Equality and health inequalities","26 January 2023","pdf","https://www.nice.org.uk/guidance/ng158/update/NG158/documents/equality-and-health-inequalities","Equality_and_health_inequalities","26_January_2023","pdf","Equality_and_health_inequalities_26_January_2023.pdf","D:/NICE_history/NG158","D:/NICE_history/NG158/Equality_and_health_inequalities_26_January_2023.pdf",TRUE,"downloaded",
"NG158","Original development on 26 March 2020","Consultation comments and responses","26 March 2020","pdf","https://www.nice.org.uk/guidance/ng158/update/NG158/documents/consultation-comments-and-responses-2","Consultation_comments_and_responses","26_March_2020","pdf","Consultation_comments_and_responses_26_March_2020.pdf","D:/NICE_history/NG158","D:/NICE_history/NG158/Consultation_comments_and_responses_26_March_2020.pdf",FALSE,"failed","Transferred a partial file [www.nice.org.uk]:
transfer closed with outstanding read data remaining"
"NG158","Original development on 26 March 2020","Guideline appendices - Acknowledgements","26 March 2020","pdf","https://www.nice.org.uk/guidance/ng158/update/NG158/documents/guideline-appendices","Guideline_appendices_-_Acknowledgements","26_March_2020","pdf","Guideline_appendices_-_Acknowledgements_26_March_2020.pdf","D:/NICE_history/NG158","D:/NICE_history/NG158/Guideline_appendices_-_Acknowledgements_26_March_2020.pdf",TRUE,"downloaded",
"NG158","Original development on 26 March 2020","Register of interests","26 March 2020","pdf","https://www.nice.org.uk/guidance/ng158/update/NG158/documents/register-of-interests-2","Register_of_interests","26_March_2020","pdf","Register_of_interests_26_March_2020.pdf","D:/NICE_history/NG158","D:/NICE_history/NG158/Register_of_interests_26_March_2020.pdf",TRUE,"downloaded",
"NG158","Original development on 26 March 2020","Stakeholder list","26 November 2019","pdf","https://www.nice.org.uk/guidance/ng158/update/NG158/documents/stakeholder-list-2","Stakeholder_list","26_November_2019","pdf","Stakeholder_list_26_November_2019.pdf","D:/NICE_history/NG158","D:/NICE_history/NG158/Stakeholder_list_26_November_2019.pdf",TRUE,"downloaded",
"NG158","Original development on 26 March 2020","Comments form","27 November 2019","docx","https://www.nice.org.uk/guidance/ng158/update/NG158/documents/comments-form-3","Comments_form","27_November_2019","docx","Comments_form_27_November_2019.docx","D:/NICE_history/NG158","D:/NICE_history/NG158/Comments_form_27_November_2019.docx",TRUE,"downloaded",
"NG158","Original development on 26 March 2020","Committee member list","27 November 2019","pdf","https://www.nice.org.uk/guidance/ng158/update/NG158/documents/committee-member-list-2","Committee_member_list","27_November_2019","pdf","Committee_member_list_27_November_2019.pdf","D:/NICE_history/NG158","D:/NICE_history/NG158/Committee_member_list_27_November_2019.pdf",TRUE,"downloaded",
"NG158","Original development on 26 March 2020","Evidence review A","27 November 2019","pdf","https://www.nice.org.uk/guidance/ng158/update/NG158/documents/evidence-review","Evidence_review_A","27_November_2019","pdf","Evidence_review_A_27_November_2019.pdf","D:/NICE_history/NG158","D:/NICE_history/NG158/Evidence_review_A_27_November_2019.pdf",TRUE,"downloaded",
"NG158","Original development on 26 March 2020","Evidence review B","27 November 2019","pdf","https://www.nice.org.uk/guidance/ng158/update/NG158/documents/evidence-review-2","Evidence_review_B","27_November_2019","pdf","Evidence_review_B_27_November_2019.pdf","D:/NICE_history/NG158","D:/NICE_history/NG158/Evidence_review_B_27_November_2019.pdf",TRUE,"downloaded",
"NG158","Original development on 26 March 2020","Evidence review C","27 November 2019","pdf","https://www.nice.org.uk/guidance/ng158/update/NG158/documents/evidence-review-3","Evidence_review_C","27_November_2019","pdf","Evidence_review_C_27_November_2019.pdf","D:/NICE_history/NG158","D:/NICE_history/NG158/Evidence_review_C_27_November_2019.pdf",TRUE,"downloaded",
"NG158","Original development on 26 March 2020","Evidence review D","27 November 2019","pdf","https://www.nice.org.uk/guidance/ng158/update/NG158/documents/evidence-review-4","Evidence_review_D","27_November_2019","pdf","Evidence_review_D_27_November_2019.pdf","D:/NICE_history/NG158","D:/NICE_history/NG158/Evidence_review_D_27_November_2019.pdf",TRUE,"downloaded",
"NG158","Original development on 26 March 2020","Evidence review E","27 November 2019","pdf","https://www.nice.org.uk/guidance/ng158/update/NG158/documents/evidence-review-5","Evidence_review_E","27_November_2019","pdf","Evidence_review_E_27_November_2019.pdf","D:/NICE_history/NG158","D:/NICE_history/NG158/Evidence_review_E_27_November_2019.pdf",TRUE,"downloaded",
"NG158","Original development on 26 March 2020","Evidence review F","27 November 2019","pdf","https://www.nice.org.uk/guidance/ng158/update/NG158/documents/evidence-review-6","Evidence_review_F","27_November_2019","pdf","Evidence_review_F_27_November_2019.pdf","D:/NICE_history/NG158","D:/NICE_history/NG158/Evidence_review_F_27_November_2019.pdf",TRUE,"downloaded",
"NG158","Original development on 26 March 2020","Evidence review G","27 November 2019","pdf","https://www.nice.org.uk/guidance/ng158/update/NG158/documents/evidence-review-7","Evidence_review_G","27_November_2019","pdf","Evidence_review_G_27_November_2019.pdf","D:/NICE_history/NG158","D:/NICE_history/NG158/Evidence_review_G_27_November_2019.pdf",TRUE,"downloaded",
"NG158","Original development on 26 March 2020","Evidence review H","27 November 2019","pdf","https://www.nice.org.uk/guidance/ng158/update/NG158/documents/evidence-review-8","Evidence_review_H","27_November_2019","pdf","Evidence_review_H_27_November_2019.pdf","D:/NICE_history/NG158","D:/NICE_history/NG158/Evidence_review_H_27_November_2019.pdf",TRUE,"downloaded",
"NG158","Original development on 26 March 2020","Draft guideline","28 November 2019","pdf","https://www.nice.org.uk/guidance/ng158/update/NG158/documents/draft-guideline-2","Draft_guideline","28_November_2019","pdf","Draft_guideline_28_November_2019.pdf","D:/NICE_history/NG158","D:/NICE_history/NG158/Draft_guideline_28_November_2019.pdf",TRUE,"downloaded",
"NG158","Original development on 26 March 2020","Minutes 5","29 October 2018","pdf","https://www.nice.org.uk/guidance/ng158/update/NG158/documents/minutes-12","Minutes_5","29_October_2018","pdf","Minutes_5_29_October_2018.pdf","D:/NICE_history/NG158","D:/NICE_history/NG158/Minutes_5_29_October_2018.pdf",TRUE,"downloaded",
"NG158","Original development on 26 March 2020","Comments form","30 January 2018","docx","https://www.nice.org.uk/guidance/ng158/update/NG158/documents/comments-form","Comments_form","30_January_2018","docx","Comments_form_30_January_2018.docx","D:/NICE_history/NG158","D:/NICE_history/NG158/Comments_form_30_January_2018.docx",TRUE,"downloaded",
"NG158","Original development on 26 March 2020","Draft scope","30 January 2018","pdf","https://www.nice.org.uk/guidance/ng158/update/NG158/documents/draft-scope","Draft_scope","30_January_2018","pdf","Draft_scope_30_January_2018.pdf","D:/NICE_history/NG158","D:/NICE_history/NG158/Draft_scope_30_January_2018.pdf",TRUE,"downloaded",
"NG158","Original development on 26 March 2020","Committee member list","30 March 2020","pdf","https://www.nice.org.uk/guidance/ng158/update/NG158/documents/committee-member-list-3","Committee_member_list","30_March_2020","pdf","Committee_member_list_30_March_2020.pdf","D:/NICE_history/NG158","D:/NICE_history/NG158/Committee_member_list_30_March_2020.pdf",TRUE,"downloaded",
"NG158","Original development on 26 March 2020","Minutes 3","31 July 2018","pdf","https://www.nice.org.uk/guidance/ng158/update/NG158/documents/minutes-10","Minutes_3","31_July_2018","pdf","Minutes_3_31_July_2018.pdf","D:/NICE_history/NG158","D:/NICE_history/NG158/Minutes_3_31_July_2018.pdf",TRUE,"downloaded",
"NG158","Pre-consultation documents released","Review questions","18 April 2023","pdf","https://www.nice.org.uk/guidance/ng158/update/ng158-update-1/documents/review-questions","Review_questions","18_April_2023","pdf","Review_questions_18_April_2023.pdf","D:/NICE_history/NG158","D:/NICE_history/NG158/Review_questions_18_April_2023.pdf",TRUE,"downloaded",
"NG158","Scope published","Final scope","09 February 2023","pdf","https://www.nice.org.uk/guidance/ng158/update/ng158-update-1/documents/final-scope-2","Final_scope","09_February_2023","pdf","Final_scope_09_February_2023.pdf","D:/NICE_history/NG158","D:/NICE_history/NG158/Final_scope_09_February_2023.pdf",TRUE,"downloaded",
"NG158","Stakeholder list updated","Stakeholder list","02 August 2023","pdf","https://www.nice.org.uk/guidance/ng158/update/ng158-update-1/documents/stakeholder-list","Stakeholder_list","02_August_2023","pdf","Stakeholder_list_02_August_2023.pdf","D:/NICE_history/NG158","D:/NICE_history/NG158/Stakeholder_list_02_August_2023.pdf",TRUE,"downloaded",
"NG180","Committee list updated","Committee member list","06 September 2018","pdf","https://www.nice.org.uk/guidance/ng180/documents/committee-member-list-2","Committee_member_list","06_September_2018","pdf","Committee_member_list_06_September_2018.pdf","D:/NICE_history/NG180","D:/NICE_history/NG180/Committee_member_list_06_September_2018.pdf",TRUE,"downloaded",
"NG180","Committee meetings","Minutes - GC14","05 February 2020","pdf","https://www.nice.org.uk/guidance/ng180/documents/minutes-3","Minutes_-_GC14","05_February_2020","pdf","Minutes_-_GC14_05_February_2020.pdf","D:/NICE_history/NG180","D:/NICE_history/NG180/Minutes_-_GC14_05_February_2020.pdf",TRUE,"downloaded",
"NG180","Committee meetings","Minutes - GC5","05 September 2018","pdf","https://www.nice.org.uk/guidance/ng180/documents/minutes-13","Minutes_-_GC5","05_September_2018","pdf","Minutes_-_GC5_05_September_2018.pdf","D:/NICE_history/NG180","D:/NICE_history/NG180/Minutes_-_GC5_05_September_2018.pdf",TRUE,"downloaded",
"NG180","Committee meetings","Minutes - GC3","07 June 2018","pdf","https://www.nice.org.uk/guidance/ng180/documents/minutes-11","Minutes_-_GC3","07_June_2018","pdf","Minutes_-_GC3_07_June_2018.pdf","D:/NICE_history/NG180","D:/NICE_history/NG180/Minutes_-_GC3_07_June_2018.pdf",TRUE,"downloaded",
"NG180","Committee meetings","Minutes - GC13","11 July 2019","pdf","https://www.nice.org.uk/guidance/ng180/documents/minutes-2","Minutes_-_GC13","11_July_2019","pdf","Minutes_-_GC13_11_July_2019.pdf","D:/NICE_history/NG180","D:/NICE_history/NG180/Minutes_-_GC13_11_July_2019.pdf",TRUE,"downloaded",
"NG180","Committee meetings","Minutes - GC9","13 March 2019","pdf","https://www.nice.org.uk/guidance/ng180/documents/minutes-17","Minutes_-_GC9","13_March_2019","pdf","Minutes_-_GC9_13_March_2019.pdf","D:/NICE_history/NG180","D:/NICE_history/NG180/Minutes_-_GC9_13_March_2019.pdf",TRUE,"downloaded",
"NG180","Committee meetings","Minutes - GC1","15 March 2018","pdf","https://www.nice.org.uk/guidance/ng180/documents/minutes-6","Minutes_-_GC1","15_March_2018","pdf","Minutes_-_GC1_15_March_2018.pdf","D:/NICE_history/NG180","D:/NICE_history/NG180/Minutes_-_GC1_15_March_2018.pdf",TRUE,"downloaded",
"NG180","Committee meetings","Minutes - GC2","18 April 2018","pdf","https://www.nice.org.uk/guidance/ng180/documents/minutes-10","Minutes_-_GC2","18_April_2018","pdf","Minutes_-_GC2_18_April_2018.pdf","D:/NICE_history/NG180","D:/NICE_history/NG180/Minutes_-_GC2_18_April_2018.pdf",TRUE,"downloaded",
"NG180","Committee meetings","Minutes - GC10","24 April 2019","pdf","https://www.nice.org.uk/guidance/ng180/documents/minutes-18","Minutes_-_GC10","24_April_2019","pdf","Minutes_-_GC10_24_April_2019.pdf","D:/NICE_history/NG180","D:/NICE_history/NG180/Minutes_-_GC10_24_April_2019.pdf",TRUE,"downloaded",
"NG180","Committee meetings","Minutes - GC11","25 April 2019","pdf","https://www.nice.org.uk/guidance/ng180/documents/minutes-19","Minutes_-_GC11","25_April_2019","pdf","Minutes_-_GC11_25_April_2019.pdf","D:/NICE_history/NG180","D:/NICE_history/NG180/Minutes_-_GC11_25_April_2019.pdf",TRUE,"downloaded",
"NG180","Committee meetings","Minutes - GC4","25 July 2018","pdf","https://www.nice.org.uk/guidance/ng180/documents/minutes-12","Minutes_-_GC4","25_July_2018","pdf","Minutes_-_GC4_25_July_2018.pdf","D:/NICE_history/NG180","D:/NICE_history/NG180/Minutes_-_GC4_25_July_2018.pdf",TRUE,"downloaded",
"NG180","Committee meetings","Minutes - GC6","25 October 2018","pdf","https://www.nice.org.uk/guidance/ng180/documents/minutes-14","Minutes_-_GC6","25_October_2018","pdf","Minutes_-_GC6_25_October_2018.pdf","D:/NICE_history/NG180","D:/NICE_history/NG180/Minutes_-_GC6_25_October_2018.pdf",TRUE,"downloaded",
"NG180","Committee meetings","Minutes - GC7","30 January 2019","pdf","https://www.nice.org.uk/guidance/ng180/documents/minutes-15","Minutes_-_GC7","30_January_2019","pdf","Minutes_-_GC7_30_January_2019.pdf","D:/NICE_history/NG180","D:/NICE_history/NG180/Minutes_-_GC7_30_January_2019.pdf",TRUE,"downloaded",
"NG180","Committee meetings","Minutes - GC12","30 May 2019","pdf","https://www.nice.org.uk/guidance/ng180/documents/minutes","Minutes_-_GC12","30_May_2019","pdf","Minutes_-_GC12_30_May_2019.pdf","D:/NICE_history/NG180","D:/NICE_history/NG180/Minutes_-_GC12_30_May_2019.pdf",TRUE,"downloaded",
"NG180","Committee meetings","Minutes - GC8","31 January 2019","pdf","https://www.nice.org.uk/guidance/ng180/documents/minutes-16","Minutes_-_GC8","31_January_2019","pdf","Minutes_-_GC8_31_January_2019.pdf","D:/NICE_history/NG180","D:/NICE_history/NG180/Minutes_-_GC8_31_January_2019.pdf",TRUE,"downloaded",
"NG180","Declaration of interests","Register of interests","01 August 2019","pdf","https://www.nice.org.uk/guidance/ng180/documents/register-of-interests-2","Register_of_interests","01_August_2019","pdf","Register_of_interests_01_August_2019.pdf","D:/NICE_history/NG180","D:/NICE_history/NG180/Register_of_interests_01_August_2019.pdf",TRUE,"downloaded",
"NG180","Draft guidance consultation","Addendum appendix - Cost-effectiveness analysis for cardiac output monitoring","06 December 2019","pdf","https://www.nice.org.uk/guidance/ng180/documents/addendum-appendix","Addendum_appendix_-_Cost-effectiveness_analysis_for_cardiac_output_monitoring","06_December_2019","pdf","Addendum_appendix_-_Cost-effectiveness_analysis_for_cardiac_output_monitoring_06_December_2019.pdf","D:/NICE_history/NG180","D:/NICE_history/NG180/Addendum_appendix_-_Cost-effectiveness_analysis_for_cardiac_output_monitoring_06_December_2019.pdf",TRUE,"downloaded",
"NG180","Draft guidance consultation","Comments form","06 December 2019","docx","https://www.nice.org.uk/guidance/ng180/documents/comments-form-3","Comments_form","06_December_2019","docx","Comments_form_06_December_2019.docx","D:/NICE_history/NG180","D:/NICE_history/NG180/Comments_form_06_December_2019.docx",TRUE,"downloaded",
"NG180","Draft guidance consultation","Committee member list","06 December 2019","pdf","https://www.nice.org.uk/guidance/ng180/documents/committee-member-list","Committee_member_list","06_December_2019","pdf","Committee_member_list_06_December_2019.pdf","D:/NICE_history/NG180","D:/NICE_history/NG180/Committee_member_list_06_December_2019.pdf",TRUE,"downloaded",
"NG180","Draft guidance consultation","Committee member list - Registration of interests","06 December 2019","pdf","https://www.nice.org.uk/guidance/ng180/documents/committee-member-list-3","Committee_member_list_-_Registration_of_interests","06_December_2019","pdf","Committee_member_list_-_Registration_of_interests_06_December_2019.pdf","D:/NICE_history/NG180","D:/NICE_history/NG180/Committee_member_list_-_Registration_of_interests_06_December_2019.pdf",TRUE,"downloaded",
"NG180","Draft guidance consultation","Evidence review A - Information and support","06 December 2019","pdf","https://www.nice.org.uk/guidance/ng180/documents/evidence-review","Evidence_review_A_-_Information_and_support","06_December_2019","pdf","Evidence_review_A_-_Information_and_support_06_December_2019.pdf","D:/NICE_history/NG180","D:/NICE_history/NG180/Evidence_review_A_-_Information_and_support_06_December_2019.pdf",TRUE,"downloaded",
"NG180","Draft guidance consultation","Evidence review B - Enhanced recovery","06 December 2019","pdf","https://www.nice.org.uk/guidance/ng180/documents/evidence-review-2","Evidence_review_B_-_Enhanced_recovery","06_December_2019","pdf","Evidence_review_B_-_Enhanced_recovery_06_December_2019.pdf","D:/NICE_history/NG180","D:/NICE_history/NG180/Evidence_review_B_-_Enhanced_recovery_06_December_2019.pdf",TRUE,"downloaded",
"NG180","Draft guidance consultation","Evidence review C - Risk tools","06 December 2019","pdf","https://www.nice.org.uk/guidance/ng180/documents/evidence-review-3","Evidence_review_C_-_Risk_tools","06_December_2019","pdf","Evidence_review_C_-_Risk_tools_06_December_2019.pdf","D:/NICE_history/NG180","D:/NICE_history/NG180/Evidence_review_C_-_Risk_tools_06_December_2019.pdf",TRUE,"downloaded",
"NG180","Draft guidance consultation","Evidence review D - Pre-op optimisation","06 December 2019","pdf","https://www.nice.org.uk/guidance/ng180/documents/evidence-review-4","Evidence_review_D_-_Pre-op_optimisation","06_December_2019","pdf","Evidence_review_D_-_Pre-op_optimisation_06_December_2019.pdf","D:/NICE_history/NG180","D:/NICE_history/NG180/Evidence_review_D_-_Pre-op_optimisation_06_December_2019.pdf",TRUE,"downloaded",
"NG180","Draft guidance consultation","Evidence review E - Management of anaemia","06 December 2019","pdf","https://www.nice.org.uk/guidance/ng180/documents/evidence-review-5","Evidence_review_E_-_Management_of_anaemia","06_December_2019","pdf","Evidence_review_E_-_Management_of_anaemia_06_December_2019.pdf","D:/NICE_history/NG180","D:/NICE_history/NG180/Evidence_review_E_-_Management_of_anaemia_06_December_2019.pdf",TRUE,"downloaded",
"NG180","Draft guidance consultation","Evidence review F - Anticoagulation management","06 December 2019","pdf","https://www.nice.org.uk/guidance/ng180/documents/evidence-review-15","Evidence_review_F_-_Anticoagulation_management","06_December_2019","pdf","Evidence_review_F_-_Anticoagulation_management_06_December_2019.pdf","D:/NICE_history/NG180","D:/NICE_history/NG180/Evidence_review_F_-_Anticoagulation_management_06_December_2019.pdf",TRUE,"downloaded",
"NG180","Draft guidance consultation","Evidence review G - Nutrition","06 December 2019","pdf","https://www.nice.org.uk/guidance/ng180/documents/evidence-review-6","Evidence_review_G_-_Nutrition","06_December_2019","pdf","Evidence_review_G_-_Nutrition_06_December_2019.pdf","D:/NICE_history/NG180","D:/NICE_history/NG180/Evidence_review_G_-_Nutrition_06_December_2019.pdf",TRUE,"downloaded",
"NG180","Draft guidance consultation","Evidence review H - Fasting","06 December 2019","pdf","https://www.nice.org.uk/guidance/ng180/documents/evidence-review-7","Evidence_review_H_-_Fasting","06_December_2019","pdf","Evidence_review_H_-_Fasting_06_December_2019.pdf","D:/NICE_history/NG180","D:/NICE_history/NG180/Evidence_review_H_-_Fasting_06_December_2019.pdf",TRUE,"downloaded",
"NG180","Draft guidance consultation","Evidence review I - IV fluids","06 December 2019","pdf","https://www.nice.org.uk/guidance/ng180/documents/evidence-review-8","Evidence_review_I_-_IV_fluids","06_December_2019","pdf","Evidence_review_I_-_IV_fluids_06_December_2019.pdf","D:/NICE_history/NG180","D:/NICE_history/NG180/Evidence_review_I_-_IV_fluids_06_December_2019.pdf",TRUE,"downloaded",
"NG180","Draft guidance consultation","Evidence review J - Cardiac monitoring","06 December 2019","pdf","https://www.nice.org.uk/guidance/ng180/documents/evidence-review-9","Evidence_review_J_-_Cardiac_monitoring","06_December_2019","pdf","Evidence_review_J_-_Cardiac_monitoring_06_December_2019.pdf","D:/NICE_history/NG180","D:/NICE_history/NG180/Evidence_review_J_-_Cardiac_monitoring_06_December_2019.pdf",TRUE,"downloaded",
"NG180","Draft guidance consultation","Evidence review K - Glucose","06 December 2019","pdf","https://www.nice.org.uk/guidance/ng180/documents/evidence-review-10","Evidence_review_K_-_Glucose","06_December_2019","pdf","Evidence_review_K_-_Glucose_06_December_2019.pdf","D:/NICE_history/NG180","D:/NICE_history/NG180/Evidence_review_K_-_Glucose_06_December_2019.pdf",TRUE,"downloaded",
"NG180","Draft guidance consultation","Evidence review L - Safety management systems","06 December 2019","pdf","https://www.nice.org.uk/guidance/ng180/documents/evidence-review-11","Evidence_review_L_-_Safety_management_systems","06_December_2019","pdf","Evidence_review_L_-_Safety_management_systems_06_December_2019.pdf","D:/NICE_history/NG180","D:/NICE_history/NG180/Evidence_review_L_-_Safety_management_systems_06_December_2019.pdf",TRUE,"downloaded",
"NG180","Draft guidance consultation","Evidence review M - Specialist recovery areas","06 December 2019","pdf","https://www.nice.org.uk/guidance/ng180/documents/evidence-review-12","Evidence_review_M_-_Specialist_recovery_areas","06_December_2019","pdf","Evidence_review_M_-_Specialist_recovery_areas_06_December_2019.pdf","D:/NICE_history/NG180","D:/NICE_history/NG180/Evidence_review_M_-_Specialist_recovery_areas_06_December_2019.pdf",TRUE,"downloaded",
"NG180","Draft guidance consultation","Evidence review N1 - Management of pain","06 December 2019","pdf","https://www.nice.org.uk/guidance/ng180/documents/evidence-review-13","Evidence_review_N1_-_Management_of_pain","06_December_2019","pdf","Evidence_review_N1_-_Management_of_pain_06_December_2019.pdf","D:/NICE_history/NG180","D:/NICE_history/NG180/Evidence_review_N1_-_Management_of_pain_06_December_2019.pdf",TRUE,"downloaded",
"NG180","Draft guidance consultation","Evidence review N2 - Management of pain appendices","06 December 2019","pdf","https://www.nice.org.uk/guidance/ng180/documents/evidence-review-14","Evidence_review_N2_-_Management_of_pain_appendices","06_December_2019","pdf","Evidence_review_N2_-_Management_of_pain_appendices_06_December_2019.pdf","D:/NICE_history/NG180","D:/NICE_history/NG180/Evidence_review_N2_-_Management_of_pain_appendices_06_December_2019.pdf",TRUE,"downloaded",
"NG180","Draft guidance consultation","Supporting documentation - Acknowledgements","06 December 2019","pdf","https://www.nice.org.uk/guidance/ng180/documents/supporting-documentation-2","Supporting_documentation_-_Acknowledgements","06_December_2019","pdf","Supporting_documentation_-_Acknowledgements_06_December_2019.pdf","D:/NICE_history/NG180","D:/NICE_history/NG180/Supporting_documentation_-_Acknowledgements_06_December_2019.pdf",TRUE,"downloaded",
"NG180","Draft guidance consultation","Supporting documentation - Methodology","06 December 2019","pdf","https://www.nice.org.uk/guidance/ng180/documents/supporting-documentation","Supporting_documentation_-_Methodology","06_December_2019","pdf","Supporting_documentation_-_Methodology_06_December_2019.pdf","D:/NICE_history/NG180","D:/NICE_history/NG180/Supporting_documentation_-_Methodology_06_December_2019.pdf",TRUE,"downloaded",
"NG180","Draft guidance consultation","Short version of draft guideline","09 December 2019","pdf","https://www.nice.org.uk/guidance/ng180/documents/short-version-of-draft-guideline-2","Short_version_of_draft_guideline","09_December_2019","pdf","Short_version_of_draft_guideline_09_December_2019.pdf","D:/NICE_history/NG180","D:/NICE_history/NG180/Short_version_of_draft_guideline_09_December_2019.pdf",TRUE,"downloaded",
"NG180","Draft guidance consultation","Equality impact assessment - Section 3","19 August 2020","pdf","https://www.nice.org.uk/guidance/ng180/documents/equality-impact-assessment-3","Equality_impact_assessment_-_Section_3","19_August_2020","pdf","Equality_impact_assessment_-_Section_3_19_August_2020.pdf","D:/NICE_history/NG180","D:/NICE_history/NG180/Equality_impact_assessment_-_Section_3_19_August_2020.pdf",TRUE,"downloaded",
"NG180","Draft scope consultation","Comments form","15 November 2017","docx","https://www.nice.org.uk/guidance/ng180/documents/comments-form","Comments_form","15_November_2017","docx","Comments_form_15_November_2017.docx","D:/NICE_history/NG180","D:/NICE_history/NG180/Comments_form_15_November_2017.docx",TRUE,"downloaded",
"NG180","Draft scope consultation","Draft scope","15 November 2017","pdf","https://www.nice.org.uk/guidance/ng180/documents/draft-scope","Draft_scope","15_November_2017","pdf","Draft_scope_15_November_2017.pdf","D:/NICE_history/NG180","D:/NICE_history/NG180/Draft_scope_15_November_2017.pdf",TRUE,"downloaded",
"NG180","Draft scope consultation","Equality impact assessment - Section 1","19 August 2020","pdf","https://www.nice.org.uk/guidance/ng180/documents/equality-impact-assessment","Equality_impact_assessment_-_Section_1","19_August_2020","pdf","Equality_impact_assessment_-_Section_1_19_August_2020.pdf","D:/NICE_history/NG180","D:/NICE_history/NG180/Equality_impact_assessment_-_Section_1_19_August_2020.pdf",TRUE,"downloaded",
"NG180","Equality and health inequalities assessment","Equality impact assessment 2","27 February 2018","pdf","https://www.nice.org.uk/guidance/ng180/documents/equality-impact-assessment-2","Equality_impact_assessment_2","27_February_2018","pdf","Equality_impact_assessment_2_27_February_2018.pdf","D:/NICE_history/NG180","D:/NICE_history/NG180/Equality_impact_assessment_2_27_February_2018.pdf",TRUE,"downloaded",
"NG180","Guidance published","Committee member list","19 August 2020","pdf","https://www.nice.org.uk/guidance/ng180/documents/committee-member-list-5","Committee_member_list","19_August_2020","pdf","Committee_member_list_19_August_2020.pdf","D:/NICE_history/NG180","D:/NICE_history/NG180/Committee_member_list_19_August_2020.pdf",TRUE,"downloaded",
"NG180","Guidance published","Committee member list - Declarations of Interest","19 August 2020","pdf","https://www.nice.org.uk/guidance/ng180/documents/committee-member-list-4","Committee_member_list_-_Declarations_of_Interest","19_August_2020","pdf","Committee_member_list_-_Declarations_of_Interest_19_August_2020.pdf","D:/NICE_history/NG180","D:/NICE_history/NG180/Committee_member_list_-_Declarations_of_Interest_19_August_2020.pdf",TRUE,"downloaded",
"NG180","Guidance published","Consultation comments and responses","19 August 2020","pdf","https://www.nice.org.uk/guidance/ng180/documents/consultation-comments-and-responses","Consultation_comments_and_responses","19_August_2020","pdf","Consultation_comments_and_responses_19_August_2020.pdf","D:/NICE_history/NG180","D:/NICE_history/NG180/Consultation_comments_and_responses_19_August_2020.pdf",FALSE,"failed","Transferred a partial file [www.nice.org.uk]:
transfer closed with outstanding read data remaining"
"NG180","Guidance published","Equality impact assessment - section 4","19 August 2020","pdf","https://www.nice.org.uk/guidance/ng180/documents/equality-impact-assessment-4","Equality_impact_assessment_-_section_4","19_August_2020","pdf","Equality_impact_assessment_-_section_4_19_August_2020.pdf","D:/NICE_history/NG180","D:/NICE_history/NG180/Equality_impact_assessment_-_section_4_19_August_2020.pdf",TRUE,"downloaded",
"NG180","Pre-consultation documents released","Economic plan","25 September 2019","pdf","https://www.nice.org.uk/guidance/ng180/documents/economic-plan","Economic_plan","25_September_2019","pdf","Economic_plan_25_September_2019.pdf","D:/NICE_history/NG180","D:/NICE_history/NG180/Economic_plan_25_September_2019.pdf",TRUE,"downloaded",
"NG180","Pre-consultation documents released","Review questions","25 September 2019","pdf","https://www.nice.org.uk/guidance/ng180/documents/review-questions","Review_questions","25_September_2019","pdf","Review_questions_25_September_2019.pdf","D:/NICE_history/NG180","D:/NICE_history/NG180/Review_questions_25_September_2019.pdf",TRUE,"downloaded",
"NG180","Pre-consultation documents released","Search strategies","25 September 2019","pdf","https://www.nice.org.uk/guidance/ng180/documents/search-strategies","Search_strategies","25_September_2019","pdf","Search_strategies_25_September_2019.pdf","D:/NICE_history/NG180","D:/NICE_history/NG180/Search_strategies_25_September_2019.pdf",TRUE,"downloaded",
"NG180","Scope published","Equality impact assessment - Section 2","19 August 2020","pdf","https://www.nice.org.uk/guidance/ng180/documents/equality-impact-assessment-5","Equality_impact_assessment_-_Section_2","19_August_2020","pdf","Equality_impact_assessment_-_Section_2_19_August_2020.pdf","D:/NICE_history/NG180","D:/NICE_history/NG180/Equality_impact_assessment_-_Section_2_19_August_2020.pdf",TRUE,"downloaded",
"NG180","Scope published","Consultation comments and responses","27 February 2018","pdf","https://www.nice.org.uk/guidance/ng180/documents/consultation-comments-and-responses-2","Consultation_comments_and_responses","27_February_2018","pdf","Consultation_comments_and_responses_27_February_2018.pdf","D:/NICE_history/NG180","D:/NICE_history/NG180/Consultation_comments_and_responses_27_February_2018.pdf",TRUE,"downloaded",
"NG180","Scope published","Final scope","27 February 2018","pdf","https://www.nice.org.uk/guidance/ng180/documents/final-scope","Final_scope","27_February_2018","pdf","Final_scope_27_February_2018.pdf","D:/NICE_history/NG180","D:/NICE_history/NG180/Final_scope_27_February_2018.pdf",TRUE,"downloaded",
"NG180","Scoping workshop","Workshop notes Group 1","15 November 2017","pdf","https://www.nice.org.uk/guidance/ng180/documents/workshop-notes","Workshop_notes_Group_1","15_November_2017","pdf","Workshop_notes_Group_1_15_November_2017.pdf","D:/NICE_history/NG180","D:/NICE_history/NG180/Workshop_notes_Group_1_15_November_2017.pdf",TRUE,"downloaded",
"NG180","Scoping workshop","Workshop notes Group 2","15 November 2017","pdf","https://www.nice.org.uk/guidance/ng180/documents/workshop-notes-2","Workshop_notes_Group_2","15_November_2017","pdf","Workshop_notes_Group_2_15_November_2017.pdf","D:/NICE_history/NG180","D:/NICE_history/NG180/Workshop_notes_Group_2_15_November_2017.pdf",TRUE,"downloaded",
"NG180","Stakeholder list updated","Stakeholder list","19 September 2019","pdf","https://www.nice.org.uk/guidance/ng180/documents/stakeholder-list-2","Stakeholder_list","19_September_2019","pdf","Stakeholder_list_19_September_2019.pdf","D:/NICE_history/NG180","D:/NICE_history/NG180/Stakeholder_list_19_September_2019.pdf",TRUE,"downloaded",
"NG185","Committee list updated","Committee member list","17 June 2020","pdf","https://www.nice.org.uk/guidance/ng185/documents/committee-member-list-5","Committee_member_list","17_June_2020","pdf","Committee_member_list_17_June_2020.pdf","D:/NICE_history/NG185","D:/NICE_history/NG185/Committee_member_list_17_June_2020.pdf",TRUE,"downloaded",
"NG185","Committee meetings","Minutes - GC3","13 September 2018","pdf","https://www.nice.org.uk/guidance/ng185/documents/minutes-3","Minutes_-_GC3","13_September_2018","pdf","Minutes_-_GC3_13_September_2018.pdf","D:/NICE_history/NG185","D:/NICE_history/NG185/Minutes_-_GC3_13_September_2018.pdf",TRUE,"downloaded",
"NG185","Committee meetings","Minutes - GC10","16 July 2019","pdf","https://www.nice.org.uk/guidance/ng185/documents/minutes-7","Minutes_-_GC10","16_July_2019","pdf","Minutes_-_GC10_16_July_2019.pdf","D:/NICE_history/NG185","D:/NICE_history/NG185/Minutes_-_GC10_16_July_2019.pdf",TRUE,"downloaded",
"NG185","Committee meetings","Minutes - GC9","18 June 2019","pdf","https://www.nice.org.uk/guidance/ng185/documents/minutes-6","Minutes_-_GC9","18_June_2019","pdf","Minutes_-_GC9_18_June_2019.pdf","D:/NICE_history/NG185","D:/NICE_history/NG185/Minutes_-_GC9_18_June_2019.pdf",TRUE,"downloaded",
"NG185","Committee meetings","Minutes - GC1","19 June 2018","pdf","https://www.nice.org.uk/guidance/ng185/documents/minutes","Minutes_-_GC1","19_June_2018","pdf","Minutes_-_GC1_19_June_2018.pdf","D:/NICE_history/NG185","D:/NICE_history/NG185/Minutes_-_GC1_19_June_2018.pdf",TRUE,"downloaded",
"NG185","Committee meetings","Minutes - GC11","19 September 2019","pdf","https://www.nice.org.uk/guidance/ng185/documents/minutes-8","Minutes_-_GC11","19_September_2019","pdf","Minutes_-_GC11_19_September_2019.pdf","D:/NICE_history/NG185","D:/NICE_history/NG185/Minutes_-_GC11_19_September_2019.pdf",TRUE,"downloaded",
"NG185","Committee meetings","Minutes - GC5","24 January 2019","pdf","https://www.nice.org.uk/guidance/ng185/documents/minutes-10","Minutes_-_GC5","24_January_2019","pdf","Minutes_-_GC5_24_January_2019.pdf","D:/NICE_history/NG185","D:/NICE_history/NG185/Minutes_-_GC5_24_January_2019.pdf",TRUE,"downloaded",
"NG185","Committee meetings","Minutes - GC2","24 July 2018","pdf","https://www.nice.org.uk/guidance/ng185/documents/minutes-2","Minutes_-_GC2","24_July_2018","pdf","Minutes_-_GC2_24_July_2018.pdf","D:/NICE_history/NG185","D:/NICE_history/NG185/Minutes_-_GC2_24_July_2018.pdf",TRUE,"downloaded",
"NG185","Committee meetings","Minutes - GC4","24 October 2018","pdf","https://www.nice.org.uk/guidance/ng185/documents/minutes-4","Minutes_-_GC4","24_October_2018","pdf","Minutes_-_GC4_24_October_2018.pdf","D:/NICE_history/NG185","D:/NICE_history/NG185/Minutes_-_GC4_24_October_2018.pdf",TRUE,"downloaded",
"NG185","Committee meetings","Minutes - GC6","26 March 2019","pdf","https://www.nice.org.uk/guidance/ng185/documents/minutes-11","Minutes_-_GC6","26_March_2019","pdf","Minutes_-_GC6_26_March_2019.pdf","D:/NICE_history/NG185","D:/NICE_history/NG185/Minutes_-_GC6_26_March_2019.pdf",TRUE,"downloaded",
"NG185","Committee meetings","Minutes - GC7","27 March 2019","pdf","https://www.nice.org.uk/guidance/ng185/documents/minutes-12","Minutes_-_GC7","27_March_2019","pdf","Minutes_-_GC7_27_March_2019.pdf","D:/NICE_history/NG185","D:/NICE_history/NG185/Minutes_-_GC7_27_March_2019.pdf",TRUE,"downloaded",
"NG185","Committee meetings","Minutes - GC8","30 April 2019","pdf","https://www.nice.org.uk/guidance/ng185/documents/minutes-5","Minutes_-_GC8","30_April_2019","pdf","Minutes_-_GC8_30_April_2019.pdf","D:/NICE_history/NG185","D:/NICE_history/NG185/Minutes_-_GC8_30_April_2019.pdf",TRUE,"downloaded",
"NG185","Declaration of interests","Register of interests","18 November 2020","pdf","https://www.nice.org.uk/guidance/ng185/documents/register-of-interests-2","Register_of_interests","18_November_2020","pdf","Register_of_interests_18_November_2020.pdf","D:/NICE_history/NG185","D:/NICE_history/NG185/Register_of_interests_18_November_2020.pdf",TRUE,"downloaded",
"NG185","Draft guidance consultation","Addendum appendicies - Acknowledgements","17 June 2020","pdf","https://www.nice.org.uk/guidance/ng185/documents/addendum-appendicies-8","Addendum_appendicies_-_Acknowledgements","17_June_2020","pdf","Addendum_appendicies_-_Acknowledgements_17_June_2020.pdf","D:/NICE_history/NG185","D:/NICE_history/NG185/Addendum_appendicies_-_Acknowledgements_17_June_2020.pdf",TRUE,"downloaded",
"NG185","Draft guidance consultation","Addendum appendicies - Antipletelet NMA write-up","17 June 2020","pdf","https://www.nice.org.uk/guidance/ng185/documents/addendum-appendicies-12","Addendum_appendicies_-_Antipletelet_NMA_write-up","17_June_2020","pdf","Addendum_appendicies_-_Antipletelet_NMA_write-up_17_June_2020.pdf","D:/NICE_history/NG185","D:/NICE_history/NG185/Addendum_appendicies_-_Antipletelet_NMA_write-up_17_June_2020.pdf",TRUE,"downloaded",
"NG185","Draft guidance consultation","Addendum appendicies - Methodology","17 June 2020","pdf","https://www.nice.org.uk/guidance/ng185/documents/addendum-appendicies","Addendum_appendicies_-_Methodology","17_June_2020","pdf","Addendum_appendicies_-_Methodology_17_June_2020.pdf","D:/NICE_history/NG185","D:/NICE_history/NG185/Addendum_appendicies_-_Methodology_17_June_2020.pdf",FALSE,"failed","Transferred a partial file [www.nice.org.uk]:
transfer closed with outstanding read data remaining"
"NG185","Draft guidance consultation","Addendum appendicies - Recommendations signposting","17 June 2020","pdf","https://www.nice.org.uk/guidance/ng185/documents/addendum-appendicies-13","Addendum_appendicies_-_Recommendations_signposting","17_June_2020","pdf","Addendum_appendicies_-_Recommendations_signposting_17_June_2020.pdf","D:/NICE_history/NG185","D:/NICE_history/NG185/Addendum_appendicies_-_Recommendations_signposting_17_June_2020.pdf",FALSE,"failed","Transferred a partial file [www.nice.org.uk]:
transfer closed with outstanding read data remaining"
"NG185","Draft guidance consultation","Addendum appendicies - Secondary prevention in primary and secondary care for patients following a myocardial infarction (CG172)","17 June 2020","pdf","https://www.nice.org.uk/guidance/ng185/documents/addendum-appendicies-11","Addendum_appendicies_-_Secondary_prevention_in_primary_and_secondary_care_for_patients_following_a_myocardial_infarction_(CG172)","17_June_2020","pdf","Addendum_appendicies_-_Secondary_prevention_in_primary_and_secondary_care_for_patients_following_a_myocardial_infarction_(CG172)_17_June_2020.pdf","D:/NICE_history/NG185","D:/NICE_history/NG185/Addendum_appendicies_-_Secondary_prevention_in_primary_and_secondary_care_for_patients_following_a_myocardial_infarction_(CG172)_17_June_2020.pdf",FALSE,"failed","HTTP status: 503"
"NG185","Draft guidance consultation","Addendum appendicies - Table on early invasive angiography","17 June 2020","pdf","https://www.nice.org.uk/guidance/ng185/documents/addendum-appendicies-14","Addendum_appendicies_-_Table_on_early_invasive_angiography","17_June_2020","pdf","Addendum_appendicies_-_Table_on_early_invasive_angiography_17_June_2020.pdf","D:/NICE_history/NG185","D:/NICE_history/NG185/Addendum_appendicies_-_Table_on_early_invasive_angiography_17_June_2020.pdf",FALSE,"failed","HTTP status: 503"
"NG185","Draft guidance consultation","Addendum appendicies - The acute management of myocardial infarction with ST-segment elevation (CG167)","17 June 2020","pdf","https://www.nice.org.uk/guidance/ng185/documents/addendum-appendicies-10","Addendum_appendicies_-_The_acute_management_of_myocardial_infarction_with_ST-segment_elevation_(CG167)","17_June_2020","pdf","Addendum_appendicies_-_The_acute_management_of_myocardial_infarction_with_ST-segment_elevation_(CG167)_17_June_2020.pdf","D:/NICE_history/NG185","D:/NICE_history/NG185/Addendum_appendicies_-_The_acute_management_of_myocardial_infarction_with_ST-segment_elevation_(CG167)_17_June_2020.pdf",FALSE,"failed","HTTP status: 503"
"NG185","Draft guidance consultation","Addendum appendicies - Unstable Angina and NSTEMI guideline (CG94)","17 June 2020","pdf","https://www.nice.org.uk/guidance/ng185/documents/addendum-appendicies-9","Addendum_appendicies_-_Unstable_Angina_and_NSTEMI_guideline_(CG94)","17_June_2020","pdf","Addendum_appendicies_-_Unstable_Angina_and_NSTEMI_guideline_(CG94)_17_June_2020.pdf","D:/NICE_history/NG185","D:/NICE_history/NG185/Addendum_appendicies_-_Unstable_Angina_and_NSTEMI_guideline_(CG94)_17_June_2020.pdf",TRUE,"downloaded",
"NG185","Draft guidance consultation","Comments form","17 June 2020","docx","https://www.nice.org.uk/guidance/ng185/documents/comments-form-3","Comments_form","17_June_2020","docx","Comments_form_17_June_2020.docx","D:/NICE_history/NG185","D:/NICE_history/NG185/Comments_form_17_June_2020.docx",TRUE,"downloaded",
"NG185","Draft guidance consultation","Committee member list","17 June 2020","pdf","https://www.nice.org.uk/guidance/ng185/documents/committee-member-list-3","Committee_member_list","17_June_2020","pdf","Committee_member_list_17_June_2020_2.pdf","D:/NICE_history/NG185","D:/NICE_history/NG185/Committee_member_list_17_June_2020_2.pdf",TRUE,"downloaded",
"NG185","Draft guidance consultation","Committee member list - Declarations of interest","17 June 2020","pdf","https://www.nice.org.uk/guidance/ng185/documents/committee-member-list-4","Committee_member_list_-_Declarations_of_interest","17_June_2020","pdf","Committee_member_list_-_Declarations_of_interest_17_June_2020.pdf","D:/NICE_history/NG185","D:/NICE_history/NG185/Committee_member_list_-_Declarations_of_interest_17_June_2020.pdf",TRUE,"downloaded",
"NG185","Draft guidance consultation","Equality impact assessment","17 June 2020","pdf","https://www.nice.org.uk/guidance/ng185/documents/737-3","Equality_impact_assessment","17_June_2020","pdf","Equality_impact_assessment_17_June_2020.pdf","D:/NICE_history/NG185","D:/NICE_history/NG185/Equality_impact_assessment_17_June_2020.pdf",TRUE,"downloaded",
"NG185","Draft guidance consultation","Evidence review A - Antiplatelet therapy","17 June 2020","pdf","https://www.nice.org.uk/guidance/ng185/documents/evidence-review","Evidence_review_A_-_Antiplatelet_therapy","17_June_2020","pdf","Evidence_review_A_-_Antiplatelet_therapy_17_June_2020.pdf","D:/NICE_history/NG185","D:/NICE_history/NG185/Evidence_review_A_-_Antiplatelet_therapy_17_June_2020.pdf",TRUE,"downloaded",
"NG185","Draft guidance consultation","Evidence review B - Early invasive vs conservative","17 June 2020","pdf","https://www.nice.org.uk/guidance/ng185/documents/evidence-review-2","Evidence_review_B_-_Early_invasive_vs_conservative","17_June_2020","pdf","Evidence_review_B_-_Early_invasive_vs_conservative_17_June_2020.pdf","D:/NICE_history/NG185","D:/NICE_history/NG185/Evidence_review_B_-_Early_invasive_vs_conservative_17_June_2020.pdf",TRUE,"downloaded",
"NG185","Draft guidance consultation","Evidence review C - Antithrombin","17 June 2020","pdf","https://www.nice.org.uk/guidance/ng185/documents/evidence-review-3","Evidence_review_C_-_Antithrombin","17_June_2020","pdf","Evidence_review_C_-_Antithrombin_17_June_2020.pdf","D:/NICE_history/NG185","D:/NICE_history/NG185/Evidence_review_C_-_Antithrombin_17_June_2020.pdf",TRUE,"downloaded",
"NG185","Draft guidance consultation","Evidence review D - Bivalirudin","17 June 2020","pdf","https://www.nice.org.uk/guidance/ng185/documents/evidence-review-4","Evidence_review_D_-_Bivalirudin","17_June_2020","pdf","Evidence_review_D_-_Bivalirudin_17_June_2020.pdf","D:/NICE_history/NG185","D:/NICE_history/NG185/Evidence_review_D_-_Bivalirudin_17_June_2020.pdf",TRUE,"downloaded",
"NG185","Draft guidance consultation","Evidence review E - Multi or culprit vessel","17 June 2020","pdf","https://www.nice.org.uk/guidance/ng185/documents/evidence-review-5","Evidence_review_E_-_Multi_or_culprit_vessel","17_June_2020","pdf","Evidence_review_E_-_Multi_or_culprit_vessel_17_June_2020.pdf","D:/NICE_history/NG185","D:/NICE_history/NG185/Evidence_review_E_-_Multi_or_culprit_vessel_17_June_2020.pdf",TRUE,"downloaded",
"NG185","Draft guidance consultation","Evidence review F - Stents","17 June 2020","pdf","https://www.nice.org.uk/guidance/ng185/documents/evidence-review-6","Evidence_review_F_-_Stents","17_June_2020","pdf","Evidence_review_F_-_Stents_17_June_2020.pdf","D:/NICE_history/NG185","D:/NICE_history/NG185/Evidence_review_F_-_Stents_17_June_2020.pdf",TRUE,"downloaded",
"NG185","Draft guidance consultation","Evidence review G - Combination therapy","17 June 2020","pdf","https://www.nice.org.uk/guidance/ng185/documents/evidence-review-7","Evidence_review_G_-_Combination_therapy","17_June_2020","pdf","Evidence_review_G_-_Combination_therapy_17_June_2020.pdf","D:/NICE_history/NG185","D:/NICE_history/NG185/Evidence_review_G_-_Combination_therapy_17_June_2020.pdf",TRUE,"downloaded",
"NG185","Draft guidance consultation","Evidence review H - Betablockers","17 June 2020","pdf","https://www.nice.org.uk/guidance/ng185/documents/evidence-review-8","Evidence_review_H_-_Betablockers","17_June_2020","pdf","Evidence_review_H_-_Betablockers_17_June_2020.pdf","D:/NICE_history/NG185","D:/NICE_history/NG185/Evidence_review_H_-_Betablockers_17_June_2020.pdf",FALSE,"failed","Transferred a partial file [www.nice.org.uk]:
transfer closed with outstanding read data remaining"
"NG185","Draft guidance consultation","Health economic analysis","17 June 2020","pdf","https://www.nice.org.uk/guidance/ng185/documents/health-economic-analysis","Health_economic_analysis","17_June_2020","pdf","Health_economic_analysis_17_June_2020.pdf","D:/NICE_history/NG185","D:/NICE_history/NG185/Health_economic_analysis_17_June_2020.pdf",TRUE,"downloaded",
"NG185","Draft guidance consultation","Short version of draft guideline","17 June 2020","pdf","https://www.nice.org.uk/guidance/ng185/documents/short-version-of-draft-guideline","Short_version_of_draft_guideline","17_June_2020","pdf","Short_version_of_draft_guideline_17_June_2020.pdf","D:/NICE_history/NG185","D:/NICE_history/NG185/Short_version_of_draft_guideline_17_June_2020.pdf",TRUE,"downloaded",
"NG185","Draft scope consultation","Comments form","19 February 2018","docx","https://www.nice.org.uk/guidance/ng185/documents/comments-form","Comments_form","19_February_2018","docx","Comments_form_19_February_2018.docx","D:/NICE_history/NG185","D:/NICE_history/NG185/Comments_form_19_February_2018.docx",TRUE,"downloaded",
"NG185","Draft scope consultation","Draft scope","19 February 2018","pdf","https://www.nice.org.uk/guidance/ng185/documents/draft-scope","Draft_scope","19_February_2018","pdf","Draft_scope_19_February_2018.pdf","D:/NICE_history/NG185","D:/NICE_history/NG185/Draft_scope_19_February_2018.pdf",TRUE,"downloaded",
"NG185","Draft scope consultation","Equality impact assessment 1","19 February 2018","pdf","https://www.nice.org.uk/guidance/ng185/documents/737-2","Equality_impact_assessment_1","19_February_2018","pdf","Equality_impact_assessment_1_19_February_2018.pdf","D:/NICE_history/NG185","D:/NICE_history/NG185/Equality_impact_assessment_1_19_February_2018.pdf",TRUE,"downloaded",
"NG185","Draft scope consultation","Stakeholder list","19 February 2018","pdf","https://www.nice.org.uk/guidance/ng185/documents/stakeholder-list","Stakeholder_list","19_February_2018","pdf","Stakeholder_list_19_February_2018.pdf","D:/NICE_history/NG185","D:/NICE_history/NG185/Stakeholder_list_19_February_2018.pdf",TRUE,"downloaded",
"NG185","Guidance published","Committee member list","18 November 2020","pdf","https://www.nice.org.uk/guidance/ng185/documents/committee-member-list-2","Committee_member_list","18_November_2020","pdf","Committee_member_list_18_November_2020.pdf","D:/NICE_history/NG185","D:/NICE_history/NG185/Committee_member_list_18_November_2020.pdf",TRUE,"downloaded",
"NG185","Guidance published","Consultation comments and responses","18 November 2020","pdf","https://www.nice.org.uk/guidance/ng185/documents/consultation-comments-and-responses-2","Consultation_comments_and_responses","18_November_2020","pdf","Consultation_comments_and_responses_18_November_2020.pdf","D:/NICE_history/NG185","D:/NICE_history/NG185/Consultation_comments_and_responses_18_November_2020.pdf",TRUE,"downloaded",
"NG185","Guidance published","Equality impact assessment 4","18 November 2020","pdf","https://www.nice.org.uk/guidance/ng185/documents/737","Equality_impact_assessment_4","18_November_2020","pdf","Equality_impact_assessment_4_18_November_2020.pdf","D:/NICE_history/NG185","D:/NICE_history/NG185/Equality_impact_assessment_4_18_November_2020.pdf",TRUE,"downloaded",
"NG185","Pre-consultation documents released","Economic plan","10 December 2019","pdf","https://www.nice.org.uk/guidance/ng185/documents/economic-plan","Economic_plan","10_December_2019","pdf","Economic_plan_10_December_2019.pdf","D:/NICE_history/NG185","D:/NICE_history/NG185/Economic_plan_10_December_2019.pdf",TRUE,"downloaded",
"NG185","Pre-consultation documents released","Review questions","10 December 2019","pdf","https://www.nice.org.uk/guidance/ng185/documents/review-questions","Review_questions","10_December_2019","pdf","Review_questions_10_December_2019.pdf","D:/NICE_history/NG185","D:/NICE_history/NG185/Review_questions_10_December_2019.pdf",TRUE,"downloaded",
"NG185","Pre-consultation documents released","Search strategies","10 December 2019","pdf","https://www.nice.org.uk/guidance/ng185/documents/search-strategies","Search_strategies","10_December_2019","pdf","Search_strategies_10_December_2019.pdf","D:/NICE_history/NG185","D:/NICE_history/NG185/Search_strategies_10_December_2019.pdf",TRUE,"downloaded",
"NG185","Scope published","Committee member list","23 May 2018","pdf","https://www.nice.org.uk/guidance/ng185/documents/committee-member-list","Committee_member_list","23_May_2018","pdf","Committee_member_list_23_May_2018.pdf","D:/NICE_history/NG185","D:/NICE_history/NG185/Committee_member_list_23_May_2018.pdf",TRUE,"downloaded",
"NG185","Scope published","Consultation comments and responses","23 May 2018","pdf","https://www.nice.org.uk/guidance/ng185/documents/consultation-comments-and-responses","Consultation_comments_and_responses","23_May_2018","pdf","Consultation_comments_and_responses_23_May_2018.pdf","D:/NICE_history/NG185","D:/NICE_history/NG185/Consultation_comments_and_responses_23_May_2018.pdf",TRUE,"downloaded",
"NG185","Scope published","Equality and health inequalities assessment (Downloadable version) 2","23 May 2018","pdf","https://www.nice.org.uk/guidance/ng185/documents/equality-and-health-inequalities","Equality_and_health_inequalities_assessment_(Downloadable_version)_2","23_May_2018","pdf","Equality_and_health_inequalities_assessment_(Downloadable_version)_2_23_May_2018.pdf","D:/NICE_history/NG185","D:/NICE_history/NG185/Equality_and_health_inequalities_assessment_(Downloadable_version)_2_23_May_2018.pdf",TRUE,"downloaded",
"NG185","Scope published","Final scope","23 May 2018","pdf","https://www.nice.org.uk/guidance/ng185/documents/final-scope","Final_scope","23_May_2018","pdf","Final_scope_23_May_2018.pdf","D:/NICE_history/NG185","D:/NICE_history/NG185/Final_scope_23_May_2018.pdf",TRUE,"downloaded",
"NG185","Stakeholder list updated","Stakeholder list","18 November 2020","pdf","https://www.nice.org.uk/guidance/ng185/documents/stakeholder-list-3","Stakeholder_list","18_November_2020","pdf","Stakeholder_list_18_November_2020.pdf","D:/NICE_history/NG185","D:/NICE_history/NG185/Stakeholder_list_18_November_2020.pdf",TRUE,"downloaded",
"NG191","Declaration of interests","Register of interests","03 August 2022","pdf","https://www.nice.org.uk/guidance/ng191/documents/register-of-interests-2","Register_of_interests","03_August_2022","pdf","Register_of_interests_03_August_2022.pdf","D:/NICE_history/NG191","D:/NICE_history/NG191/Register_of_interests_03_August_2022.pdf",TRUE,"downloaded",
"NG191","Document finalisation","Review questions Reducing the risk of venous thromboembolism in over 16s with COVID-19 RQ1","20 November 2020","pdf","https://www.nice.org.uk/guidance/ng191/documents/review-questions","Review_questions_Reducing_the_risk_of_venous_thromboembolism_in_over_16s_with_COVID-19_RQ1","20_November_2020","pdf","Review_questions_Reducing_the_risk_of_venous_thromboembolism_in_over_16s_with_COVID-19_RQ1_20_November_2020.pdf","D:/NICE_history/NG191","D:/NICE_history/NG191/Review_questions_Reducing_the_risk_of_venous_thromboembolism_in_over_16s_with_COVID-19_RQ1_20_November_2020.pdf",TRUE,"downloaded",
"NG191","Document finalisation","Review questions Reducing the risk of venous thromboembolism in over 16s with COVID-19 RQ2","20 November 2020","pdf","https://www.nice.org.uk/guidance/ng191/documents/review-questions-2","Review_questions_Reducing_the_risk_of_venous_thromboembolism_in_over_16s_with_COVID-19_RQ2","20_November_2020","pdf","Review_questions_Reducing_the_risk_of_venous_thromboembolism_in_over_16s_with_COVID-19_RQ2_20_November_2020.pdf","D:/NICE_history/NG191","D:/NICE_history/NG191/Review_questions_Reducing_the_risk_of_venous_thromboembolism_in_over_16s_with_COVID-19_RQ2_20_November_2020.pdf",TRUE,"downloaded",
"NG191","Document finalisation","Search strategies Reducing the risk of venous thromboembolism in over 16s with COVID-19","20 November 2020","pdf","https://www.nice.org.uk/guidance/ng191/documents/search-strategies","Search_strategies_Reducing_the_risk_of_venous_thromboembolism_in_over_16s_with_COVID-19","20_November_2020","pdf","Search_strategies_Reducing_the_risk_of_venous_thromboembolism_in_over_16s_with_COVID-19_20_November_2020.pdf","D:/NICE_history/NG191","D:/NICE_history/NG191/Search_strategies_Reducing_the_risk_of_venous_thromboembolism_in_over_16s_with_COVID-19_20_November_2020.pdf",TRUE,"downloaded",
"NG191","Equality and health inequalities","Equality and health inequalities assessment (Downloadable version)","30 November 2023","pdf","https://www.nice.org.uk/guidance/ng191/documents/equality-and-health-inequalities","Equality_and_health_inequalities_assessment_(Downloadable_version)","30_November_2023","pdf","Equality_and_health_inequalities_assessment_(Downloadable_version)_30_November_2023.pdf","D:/NICE_history/NG191","D:/NICE_history/NG191/Equality_and_health_inequalities_assessment_(Downloadable_version)_30_November_2023.pdf",TRUE,"downloaded",
"NG191","Final scope","Final scope","23 March 2021","pdf","https://www.nice.org.uk/guidance/ng191/documents/final-scope","Final_scope","23_March_2021","pdf","Final_scope_23_March_2021.pdf","D:/NICE_history/NG191","D:/NICE_history/NG191/Final_scope_23_March_2021.pdf",TRUE,"downloaded",
"NG191","Guidance published","Supporting documentation Peer review thematic summary - baricitinib","06 May 2022","pdf","https://www.nice.org.uk/guidance/ng191/documents/supporting-documentation-5","Supporting_documentation_Peer_review_thematic_summary_-_baricitinib","06_May_2022","pdf","Supporting_documentation_Peer_review_thematic_summary_-_baricitinib_06_May_2022.pdf","D:/NICE_history/NG191","D:/NICE_history/NG191/Supporting_documentation_Peer_review_thematic_summary_-_baricitinib_06_May_2022.pdf",TRUE,"downloaded",
"NG191","Guidance published","Supporting documentation Peer review thematic summary - prone positioning and non-invasive respiratory support","10 March 2022","pdf","https://www.nice.org.uk/guidance/ng191/documents/supporting-documentation-3","Supporting_documentation_Peer_review_thematic_summary_-_prone_positioning_and_non-invasive_respiratory_support","10_March_2022","pdf","Supporting_documentation_Peer_review_thematic_summary_-_prone_positioning_and_non-invasive_respiratory_support_10_March_2022.pdf","D:/NICE_history/NG191","D:/NICE_history/NG191/Supporting_documentation_Peer_review_thematic_summary_-_prone_positioning_and_non-invasive_respiratory_support_10_March_2022.pdf",TRUE,"downloaded",
"NG191","Guidance published","Supporting documentation peer review thematic summary - nirmatrelvir and ritonavir (Paxlovid)","14 April 2022","pdf","https://www.nice.org.uk/guidance/ng191/documents/supporting-documentation-4","Supporting_documentation_peer_review_thematic_summary_-_nirmatrelvir_and_ritonavir_(Paxlovid)","14_April_2022","pdf","Supporting_documentation_peer_review_thematic_summary_-_nirmatrelvir_and_ritonavir_(Paxlovid)_14_April_2022.pdf","D:/NICE_history/NG191","D:/NICE_history/NG191/Supporting_documentation_peer_review_thematic_summary_-_nirmatrelvir_and_ritonavir_(Paxlovid)_14_April_2022.pdf",TRUE,"downloaded",
"NG191","Guidance published","Supporting documentation Peer review thematic summary - Remdesivir update","14 July 2022","pdf","https://www.nice.org.uk/guidance/ng191/documents/supporting-documentation-7","Supporting_documentation_Peer_review_thematic_summary_-_Remdesivir_update","14_July_2022","pdf","Supporting_documentation_Peer_review_thematic_summary_-_Remdesivir_update_14_July_2022.pdf","D:/NICE_history/NG191","D:/NICE_history/NG191/Supporting_documentation_Peer_review_thematic_summary_-_Remdesivir_update_14_July_2022.pdf",TRUE,"downloaded",
"NG191","Guidance published","Supporting documentation Peer review thematic summary - Vitamin D","14 July 2022","pdf","https://www.nice.org.uk/guidance/ng191/documents/supporting-documentation-8","Supporting_documentation_Peer_review_thematic_summary_-_Vitamin_D","14_July_2022","pdf","Supporting_documentation_Peer_review_thematic_summary_-_Vitamin_D_14_July_2022.pdf","D:/NICE_history/NG191","D:/NICE_history/NG191/Supporting_documentation_Peer_review_thematic_summary_-_Vitamin_D_14_July_2022.pdf",TRUE,"downloaded",
"NG191","Guidance published","Supporting documentation Peer review thematic summary - ivermectin update","15 June 2022","pdf","https://www.nice.org.uk/guidance/ng191/documents/supporting-documentation-6","Supporting_documentation_Peer_review_thematic_summary_-_ivermectin_update","15_June_2022","pdf","Supporting_documentation_Peer_review_thematic_summary_-_ivermectin_update_15_June_2022.pdf","D:/NICE_history/NG191","D:/NICE_history/NG191/Supporting_documentation_Peer_review_thematic_summary_-_ivermectin_update_15_June_2022.pdf",TRUE,"downloaded",
"NG191","Guidance published","Supporting documentation Peer review thematic summary - CAPA","21 December 2021","pdf","https://www.nice.org.uk/guidance/ng191/documents/supporting-documentation-22","Supporting_documentation_Peer_review_thematic_summary_-_CAPA","21_December_2021","pdf","Supporting_documentation_Peer_review_thematic_summary_-_CAPA_21_December_2021.pdf","D:/NICE_history/NG191","D:/NICE_history/NG191/Supporting_documentation_Peer_review_thematic_summary_-_CAPA_21_December_2021.pdf",TRUE,"downloaded",
"NG191","Guidance published","Supporting documentation Peer review thematic summary - Colchicine","21 December 2021","pdf","https://www.nice.org.uk/guidance/ng191/documents/supporting-documentation-12","Supporting_documentation_Peer_review_thematic_summary_-_Colchicine","21_December_2021","pdf","Supporting_documentation_Peer_review_thematic_summary_-_Colchicine_21_December_2021.pdf","D:/NICE_history/NG191","D:/NICE_history/NG191/Supporting_documentation_Peer_review_thematic_summary_-_Colchicine_21_December_2021.pdf",TRUE,"downloaded",
"NG191","Guidance published","Supporting documentation Peer review thematic summary - azithromycin","21 December 2021","pdf","https://www.nice.org.uk/guidance/ng191/documents/supporting-documentation-14","Supporting_documentation_Peer_review_thematic_summary_-_azithromycin","21_December_2021","pdf","Supporting_documentation_Peer_review_thematic_summary_-_azithromycin_21_December_2021.pdf","D:/NICE_history/NG191","D:/NICE_history/NG191/Supporting_documentation_Peer_review_thematic_summary_-_azithromycin_21_December_2021.pdf",TRUE,"downloaded",
"NG191","Guidance published","Supporting documentation Peer review thematic summary - budesonide (inhaled)","21 December 2021","pdf","https://www.nice.org.uk/guidance/ng191/documents/supporting-documentation-20","Supporting_documentation_Peer_review_thematic_summary_-_budesonide_(inhaled)","21_December_2021","pdf","Supporting_documentation_Peer_review_thematic_summary_-_budesonide_(inhaled)_21_December_2021.pdf","D:/NICE_history/NG191","D:/NICE_history/NG191/Supporting_documentation_Peer_review_thematic_summary_-_budesonide_(inhaled)_21_December_2021.pdf",TRUE,"downloaded",
"NG191","Guidance published","Supporting documentation Peer review thematic summary - casirivimad & imdevimab (hospitalised)","21 December 2021","pdf","https://www.nice.org.uk/guidance/ng191/documents/supporting-documentation-18","Supporting_documentation_Peer_review_thematic_summary_-_casirivimad_&_imdevimab_(hospitalised)","21_December_2021","pdf","Supporting_documentation_Peer_review_thematic_summary_-_casirivimad_&_imdevimab_(hospitalised)_21_December_2021.pdf","D:/NICE_history/NG191","D:/NICE_history/NG191/Supporting_documentation_Peer_review_thematic_summary_-_casirivimad_&_imdevimab_(hospitalised)_21_December_2021.pdf",TRUE,"downloaded",
"NG191","Guidance published","Supporting documentation Peer review thematic summary - doxycycline","21 December 2021","pdf","https://www.nice.org.uk/guidance/ng191/documents/supporting-documentation-15","Supporting_documentation_Peer_review_thematic_summary_-_doxycycline","21_December_2021","pdf","Supporting_documentation_Peer_review_thematic_summary_-_doxycycline_21_December_2021.pdf","D:/NICE_history/NG191","D:/NICE_history/NG191/Supporting_documentation_Peer_review_thematic_summary_-_doxycycline_21_December_2021.pdf",TRUE,"downloaded",
"NG191","Guidance published","Supporting documentation Peer review thematic summary - heparins","21 December 2021","pdf","https://www.nice.org.uk/guidance/ng191/documents/supporting-documentation-16","Supporting_documentation_Peer_review_thematic_summary_-_heparins","21_December_2021","pdf","Supporting_documentation_Peer_review_thematic_summary_-_heparins_21_December_2021.pdf","D:/NICE_history/NG191","D:/NICE_history/NG191/Supporting_documentation_Peer_review_thematic_summary_-_heparins_21_December_2021.pdf",TRUE,"downloaded",
"NG191","Guidance published","Supporting documentation Peer review thematic summary - ivermectin","21 December 2021","pdf","https://www.nice.org.uk/guidance/ng191/documents/supporting-documentation-21","Supporting_documentation_Peer_review_thematic_summary_-_ivermectin","21_December_2021","pdf","Supporting_documentation_Peer_review_thematic_summary_-_ivermectin_21_December_2021.pdf","D:/NICE_history/NG191","D:/NICE_history/NG191/Supporting_documentation_Peer_review_thematic_summary_-_ivermectin_21_December_2021.pdf",TRUE,"downloaded",
"NG191","Guidance published","Supporting documentation Peer review thematic summary - remdesivir","21 December 2021","pdf","https://www.nice.org.uk/guidance/ng191/documents/supporting-documentation-13","Supporting_documentation_Peer_review_thematic_summary_-_remdesivir","21_December_2021","pdf","Supporting_documentation_Peer_review_thematic_summary_-_remdesivir_21_December_2021.pdf","D:/NICE_history/NG191","D:/NICE_history/NG191/Supporting_documentation_Peer_review_thematic_summary_-_remdesivir_21_December_2021.pdf",TRUE,"downloaded",
"NG191","Guidance published","Supporting documentation Peer review thematic summary - respiratory support","21 December 2021","pdf","https://www.nice.org.uk/guidance/ng191/documents/supporting-documentation-17","Supporting_documentation_Peer_review_thematic_summary_-_respiratory_support","21_December_2021","pdf","Supporting_documentation_Peer_review_thematic_summary_-_respiratory_support_21_December_2021.pdf","D:/NICE_history/NG191","D:/NICE_history/NG191/Supporting_documentation_Peer_review_thematic_summary_-_respiratory_support_21_December_2021.pdf",TRUE,"downloaded",
"NG191","Guidance published","Supporting documentation Peer review thematic summary - Antivirals","23 February 2022","pdf","https://www.nice.org.uk/guidance/ng191/documents/supporting-documentation-2","Supporting_documentation_Peer_review_thematic_summary_-_Antivirals","23_February_2022","pdf","Supporting_documentation_Peer_review_thematic_summary_-_Antivirals_23_February_2022.pdf","D:/NICE_history/NG191","D:/NICE_history/NG191/Supporting_documentation_Peer_review_thematic_summary_-_Antivirals_23_February_2022.pdf",TRUE,"downloaded",
"NG191","Guidance published","Case study - Study characteristics of studies informing recommendation for remdesivir","23 March 2021","pdf","https://www.nice.org.uk/guidance/ng191/documents/case-study-2","Case_study_-_Study_characteristics_of_studies_informing_recommendation_for_remdesivir","23_March_2021","pdf","Case_study_-_Study_characteristics_of_studies_informing_recommendation_for_remdesivir_23_March_2021.pdf","D:/NICE_history/NG191","D:/NICE_history/NG191/Case_study_-_Study_characteristics_of_studies_informing_recommendation_for_remdesivir_23_March_2021.pdf",TRUE,"downloaded",
"NG191","Guidance published","Supporting documentation Peer review thematic summary - neutralising monoclonal antibodies for people not in hospital","27 January 2022","pdf","https://www.nice.org.uk/guidance/ng191/documents/supporting-documentation","Supporting_documentation_Peer_review_thematic_summary_-_neutralising_monoclonal_antibodies_for_people_not_in_hospital","27_January_2022","pdf","Supporting_documentation_Peer_review_thematic_summary_-_neutralising_monoclonal_antibodies_for_people_not_in_hospital_27_January_2022.pdf","D:/NICE_history/NG191","D:/NICE_history/NG191/Supporting_documentation_Peer_review_thematic_summary_-_neutralising_monoclonal_antibodies_for_people_not_in_hospital_27_January_2022.pdf",TRUE,"downloaded",
"NG191","Stakeholder list updated","Stakeholder list","03 August 2022","pdf","https://www.nice.org.uk/guidance/ng191/documents/stakeholder-list","Stakeholder_list","03_August_2022","pdf","Stakeholder_list_03_August_2022.pdf","D:/NICE_history/NG191","D:/NICE_history/NG191/Stakeholder_list_03_August_2022.pdf",TRUE,"downloaded",
"NG195","Committee list updated","Committee member list","19 February 2026","pdf","https://www.nice.org.uk/guidance/ng195/update/ng195-update-1/documents/committee-member-list","Committee_member_list","19_February_2026","pdf","Committee_member_list_19_February_2026.pdf","D:/NICE_history/NG195","D:/NICE_history/NG195/Committee_member_list_19_February_2026.pdf",TRUE,"downloaded",
"NG195","Committee meetings","Minutes","13 April 2026","pdf","https://www.nice.org.uk/guidance/ng195/update/ng195-update-1/documents/minutes-3","Minutes","13_April_2026","pdf","Minutes_13_April_2026.pdf","D:/NICE_history/NG195","D:/NICE_history/NG195/Minutes_13_April_2026.pdf",TRUE,"downloaded",
"NG195","Committee meetings","GC1","16 December 2025","pdf","https://www.nice.org.uk/guidance/ng195/update/ng195-update-1/documents/minutes","GC1","16_December_2025","pdf","GC1_16_December_2025.pdf","D:/NICE_history/NG195","D:/NICE_history/NG195/GC1_16_December_2025.pdf",TRUE,"downloaded",
"NG195","Committee meetings","Minutes 2","19 March 2026","pdf","https://www.nice.org.uk/guidance/ng195/update/ng195-update-1/documents/minutes-2","Minutes_2","19_March_2026","pdf","Minutes_2_19_March_2026.pdf","D:/NICE_history/NG195","D:/NICE_history/NG195/Minutes_2_19_March_2026.pdf",TRUE,"downloaded",
"NG195","Declaration of interests","Register of interests","13 May 2026","pdf","https://www.nice.org.uk/guidance/ng195/update/ng195-update-1/documents/register-of-interests-2","Register_of_interests","13_May_2026","pdf","Register_of_interests_13_May_2026.pdf","D:/NICE_history/NG195","D:/NICE_history/NG195/Register_of_interests_13_May_2026.pdf",TRUE,"downloaded",
"NG195","Draft guidance consultation","Comments form","19 February 2026","docx","https://www.nice.org.uk/guidance/ng195/update/ng195-update-1/documents/comments-form","Comments_form","19_February_2026","docx","Comments_form_19_February_2026.docx","D:/NICE_history/NG195","D:/NICE_history/NG195/Comments_form_19_February_2026.docx",TRUE,"downloaded",
"NG195","Draft guidance consultation","Draft guideline (downloadable version)","19 February 2026","pdf","https://www.nice.org.uk/guidance/ng195/update/ng195-update-1/documents/450","Draft_guideline_(downloadable_version)","19_February_2026","pdf","Draft_guideline_(downloadable_version)_19_February_2026.pdf","D:/NICE_history/NG195","D:/NICE_history/NG195/Draft_guideline_(downloadable_version)_19_February_2026.pdf",TRUE,"downloaded",
"NG195","Draft guidance consultation","Evidence review D2","19 February 2026","pdf","https://www.nice.org.uk/guidance/ng195/update/ng195-update-1/documents/evidence-review","Evidence_review_D2","19_February_2026","pdf","Evidence_review_D2_19_February_2026.pdf","D:/NICE_history/NG195","D:/NICE_history/NG195/Evidence_review_D2_19_February_2026.pdf",TRUE,"downloaded",
"NG195","Draft guidance consultation","Evidence review R","19 February 2026","pdf","https://www.nice.org.uk/guidance/ng195/update/ng195-update-1/documents/evidence-review-2","Evidence_review_R","19_February_2026","pdf","Evidence_review_R_19_February_2026.pdf","D:/NICE_history/NG195","D:/NICE_history/NG195/Evidence_review_R_19_February_2026.pdf",TRUE,"downloaded",
"NG195","Draft guidance consultation","Supporting documentation Aknowledgements","19 February 2026","pdf","https://www.nice.org.uk/guidance/ng195/update/ng195-update-1/documents/supporting-documentation-3","Supporting_documentation_Aknowledgements","19_February_2026","pdf","Supporting_documentation_Aknowledgements_19_February_2026.pdf","D:/NICE_history/NG195","D:/NICE_history/NG195/Supporting_documentation_Aknowledgements_19_February_2026.pdf",TRUE,"downloaded",
"NG195","Draft guidance consultation","Supporting documentation Appendices to evidence review D2","19 February 2026","pdf","https://www.nice.org.uk/guidance/ng195/update/ng195-update-1/documents/supporting-documentation","Supporting_documentation_Appendices_to_evidence_review_D2","19_February_2026","pdf","Supporting_documentation_Appendices_to_evidence_review_D2_19_February_2026.pdf","D:/NICE_history/NG195","D:/NICE_history/NG195/Supporting_documentation_Appendices_to_evidence_review_D2_19_February_2026.pdf",TRUE,"downloaded",
"NG195","Draft guidance consultation","Supporting documentation Appendices to evidence review R","19 February 2026","pdf","https://www.nice.org.uk/guidance/ng195/update/ng195-update-1/documents/supporting-documentation-2","Supporting_documentation_Appendices_to_evidence_review_R","19_February_2026","pdf","Supporting_documentation_Appendices_to_evidence_review_R_19_February_2026.pdf","D:/NICE_history/NG195","D:/NICE_history/NG195/Supporting_documentation_Appendices_to_evidence_review_R_19_February_2026.pdf",TRUE,"downloaded",
"NG195","Guidance published","Committee member list","13 May 2026","pdf","https://www.nice.org.uk/guidance/ng195/update/ng195-update-1/documents/committee-member-list-2","Committee_member_list","13_May_2026","pdf","Committee_member_list_13_May_2026.pdf","D:/NICE_history/NG195","D:/NICE_history/NG195/Committee_member_list_13_May_2026.pdf",TRUE,"downloaded",
"NG195","Guidance published","Consultation comments and responses","13 May 2026","pdf","https://www.nice.org.uk/guidance/ng195/update/ng195-update-1/documents/consultation-comments-and-responses","Consultation_comments_and_responses","13_May_2026","pdf","Consultation_comments_and_responses_13_May_2026.pdf","D:/NICE_history/NG195","D:/NICE_history/NG195/Consultation_comments_and_responses_13_May_2026.pdf",TRUE,"downloaded",
"NG195","Guidance published","Equality and health inequalities assessment - Final","13 May 2026","pdf","https://www.nice.org.uk/guidance/ng195/update/ng195-update-1/documents/equality-and-health-inequalities-3","Equality_and_health_inequalities_assessment_-_Final","13_May_2026","pdf","Equality_and_health_inequalities_assessment_-_Final_13_May_2026.pdf","D:/NICE_history/NG195","D:/NICE_history/NG195/Equality_and_health_inequalities_assessment_-_Final_13_May_2026.pdf",TRUE,"downloaded",
"NG195","Guidance published","Supporting documentation - Acknowledgements","13 May 2026","pdf","https://www.nice.org.uk/guidance/ng195/update/ng195-update-1/documents/supporting-documentation-4","Supporting_documentation_-_Acknowledgements","13_May_2026","pdf","Supporting_documentation_-_Acknowledgements_13_May_2026.pdf","D:/NICE_history/NG195","D:/NICE_history/NG195/Supporting_documentation_-_Acknowledgements_13_May_2026.pdf",TRUE,"downloaded",
"NG195","Original development on 20 April 2021","Minutes 8","03 August 2020","pdf","https://www.nice.org.uk/guidance/ng195/update/NG195/documents/minutes-8","Minutes_8","03_August_2020","pdf","Minutes_8_03_August_2020.pdf","D:/NICE_history/NG195","D:/NICE_history/NG195/Minutes_8_03_August_2020.pdf",TRUE,"downloaded",
"NG195","Original development on 20 April 2021","Minutes 2 (2 day mtg)","03 September 2019","pdf","https://www.nice.org.uk/guidance/ng195/update/NG195/documents/minutes","Minutes_2_(2_day_mtg)","03_September_2019","pdf","Minutes_2_(2_day_mtg)_03_September_2019.pdf","D:/NICE_history/NG195","D:/NICE_history/NG195/Minutes_2_(2_day_mtg)_03_September_2019.pdf",TRUE,"downloaded",
"NG195","Original development on 20 April 2021","Minutes 6","06 March 2020","pdf","https://www.nice.org.uk/guidance/ng195/update/NG195/documents/minutes-6","Minutes_6","06_March_2020","pdf","Minutes_6_06_March_2020.pdf","D:/NICE_history/NG195","D:/NICE_history/NG195/Minutes_6_06_March_2020.pdf",TRUE,"downloaded",
"NG195","Original development on 20 April 2021","Comments form","08 December 2020","docx","https://www.nice.org.uk/guidance/ng195/update/NG195/documents/comments-form-2","Comments_form","08_December_2020","docx","Comments_form_08_December_2020.docx","D:/NICE_history/NG195","D:/NICE_history/NG195/Comments_form_08_December_2020.docx",TRUE,"downloaded",
"NG195","Original development on 20 April 2021","Committee member list","08 December 2020","pdf","https://www.nice.org.uk/guidance/ng195/update/NG195/documents/committee-member-list","Committee_member_list","08_December_2020","pdf","Committee_member_list_08_December_2020.pdf","D:/NICE_history/NG195","D:/NICE_history/NG195/Committee_member_list_08_December_2020.pdf",TRUE,"downloaded",
"NG195","Original development on 20 April 2021","Committee member list - Declarations of interest","08 December 2020","pdf","https://www.nice.org.uk/guidance/ng195/update/NG195/documents/committee-member-list-3","Committee_member_list_-_Declarations_of_interest","08_December_2020","pdf","Committee_member_list_-_Declarations_of_interest_08_December_2020.pdf","D:/NICE_history/NG195","D:/NICE_history/NG195/Committee_member_list_-_Declarations_of_interest_08_December_2020.pdf",TRUE,"downloaded",
"NG195","Original development on 20 April 2021","Draft guideline","08 December 2020","pdf","https://www.nice.org.uk/guidance/ng195/update/NG195/documents/draft-guideline","Draft_guideline","08_December_2020","pdf","Draft_guideline_08_December_2020.pdf","D:/NICE_history/NG195","D:/NICE_history/NG195/Draft_guideline_08_December_2020.pdf",TRUE,"downloaded",
"NG195","Original development on 20 April 2021","Equality impact assessment - section 3","08 December 2020","pdf","https://www.nice.org.uk/guidance/ng195/update/NG195/documents/equality-impact-assessment-4","Equality_impact_assessment_-_section_3","08_December_2020","pdf","Equality_impact_assessment_-_section_3_08_December_2020.pdf","D:/NICE_history/NG195","D:/NICE_history/NG195/Equality_impact_assessment_-_section_3_08_December_2020.pdf",TRUE,"downloaded",
"NG195","Original development on 20 April 2021","Evidence review A: information and support","08 December 2020","pdf","https://www.nice.org.uk/guidance/ng195/update/NG195/documents/evidence-review","Evidence_review_A_information_and_support","08_December_2020","pdf","Evidence_review_A_information_and_support_08_December_2020.pdf","D:/NICE_history/NG195","D:/NICE_history/NG195/Evidence_review_A_information_and_support_08_December_2020.pdf",TRUE,"downloaded",
"NG195","Original development on 20 April 2021","Evidence review B: Intrapartum antibiotics","08 December 2020","pdf","https://www.nice.org.uk/guidance/ng195/update/NG195/documents/evidence-review-2","Evidence_review_B_Intrapartum_antibiotics","08_December_2020","pdf","Evidence_review_B_Intrapartum_antibiotics_08_December_2020.pdf","D:/NICE_history/NG195","D:/NICE_history/NG195/Evidence_review_B_Intrapartum_antibiotics_08_December_2020.pdf",TRUE,"downloaded",
"NG195","Original development on 20 April 2021","Evidence review C: Timing of delivery","08 December 2020","pdf","https://www.nice.org.uk/guidance/ng195/update/NG195/documents/evidence-review-3","Evidence_review_C_Timing_of_delivery","08_December_2020","pdf","Evidence_review_C_Timing_of_delivery_08_December_2020.pdf","D:/NICE_history/NG195","D:/NICE_history/NG195/Evidence_review_C_Timing_of_delivery_08_December_2020.pdf",TRUE,"downloaded",
"NG195","Original development on 20 April 2021","Evidence review D: Maternal and neonatal risk factors","08 December 2020","pdf","https://www.nice.org.uk/guidance/ng195/update/NG195/documents/evidence-review-4","Evidence_review_D_Maternal_and_neonatal_risk_factors","08_December_2020","pdf","Evidence_review_D_Maternal_and_neonatal_risk_factors_08_December_2020.pdf","D:/NICE_history/NG195","D:/NICE_history/NG195/Evidence_review_D_Maternal_and_neonatal_risk_factors_08_December_2020.pdf",TRUE,"downloaded",
"NG195","Original development on 20 April 2021","Evidence review E: Risk factors for late-onset","08 December 2020","pdf","https://www.nice.org.uk/guidance/ng195/update/NG195/documents/evidence-review-5","Evidence_review_E_Risk_factors_for_late-onset","08_December_2020","pdf","Evidence_review_E_Risk_factors_for_late-onset_08_December_2020.pdf","D:/NICE_history/NG195","D:/NICE_history/NG195/Evidence_review_E_Risk_factors_for_late-onset_08_December_2020.pdf",TRUE,"downloaded",
"NG195","Original development on 20 April 2021","Evidence review F: Intravascular catheters","08 December 2020","pdf","https://www.nice.org.uk/guidance/ng195/update/NG195/documents/evidence-review-6","Evidence_review_F_Intravascular_catheters","08_December_2020","pdf","Evidence_review_F_Intravascular_catheters_08_December_2020.pdf","D:/NICE_history/NG195","D:/NICE_history/NG195/Evidence_review_F_Intravascular_catheters_08_December_2020.pdf",TRUE,"downloaded",
"NG195","Original development on 20 April 2021","Evidence review G: Investigations before starting treatment","08 December 2020","pdf","https://www.nice.org.uk/guidance/ng195/update/NG195/documents/evidence-review-7","Evidence_review_G_Investigations_before_starting_treatment","08_December_2020","pdf","Evidence_review_G_Investigations_before_starting_treatment_08_December_2020.pdf","D:/NICE_history/NG195","D:/NICE_history/NG195/Evidence_review_G_Investigations_before_starting_treatment_08_December_2020.pdf",TRUE,"downloaded",
"NG195","Original development on 20 April 2021","Evidence review H: Antibiotics","08 December 2020","pdf","https://www.nice.org.uk/guidance/ng195/update/NG195/documents/evidence-review-8","Evidence_review_H_Antibiotics","08_December_2020","pdf","Evidence_review_H_Antibiotics_08_December_2020.pdf","D:/NICE_history/NG195","D:/NICE_history/NG195/Evidence_review_H_Antibiotics_08_December_2020.pdf",TRUE,"downloaded",
"NG195","Original development on 20 April 2021","Evidence review I: Antifungals","08 December 2020","pdf","https://www.nice.org.uk/guidance/ng195/update/NG195/documents/evidence-review-9","Evidence_review_I_Antifungals","08_December_2020","pdf","Evidence_review_I_Antifungals_08_December_2020.pdf","D:/NICE_history/NG195","D:/NICE_history/NG195/Evidence_review_I_Antifungals_08_December_2020.pdf",TRUE,"downloaded",
"NG195","Original development on 20 April 2021","Supporting documentation - Methods","08 December 2020","pdf","https://www.nice.org.uk/guidance/ng195/update/NG195/documents/supporting-documentation","Supporting_documentation_-_Methods","08_December_2020","pdf","Supporting_documentation_-_Methods_08_December_2020.pdf","D:/NICE_history/NG195","D:/NICE_history/NG195/Supporting_documentation_-_Methods_08_December_2020.pdf",TRUE,"downloaded",
"NG195","Original development on 20 April 2021","Minutes 10","10 September 2020","pdf","https://www.nice.org.uk/guidance/ng195/update/NG195/documents/minutes-10","Minutes_10","10_September_2020","pdf","Minutes_10_10_September_2020.pdf","D:/NICE_history/NG195","D:/NICE_history/NG195/Minutes_10_10_September_2020.pdf",TRUE,"downloaded",
"NG195","Original development on 20 April 2021","Minutes 7","13 July 2020","pdf","https://www.nice.org.uk/guidance/ng195/update/NG195/documents/minutes-7","Minutes_7","13_July_2020","pdf","Minutes_7_13_July_2020.pdf","D:/NICE_history/NG195","D:/NICE_history/NG195/Minutes_7_13_July_2020.pdf",TRUE,"downloaded",
"NG195","Original development on 20 April 2021","Comments form","14 September 2018","docx","https://www.nice.org.uk/guidance/ng195/update/NG195/documents/comments-form","Comments_form","14_September_2018","docx","Comments_form_14_September_2018.docx","D:/NICE_history/NG195","D:/NICE_history/NG195/Comments_form_14_September_2018.docx",TRUE,"downloaded",
"NG195","Original development on 20 April 2021","Draft scope","14 September 2018","pdf","https://www.nice.org.uk/guidance/ng195/update/NG195/documents/draft-scope","Draft_scope","14_September_2018","pdf","Draft_scope_14_September_2018.pdf","D:/NICE_history/NG195","D:/NICE_history/NG195/Draft_scope_14_September_2018.pdf",TRUE,"downloaded",
"NG195","Original development on 20 April 2021","Equality impact assessment 1","14 September 2018","pdf","https://www.nice.org.uk/guidance/ng195/update/NG195/documents/equality-impact-assessment","Equality_impact_assessment_1","14_September_2018","pdf","Equality_impact_assessment_1_14_September_2018.pdf","D:/NICE_history/NG195","D:/NICE_history/NG195/Equality_impact_assessment_1_14_September_2018.pdf",TRUE,"downloaded",
"NG195","Original development on 20 April 2021","Stakeholder list","14 September 2018","pdf","https://www.nice.org.uk/guidance/ng195/update/NG195/documents/stakeholder-list","Stakeholder_list","14_September_2018","pdf","Stakeholder_list_14_September_2018.pdf","D:/NICE_history/NG195","D:/NICE_history/NG195/Stakeholder_list_14_September_2018.pdf",TRUE,"downloaded",
"NG195","Original development on 20 April 2021","Minutes 5","16 January 2020","pdf","https://www.nice.org.uk/guidance/ng195/update/NG195/documents/minutes-5","Minutes_5","16_January_2020","pdf","Minutes_5_16_January_2020.pdf","D:/NICE_history/NG195","D:/NICE_history/NG195/Minutes_5_16_January_2020.pdf",TRUE,"downloaded",
"NG195","Original development on 20 April 2021","Minutes 3","16 October 2019","pdf","https://www.nice.org.uk/guidance/ng195/update/NG195/documents/minutes-3","Minutes_3","16_October_2019","pdf","Minutes_3_16_October_2019.pdf","D:/NICE_history/NG195","D:/NICE_history/NG195/Minutes_3_16_October_2019.pdf",TRUE,"downloaded",
"NG195","Original development on 20 April 2021","Economic plan","16 October 2020","pdf","https://www.nice.org.uk/guidance/ng195/update/NG195/documents/economic-plan","Economic_plan","16_October_2020","pdf","Economic_plan_16_October_2020.pdf","D:/NICE_history/NG195","D:/NICE_history/NG195/Economic_plan_16_October_2020.pdf",TRUE,"downloaded",
"NG195","Original development on 20 April 2021","Review questions","16 October 2020","pdf","https://www.nice.org.uk/guidance/ng195/update/NG195/documents/review-questions","Review_questions","16_October_2020","pdf","Review_questions_16_October_2020.pdf","D:/NICE_history/NG195","D:/NICE_history/NG195/Review_questions_16_October_2020.pdf",TRUE,"downloaded",
"NG195","Original development on 20 April 2021","Search strategies","16 October 2020","pdf","https://www.nice.org.uk/guidance/ng195/update/NG195/documents/search-strategies","Search_strategies","16_October_2020","pdf","Search_strategies_16_October_2020.pdf","D:/NICE_history/NG195","D:/NICE_history/NG195/Search_strategies_16_October_2020.pdf",TRUE,"downloaded",
"NG195","Original development on 20 April 2021","Consultation comments and responses","18 December 2018","pdf","https://www.nice.org.uk/guidance/ng195/update/NG195/documents/consultation-comments-and-responses","Consultation_comments_and_responses","18_December_2018","pdf","Consultation_comments_and_responses_18_December_2018.pdf","D:/NICE_history/NG195","D:/NICE_history/NG195/Consultation_comments_and_responses_18_December_2018.pdf",TRUE,"downloaded",
"NG195","Original development on 20 April 2021","Equality impact assessment 2","18 December 2018","pdf","https://www.nice.org.uk/guidance/ng195/update/NG195/documents/equality-impact-assessment-2","Equality_impact_assessment_2","18_December_2018","pdf","Equality_impact_assessment_2_18_December_2018.pdf","D:/NICE_history/NG195","D:/NICE_history/NG195/Equality_impact_assessment_2_18_December_2018.pdf",TRUE,"downloaded",
"NG195","Original development on 20 April 2021","Committee member list","20 April 2021","pdf","https://www.nice.org.uk/guidance/ng195/update/NG195/documents/committee-member-list-4","Committee_member_list","20_April_2021","pdf","Committee_member_list_20_April_2021.pdf","D:/NICE_history/NG195","D:/NICE_history/NG195/Committee_member_list_20_April_2021.pdf",TRUE,"downloaded",
"NG195","Original development on 20 April 2021","Consultation comments and responses","20 April 2021","pdf","https://www.nice.org.uk/guidance/ng195/update/NG195/documents/consultation-comments-and-responses-2","Consultation_comments_and_responses","20_April_2021","pdf","Consultation_comments_and_responses_20_April_2021.pdf","D:/NICE_history/NG195","D:/NICE_history/NG195/Consultation_comments_and_responses_20_April_2021.pdf",TRUE,"downloaded",
"NG195","Original development on 20 April 2021","Equality impact assessment 4","20 April 2021","pdf","https://www.nice.org.uk/guidance/ng195/update/NG195/documents/equality-impact-assessment-3","Equality_impact_assessment_4","20_April_2021","pdf","Equality_impact_assessment_4_20_April_2021.pdf","D:/NICE_history/NG195","D:/NICE_history/NG195/Equality_impact_assessment_4_20_April_2021.pdf",TRUE,"downloaded",
"NG195","Original development on 20 April 2021","Register of interests","20 April 2021","pdf","https://www.nice.org.uk/guidance/ng195/update/NG195/documents/register-of-interests","Register_of_interests","20_April_2021","pdf","Register_of_interests_20_April_2021.pdf","D:/NICE_history/NG195","D:/NICE_history/NG195/Register_of_interests_20_April_2021.pdf",TRUE,"downloaded",
"NG195","Original development on 20 April 2021","Stakeholder list","20 April 2021","pdf","https://www.nice.org.uk/guidance/ng195/update/NG195/documents/stakeholder-list-2","Stakeholder_list","20_April_2021","pdf","Stakeholder_list_20_April_2021.pdf","D:/NICE_history/NG195","D:/NICE_history/NG195/Stakeholder_list_20_April_2021.pdf",TRUE,"downloaded",
"NG195","Original development on 20 April 2021","Minutes 1","23 July 2019","pdf","https://www.nice.org.uk/guidance/ng195/update/NG195/documents/minutes-2","Minutes_1","23_July_2019","pdf","Minutes_1_23_July_2019.pdf","D:/NICE_history/NG195","D:/NICE_history/NG195/Minutes_1_23_July_2019.pdf",TRUE,"downloaded",
"NG195","Original development on 20 April 2021","Minutes 9","26 August 2020","pdf","https://www.nice.org.uk/guidance/ng195/update/NG195/documents/minutes-9","Minutes_9","26_August_2020","pdf","Minutes_9_26_August_2020.pdf","D:/NICE_history/NG195","D:/NICE_history/NG195/Minutes_9_26_August_2020.pdf",TRUE,"downloaded",
"NG195","Original development on 20 April 2021","Minutes 11","26 January 2021","pdf","https://www.nice.org.uk/guidance/ng195/update/NG195/documents/minutes-11","Minutes_11","26_January_2021","pdf","Minutes_11_26_January_2021.pdf","D:/NICE_history/NG195","D:/NICE_history/NG195/Minutes_11_26_January_2021.pdf",TRUE,"downloaded",
"NG195","Original development on 20 April 2021","Final scope","26 May 2020","pdf","https://www.nice.org.uk/guidance/ng195/update/NG195/documents/final-scope","Final_scope","26_May_2020","pdf","Final_scope_26_May_2020.pdf","D:/NICE_history/NG195","D:/NICE_history/NG195/Final_scope_26_May_2020.pdf",TRUE,"downloaded",
"NG195","Original development on 20 April 2021","Minutes 4","27 November 2019","pdf","https://www.nice.org.uk/guidance/ng195/update/NG195/documents/minutes-4","Minutes_4","27_November_2019","pdf","Minutes_4_27_November_2019.pdf","D:/NICE_history/NG195","D:/NICE_history/NG195/Minutes_4_27_November_2019.pdf",TRUE,"downloaded",
"NG195","Scope published","Final scope","10 December 2025","pdf","https://www.nice.org.uk/guidance/ng195/update/ng195-update-1/documents/final-scope","Final_scope","10_December_2025","pdf","Final_scope_10_December_2025.pdf","D:/NICE_history/NG195","D:/NICE_history/NG195/Final_scope_10_December_2025.pdf",TRUE,"downloaded",
"NG195","Scope published","Review protocols","10 December 2025","pdf","https://www.nice.org.uk/guidance/ng195/update/ng195-update-1/documents/review-protocols","Review_protocols","10_December_2025","pdf","Review_protocols_10_December_2025.pdf","D:/NICE_history/NG195","D:/NICE_history/NG195/Review_protocols_10_December_2025.pdf",TRUE,"downloaded",
"NG195","Stakeholder list updated","Stakeholder list","11 May 2026","pdf","https://www.nice.org.uk/guidance/ng195/update/ng195-update-1/documents/stakeholder-list","Stakeholder_list","11_May_2026","pdf","Stakeholder_list_11_May_2026.pdf","D:/NICE_history/NG195","D:/NICE_history/NG195/Stakeholder_list_11_May_2026.pdf",TRUE,"downloaded",
"NG196","Committee list updated","Committee member list","07 February 2020","pdf","https://www.nice.org.uk/guidance/ng196/documents/committee-member-list-2","Committee_member_list","07_February_2020","pdf","Committee_member_list_07_February_2020.pdf","D:/NICE_history/NG196","D:/NICE_history/NG196/Committee_member_list_07_February_2020.pdf",TRUE,"downloaded",
"NG196","Committee meetings","Minutes - GC5","01 April 2019","pdf","https://www.nice.org.uk/guidance/ng196/documents/minutes-8","Minutes_-_GC5","01_April_2019","pdf","Minutes_-_GC5_01_April_2019.pdf","D:/NICE_history/NG196","D:/NICE_history/NG196/Minutes_-_GC5_01_April_2019.pdf",TRUE,"downloaded",
"NG196","Committee meetings","Minutes - GC12","08 January 2020","pdf","https://www.nice.org.uk/guidance/ng196/documents/minutes-12","Minutes_-_GC12","08_January_2020","pdf","Minutes_-_GC12_08_January_2020.pdf","D:/NICE_history/NG196","D:/NICE_history/NG196/Minutes_-_GC12_08_January_2020.pdf",TRUE,"downloaded",
"NG196","Committee meetings","Minutes GC8","10 September 2019","pdf","https://www.nice.org.uk/guidance/ng196/documents/minutes-14","Minutes_GC8","10_September_2019","pdf","Minutes_GC8_10_September_2019.pdf","D:/NICE_history/NG196","D:/NICE_history/NG196/Minutes_GC8_10_September_2019.pdf",TRUE,"downloaded",
"NG196","Committee meetings","Minutes - GC3","11 January 2019","pdf","https://www.nice.org.uk/guidance/ng196/documents/minutes-6","Minutes_-_GC3","11_January_2019","pdf","Minutes_-_GC3_11_January_2019.pdf","D:/NICE_history/NG196","D:/NICE_history/NG196/Minutes_-_GC3_11_January_2019.pdf",TRUE,"downloaded",
"NG196","Committee meetings","Minutes - GC6","13 May 2019","pdf","https://www.nice.org.uk/guidance/ng196/documents/minutes-2","Minutes_-_GC6","13_May_2019","pdf","Minutes_-_GC6_13_May_2019.pdf","D:/NICE_history/NG196","D:/NICE_history/NG196/Minutes_-_GC6_13_May_2019.pdf",TRUE,"downloaded",
"NG196","Committee meetings","Minutes - GC9","15 October 2019","pdf","https://www.nice.org.uk/guidance/ng196/documents/minutes-4","Minutes_-_GC9","15_October_2019","pdf","Minutes_-_GC9_15_October_2019.pdf","D:/NICE_history/NG196","D:/NICE_history/NG196/Minutes_-_GC9_15_October_2019.pdf",TRUE,"downloaded",
"NG196","Committee meetings","Minutes - GC4","18 February 2019","pdf","https://www.nice.org.uk/guidance/ng196/documents/minutes-7","Minutes_-_GC4","18_February_2019","pdf","Minutes_-_GC4_18_February_2019.pdf","D:/NICE_history/NG196","D:/NICE_history/NG196/Minutes_-_GC4_18_February_2019.pdf",TRUE,"downloaded",
"NG196","Committee meetings","Minutes - GC10","21 November 2019","pdf","https://www.nice.org.uk/guidance/ng196/documents/minutes-11","Minutes_-_GC10","21_November_2019","pdf","Minutes_-_GC10_21_November_2019.pdf","D:/NICE_history/NG196","D:/NICE_history/NG196/Minutes_-_GC10_21_November_2019.pdf",TRUE,"downloaded",
"NG196","Committee meetings","Minutes - GC11","22 November 2019","pdf","https://www.nice.org.uk/guidance/ng196/documents/minutes-10","Minutes_-_GC11","22_November_2019","pdf","Minutes_-_GC11_22_November_2019.pdf","D:/NICE_history/NG196","D:/NICE_history/NG196/Minutes_-_GC11_22_November_2019.pdf",TRUE,"downloaded",
"NG196","Committee meetings","Minutes -GC14","23 November 2020","pdf","https://www.nice.org.uk/guidance/ng196/documents/minutes-9","Minutes_-GC14","23_November_2020","pdf","Minutes_-GC14_23_November_2020.pdf","D:/NICE_history/NG196","D:/NICE_history/NG196/Minutes_-GC14_23_November_2020.pdf",TRUE,"downloaded",
"NG196","Committee meetings","Minutes - GC7","24 June 2019","pdf","https://www.nice.org.uk/guidance/ng196/documents/minutes-3","Minutes_-_GC7","24_June_2019","pdf","Minutes_-_GC7_24_June_2019.pdf","D:/NICE_history/NG196","D:/NICE_history/NG196/Minutes_-_GC7_24_June_2019.pdf",TRUE,"downloaded",
"NG196","Committee meetings","Minutes - GC1","26 October 2018","pdf","https://www.nice.org.uk/guidance/ng196/documents/minutes","Minutes_-_GC1","26_October_2018","pdf","Minutes_-_GC1_26_October_2018.pdf","D:/NICE_history/NG196","D:/NICE_history/NG196/Minutes_-_GC1_26_October_2018.pdf",TRUE,"downloaded",
"NG196","Committee meetings","Minutes - GC13","27 July 2020","pdf","https://www.nice.org.uk/guidance/ng196/documents/minutes-13","Minutes_-_GC13","27_July_2020","pdf","Minutes_-_GC13_27_July_2020.pdf","D:/NICE_history/NG196","D:/NICE_history/NG196/Minutes_-_GC13_27_July_2020.pdf",TRUE,"downloaded",
"NG196","Committee meetings","Minutes - GC2","28 November 2018","pdf","https://www.nice.org.uk/guidance/ng196/documents/minutes-5","Minutes_-_GC2","28_November_2018","pdf","Minutes_-_GC2_28_November_2018.pdf","D:/NICE_history/NG196","D:/NICE_history/NG196/Minutes_-_GC2_28_November_2018.pdf",TRUE,"downloaded",
"NG196","Declaration of interests","Register of interests","04 June 2025","pdf","https://www.nice.org.uk/guidance/ng196/documents/register-of-interests","Register_of_interests","04_June_2025","pdf","Register_of_interests_04_June_2025.pdf","D:/NICE_history/NG196","D:/NICE_history/NG196/Register_of_interests_04_June_2025.pdf",TRUE,"downloaded",
"NG196","Draft guidance consultation","Addendum appendix - Acknowledgements","23 September 2020","pdf","https://www.nice.org.uk/guidance/ng196/documents/addendum-appendix-2","Addendum_appendix_-_Acknowledgements","23_September_2020","pdf","Addendum_appendix_-_Acknowledgements_23_September_2020.pdf","D:/NICE_history/NG196","D:/NICE_history/NG196/Addendum_appendix_-_Acknowledgements_23_September_2020.pdf",TRUE,"downloaded",
"NG196","Draft guidance consultation","Addendum appendix - Algorithm","23 September 2020","pdf","https://www.nice.org.uk/guidance/ng196/documents/addendum-appendix-3","Addendum_appendix_-_Algorithm","23_September_2020","pdf","Addendum_appendix_-_Algorithm_23_September_2020.pdf","D:/NICE_history/NG196","D:/NICE_history/NG196/Addendum_appendix_-_Algorithm_23_September_2020.pdf",TRUE,"downloaded",
"NG196","Draft guidance consultation","Addendum appendix - Method","23 September 2020","pdf","https://www.nice.org.uk/guidance/ng196/documents/addendum-appendix","Addendum_appendix_-_Method","23_September_2020","pdf","Addendum_appendix_-_Method_23_September_2020.pdf","D:/NICE_history/NG196","D:/NICE_history/NG196/Addendum_appendix_-_Method_23_September_2020.pdf",FALSE,"failed","Transferred a partial file [www.nice.org.uk]:
transfer closed with outstanding read data remaining"
"NG196","Draft guidance consultation","Comments form","23 September 2020","docx","https://www.nice.org.uk/guidance/ng196/documents/comments-form-2","Comments_form","23_September_2020","docx","Comments_form_23_September_2020.docx","D:/NICE_history/NG196","D:/NICE_history/NG196/Comments_form_23_September_2020.docx",TRUE,"downloaded",
"NG196","Draft guidance consultation","Committee member list","23 September 2020","pdf","https://www.nice.org.uk/guidance/ng196/documents/committee-member-list","Committee_member_list","23_September_2020","pdf","Committee_member_list_23_September_2020.pdf","D:/NICE_history/NG196","D:/NICE_history/NG196/Committee_member_list_23_September_2020.pdf",TRUE,"downloaded",
"NG196","Draft guidance consultation","Evidence review A: Effectiveness of tests for detection","23 September 2020","pdf","https://www.nice.org.uk/guidance/ng196/documents/evidence-review","Evidence_review_A_Effectiveness_of_tests_for_detection","23_September_2020","pdf","Evidence_review_A_Effectiveness_of_tests_for_detection_23_September_2020.pdf","D:/NICE_history/NG196","D:/NICE_history/NG196/Evidence_review_A_Effectiveness_of_tests_for_detection_23_September_2020.pdf",TRUE,"downloaded",
"NG196","Draft guidance consultation","Evidence review B: Accuracy of tests for detection","23 September 2020","pdf","https://www.nice.org.uk/guidance/ng196/documents/evidence-review-2","Evidence_review_B_Accuracy_of_tests_for_detection","23_September_2020","pdf","Evidence_review_B_Accuracy_of_tests_for_detection_23_September_2020.pdf","D:/NICE_history/NG196","D:/NICE_history/NG196/Evidence_review_B_Accuracy_of_tests_for_detection_23_September_2020.pdf",TRUE,"downloaded",
"NG196","Draft guidance consultation","Evidence review C&D: Tools to predict stroke in people with atrial fibrillation","23 September 2020","pdf","https://www.nice.org.uk/guidance/ng196/documents/evidence-review-3","Evidence_review_C&D_Tools_to_predict_stroke_in_people_with_atrial_fibrillation","23_September_2020","pdf","Evidence_review_C&D_Tools_to_predict_stroke_in_people_with_atrial_fibrillation_23_September_2020.pdf","D:/NICE_history/NG196","D:/NICE_history/NG196/Evidence_review_C&D_Tools_to_predict_stroke_in_people_with_atrial_fibrillation_23_September_2020.pdf",TRUE,"downloaded",
"NG196","Draft guidance consultation","Evidence review E&F: Risk stratification tools for predicting bleeding in people with atrial fibrillation","23 September 2020","pdf","https://www.nice.org.uk/guidance/ng196/documents/evidence-review-4","Evidence_review_E&F_Risk_stratification_tools_for_predicting_bleeding_in_people_with_atrial_fibrillation","23_September_2020","pdf","Evidence_review_E&F_Risk_stratification_tools_for_predicting_bleeding_in_people_with_atrial_fibrillation_23_September_2020.pdf","D:/NICE_history/NG196","D:/NICE_history/NG196/Evidence_review_E&F_Risk_stratification_tools_for_predicting_bleeding_in_people_with_atrial_fibrillation_23_September_2020.pdf",TRUE,"downloaded",
"NG196","Draft guidance consultation","Evidence review G1: Anticoagulant therapy for stroke prevention in people with atrial fibrillation","23 September 2020","pdf","https://www.nice.org.uk/guidance/ng196/documents/evidence-review-5","Evidence_review_G1_Anticoagulant_therapy_for_stroke_prevention_in_people_with_atrial_fibrillation","23_September_2020","pdf","Evidence_review_G1_Anticoagulant_therapy_for_stroke_prevention_in_people_with_atrial_fibrillation_23_September_2020.pdf","D:/NICE_history/NG196","D:/NICE_history/NG196/Evidence_review_G1_Anticoagulant_therapy_for_stroke_prevention_in_people_with_atrial_fibrillation_23_September_2020.pdf",TRUE,"downloaded",
"NG196","Draft guidance consultation","Evidence review G2: Anticoagulant therapy: health economics analysis","23 September 2020","pdf","https://www.nice.org.uk/guidance/ng196/documents/evidence-review-6","Evidence_review_G2_Anticoagulant_therapy_health_economics_analysis","23_September_2020","pdf","Evidence_review_G2_Anticoagulant_therapy_health_economics_analysis_23_September_2020.pdf","D:/NICE_history/NG196","D:/NICE_history/NG196/Evidence_review_G2_Anticoagulant_therapy_health_economics_analysis_23_September_2020.pdf",TRUE,"downloaded",
"NG196","Draft guidance consultation","Evidence review H: Discontinuing anticoagulation in people whose atrial fibrillation has resolved","23 September 2020","pdf","https://www.nice.org.uk/guidance/ng196/documents/evidence-review-7","Evidence_review_H_Discontinuing_anticoagulation_in_people_whose_atrial_fibrillation_has_resolved","23_September_2020","pdf","Evidence_review_H_Discontinuing_anticoagulation_in_people_whose_atrial_fibrillation_has_resolved_23_September_2020.pdf","D:/NICE_history/NG196","D:/NICE_history/NG196/Evidence_review_H_Discontinuing_anticoagulation_in_people_whose_atrial_fibrillation_has_resolved_23_September_2020.pdf",TRUE,"downloaded",
"NG196","Draft guidance consultation","Evidence review I: Non-ablative rate control therapies","23 September 2020","pdf","https://www.nice.org.uk/guidance/ng196/documents/evidence-review-8","Evidence_review_I_Non-ablative_rate_control_therapies","23_September_2020","pdf","Evidence_review_I_Non-ablative_rate_control_therapies_23_September_2020.pdf","D:/NICE_history/NG196","D:/NICE_history/NG196/Evidence_review_I_Non-ablative_rate_control_therapies_23_September_2020.pdf",TRUE,"downloaded",
"NG196","Draft guidance consultation","Evidence review J1: Ablation","23 September 2020","pdf","https://www.nice.org.uk/guidance/ng196/documents/evidence-review-9","Evidence_review_J1_Ablation","23_September_2020","pdf","Evidence_review_J1_Ablation_23_September_2020.pdf","D:/NICE_history/NG196","D:/NICE_history/NG196/Evidence_review_J1_Ablation_23_September_2020.pdf",TRUE,"downloaded",
"NG196","Draft guidance consultation","Evidence review J2: Ablation: network meta-analysis","23 September 2020","pdf","https://www.nice.org.uk/guidance/ng196/documents/evidence-review-10","Evidence_review_J2_Ablation_network_meta-analysis","23_September_2020","pdf","Evidence_review_J2_Ablation_network_meta-analysis_23_September_2020.pdf","D:/NICE_history/NG196","D:/NICE_history/NG196/Evidence_review_J2_Ablation_network_meta-analysis_23_September_2020.pdf",TRUE,"downloaded",
"NG196","Draft guidance consultation","Evidence review J3: Ablation: health economics analysis","23 September 2020","pdf","https://www.nice.org.uk/guidance/ng196/documents/evidence-review-11","Evidence_review_J3_Ablation_health_economics_analysis","23_September_2020","pdf","Evidence_review_J3_Ablation_health_economics_analysis_23_September_2020.pdf","D:/NICE_history/NG196","D:/NICE_history/NG196/Evidence_review_J3_Ablation_health_economics_analysis_23_September_2020.pdf",TRUE,"downloaded",
"NG196","Draft guidance consultation","Evidence review K: Antiarrhythmic drugs after ablation","23 September 2020","pdf","https://www.nice.org.uk/guidance/ng196/documents/evidence-review-12","Evidence_review_K_Antiarrhythmic_drugs_after_ablation","23_September_2020","pdf","Evidence_review_K_Antiarrhythmic_drugs_after_ablation_23_September_2020.pdf","D:/NICE_history/NG196","D:/NICE_history/NG196/Evidence_review_K_Antiarrhythmic_drugs_after_ablation_23_September_2020.pdf",TRUE,"downloaded",
"NG196","Draft guidance consultation","Evidence review L: Treatment strategies for atrial fibrillation after cardiothoracic surgery","23 September 2020","pdf","https://www.nice.org.uk/guidance/ng196/documents/evidence-review-13","Evidence_review_L_Treatment_strategies_for_atrial_fibrillation_after_cardiothoracic_surgery","23_September_2020","pdf","Evidence_review_L_Treatment_strategies_for_atrial_fibrillation_after_cardiothoracic_surgery_23_September_2020.pdf","D:/NICE_history/NG196","D:/NICE_history/NG196/Evidence_review_L_Treatment_strategies_for_atrial_fibrillation_after_cardiothoracic_surgery_23_September_2020.pdf",TRUE,"downloaded",
"NG196","Draft guidance consultation","Evidence review M: Statins for preventing atrial fibrillation after cardiothoracic surgery","23 September 2020","pdf","https://www.nice.org.uk/guidance/ng196/documents/evidence-review-14","Evidence_review_M_Statins_for_preventing_atrial_fibrillation_after_cardiothoracic_surgery","23_September_2020","pdf","Evidence_review_M_Statins_for_preventing_atrial_fibrillation_after_cardiothoracic_surgery_23_September_2020.pdf","D:/NICE_history/NG196","D:/NICE_history/NG196/Evidence_review_M_Statins_for_preventing_atrial_fibrillation_after_cardiothoracic_surgery_23_September_2020.pdf",TRUE,"downloaded",
"NG196","Draft guidance consultation","Short version of draft guideline","23 September 2020","pdf","https://www.nice.org.uk/guidance/ng196/documents/short-version-of-draft-guideline","Short_version_of_draft_guideline","23_September_2020","pdf","Short_version_of_draft_guideline_23_September_2020.pdf","D:/NICE_history/NG196","D:/NICE_history/NG196/Short_version_of_draft_guideline_23_September_2020.pdf",TRUE,"downloaded",
"NG196","Draft scope consultation","Comments form","13 June 2018","docx","https://www.nice.org.uk/guidance/ng196/documents/comments-form","Comments_form","13_June_2018","docx","Comments_form_13_June_2018.docx","D:/NICE_history/NG196","D:/NICE_history/NG196/Comments_form_13_June_2018.docx",TRUE,"downloaded",
"NG196","Draft scope consultation","Draft scope","13 June 2018","pdf","https://www.nice.org.uk/guidance/ng196/documents/draft-scope","Draft_scope","13_June_2018","pdf","Draft_scope_13_June_2018.pdf","D:/NICE_history/NG196","D:/NICE_history/NG196/Draft_scope_13_June_2018.pdf",TRUE,"downloaded",
"NG196","Draft scope consultation","Stakeholder list","13 June 2018","pdf","https://www.nice.org.uk/guidance/ng196/documents/stakeholder-list-2","Stakeholder_list","13_June_2018","pdf","Stakeholder_list_13_June_2018.pdf","D:/NICE_history/NG196","D:/NICE_history/NG196/Stakeholder_list_13_June_2018.pdf",TRUE,"downloaded",
"NG196","Equality and health inequalities assessment","Equality impact assessment - Section 1","13 June 2018","pdf","https://www.nice.org.uk/guidance/ng196/documents/equality-impact-assessment-4","Equality_impact_assessment_-_Section_1","13_June_2018","pdf","Equality_impact_assessment_-_Section_1_13_June_2018.pdf","D:/NICE_history/NG196","D:/NICE_history/NG196/Equality_impact_assessment_-_Section_1_13_June_2018.pdf",TRUE,"downloaded",
"NG196","Equality and health inequalities assessment","Equality impact assessment - Section 3","22 September 2020","pdf","https://www.nice.org.uk/guidance/ng196/documents/equality-impact-assessment-6","Equality_impact_assessment_-_Section_3","22_September_2020","pdf","Equality_impact_assessment_-_Section_3_22_September_2020.pdf","D:/NICE_history/NG196","D:/NICE_history/NG196/Equality_impact_assessment_-_Section_3_22_September_2020.pdf",TRUE,"downloaded",
"NG196","Equality and health inequalities assessment","Equality impact assessment - Section 2","28 November 2018","pdf","https://www.nice.org.uk/guidance/ng196/documents/equality-impact-assessment-5","Equality_impact_assessment_-_Section_2","28_November_2018","pdf","Equality_impact_assessment_-_Section_2_28_November_2018.pdf","D:/NICE_history/NG196","D:/NICE_history/NG196/Equality_impact_assessment_-_Section_2_28_November_2018.pdf",TRUE,"downloaded",
"NG196","Guidance published","Committee member list","27 April 2021","pdf","https://www.nice.org.uk/guidance/ng196/documents/committee-member-list-3","Committee_member_list","27_April_2021","pdf","Committee_member_list_27_April_2021.pdf","D:/NICE_history/NG196","D:/NICE_history/NG196/Committee_member_list_27_April_2021.pdf",TRUE,"downloaded",
"NG196","Guidance published","Equality impact assessment - section 4","27 April 2021","pdf","https://www.nice.org.uk/guidance/ng196/documents/equality-impact-assessment","Equality_impact_assessment_-_section_4","27_April_2021","pdf","Equality_impact_assessment_-_section_4_27_April_2021.pdf","D:/NICE_history/NG196","D:/NICE_history/NG196/Equality_impact_assessment_-_section_4_27_April_2021.pdf",TRUE,"downloaded",
"NG196","Guidance published","Consultation comments and responses","29 July 2022","pdf","https://www.nice.org.uk/guidance/ng196/documents/consultation-comments-and-responses-2","Consultation_comments_and_responses","29_July_2022","pdf","Consultation_comments_and_responses_29_July_2022.pdf","D:/NICE_history/NG196","D:/NICE_history/NG196/Consultation_comments_and_responses_29_July_2022.pdf",TRUE,"downloaded",
"NG196","Pre-consultation documents released","Economic plan","05 February 2020","pdf","https://www.nice.org.uk/guidance/ng196/documents/economic-plan","Economic_plan","05_February_2020","pdf","Economic_plan_05_February_2020.pdf","D:/NICE_history/NG196","D:/NICE_history/NG196/Economic_plan_05_February_2020.pdf",TRUE,"downloaded",
"NG196","Pre-consultation documents released","Review questions","05 February 2020","pdf","https://www.nice.org.uk/guidance/ng196/documents/review-questions","Review_questions","05_February_2020","pdf","Review_questions_05_February_2020.pdf","D:/NICE_history/NG196","D:/NICE_history/NG196/Review_questions_05_February_2020.pdf",TRUE,"downloaded",
"NG196","Pre-consultation documents released","Search strategies","05 February 2020","pdf","https://www.nice.org.uk/guidance/ng196/documents/search-strategies","Search_strategies","05_February_2020","pdf","Search_strategies_05_February_2020.pdf","D:/NICE_history/NG196","D:/NICE_history/NG196/Search_strategies_05_February_2020.pdf",TRUE,"downloaded",
"NG196","Scope published","Consultation comments and responses","27 November 2018","pdf","https://www.nice.org.uk/guidance/ng196/documents/consultation-comments-and-responses","Consultation_comments_and_responses","27_November_2018","pdf","Consultation_comments_and_responses_27_November_2018.pdf","D:/NICE_history/NG196","D:/NICE_history/NG196/Consultation_comments_and_responses_27_November_2018.pdf",TRUE,"downloaded",
"NG196","Scope published","Final scope","28 November 2018","pdf","https://www.nice.org.uk/guidance/ng196/documents/final-scope-2","Final_scope","28_November_2018","pdf","Final_scope_28_November_2018.pdf","D:/NICE_history/NG196","D:/NICE_history/NG196/Final_scope_28_November_2018.pdf",TRUE,"downloaded",
"NG196","Stakeholder list updated","Stakeholder list","20 May 2022","pdf","https://www.nice.org.uk/guidance/ng196/documents/stakeholder-list","Stakeholder_list","20_May_2022","pdf","Stakeholder_list_20_May_2022.pdf","D:/NICE_history/NG196","D:/NICE_history/NG196/Stakeholder_list_20_May_2022.pdf",TRUE,"downloaded",
"NG203","Committee meetings","Minutes 2","08 May 2019","pdf","https://www.nice.org.uk/guidance/ng203/update/NG203/documents/minutes-19","Minutes_2","08_May_2019","pdf","Minutes_2_08_May_2019.pdf","D:/NICE_history/NG203","D:/NICE_history/NG203/Minutes_2_08_May_2019.pdf",TRUE,"downloaded",
"NG203","Committee meetings","Minutes","09 January 2024","pdf","https://www.nice.org.uk/guidance/ng203/update/NG203/documents/minutes","Minutes","09_January_2024","pdf","Minutes_09_January_2024.pdf","D:/NICE_history/NG203","D:/NICE_history/NG203/Minutes_09_January_2024.pdf",TRUE,"downloaded",
"NG203","Committee meetings","Minutes 8","09 March 2020","pdf","https://www.nice.org.uk/guidance/ng203/update/NG203/documents/minutes-25","Minutes_8","09_March_2020","pdf","Minutes_8_09_March_2020.pdf","D:/NICE_history/NG203","D:/NICE_history/NG203/Minutes_8_09_March_2020.pdf",TRUE,"downloaded",
"NG203","Committee meetings","Minutes 11","09 September 2020","pdf","https://www.nice.org.uk/guidance/ng203/update/NG203/documents/minutes-28","Minutes_11","09_September_2020","pdf","Minutes_11_09_September_2020.pdf","D:/NICE_history/NG203","D:/NICE_history/NG203/Minutes_11_09_September_2020.pdf",TRUE,"downloaded",
"NG203","Committee meetings","Minutes 6","11 November 2019","pdf","https://www.nice.org.uk/guidance/ng203/update/NG203/documents/minutes-23","Minutes_6","11_November_2019","pdf","Minutes_6_11_November_2019.pdf","D:/NICE_history/NG203","D:/NICE_history/NG203/Minutes_6_11_November_2019.pdf",TRUE,"downloaded",
"NG203","Committee meetings","Minutes 14","18 December 2023","pdf","https://www.nice.org.uk/guidance/ng203/update/NG203/documents/minutes-31","Minutes_14","18_December_2023","pdf","Minutes_14_18_December_2023.pdf","D:/NICE_history/NG203","D:/NICE_history/NG203/Minutes_14_18_December_2023.pdf",TRUE,"downloaded",
"NG203","Committee meetings","Minutes 15","18 December 2023","pdf","https://www.nice.org.uk/guidance/ng203/update/NG203/documents/minutes-32","Minutes_15","18_December_2023","pdf","Minutes_15_18_December_2023.pdf","D:/NICE_history/NG203","D:/NICE_history/NG203/Minutes_15_18_December_2023.pdf",TRUE,"downloaded",
"NG203","Committee meetings","Minutes 16 (day 1)","18 December 2023","pdf","https://www.nice.org.uk/guidance/ng203/update/NG203/documents/minutes-33","Minutes_16_(day_1)","18_December_2023","pdf","Minutes_16_(day_1)_18_December_2023.pdf","D:/NICE_history/NG203","D:/NICE_history/NG203/Minutes_16_(day_1)_18_December_2023.pdf",TRUE,"downloaded",
"NG203","Committee meetings","Minutes 16 (day 2)","18 December 2023","pdf","https://www.nice.org.uk/guidance/ng203/update/NG203/documents/minutes-34","Minutes_16_(day_2)","18_December_2023","pdf","Minutes_16_(day_2)_18_December_2023.pdf","D:/NICE_history/NG203","D:/NICE_history/NG203/Minutes_16_(day_2)_18_December_2023.pdf",TRUE,"downloaded",
"NG203","Committee meetings","Minutes 1","18 March 2019","pdf","https://www.nice.org.uk/guidance/ng203/update/NG203/documents/minutes-18","Minutes_1","18_March_2019","pdf","Minutes_1_18_March_2019.pdf","D:/NICE_history/NG203","D:/NICE_history/NG203/Minutes_1_18_March_2019.pdf",TRUE,"downloaded",
"NG203","Committee meetings","Minutes 5","19 September 2019","pdf","https://www.nice.org.uk/guidance/ng203/update/NG203/documents/minutes-22","Minutes_5","19_September_2019","pdf","Minutes_5_19_September_2019.pdf","D:/NICE_history/NG203","D:/NICE_history/NG203/Minutes_5_19_September_2019.pdf",TRUE,"downloaded",
"NG203","Committee meetings","Minutes 3","21 June 2019","pdf","https://www.nice.org.uk/guidance/ng203/update/NG203/documents/minutes-20","Minutes_3","21_June_2019","pdf","Minutes_3_21_June_2019.pdf","D:/NICE_history/NG203","D:/NICE_history/NG203/Minutes_3_21_June_2019.pdf",TRUE,"downloaded",
"NG203","Committee meetings","Minutes 12","21 September 2020","pdf","https://www.nice.org.uk/guidance/ng203/update/NG203/documents/minutes-29","Minutes_12","21_September_2020","pdf","Minutes_12_21_September_2020.pdf","D:/NICE_history/NG203","D:/NICE_history/NG203/Minutes_12_21_September_2020.pdf",TRUE,"downloaded",
"NG203","Committee meetings","Minutes 13","23 September 2020","pdf","https://www.nice.org.uk/guidance/ng203/update/NG203/documents/minutes-30","Minutes_13","23_September_2020","pdf","Minutes_13_23_September_2020.pdf","D:/NICE_history/NG203","D:/NICE_history/NG203/Minutes_13_23_September_2020.pdf",TRUE,"downloaded",
"NG203","Committee meetings","Minutes 9","25 August 2020","pdf","https://www.nice.org.uk/guidance/ng203/update/NG203/documents/minutes-26","Minutes_9","25_August_2020","pdf","Minutes_9_25_August_2020.pdf","D:/NICE_history/NG203","D:/NICE_history/NG203/Minutes_9_25_August_2020.pdf",TRUE,"downloaded",
"NG203","Committee meetings","Minutes 10","27 August 2020","pdf","https://www.nice.org.uk/guidance/ng203/update/NG203/documents/minutes-27","Minutes_10","27_August_2020","pdf","Minutes_10_27_August_2020.pdf","D:/NICE_history/NG203","D:/NICE_history/NG203/Minutes_10_27_August_2020.pdf",TRUE,"downloaded",
"NG203","Committee meetings","Minutes 7","30 January 2020","pdf","https://www.nice.org.uk/guidance/ng203/update/NG203/documents/minutes-24","Minutes_7","30_January_2020","pdf","Minutes_7_30_January_2020.pdf","D:/NICE_history/NG203","D:/NICE_history/NG203/Minutes_7_30_January_2020.pdf",TRUE,"downloaded",
"NG203","Committee meetings","Minutes 4","31 July 2019","pdf","https://www.nice.org.uk/guidance/ng203/update/NG203/documents/minutes-21","Minutes_4","31_July_2019","pdf","Minutes_4_31_July_2019.pdf","D:/NICE_history/NG203","D:/NICE_history/NG203/Minutes_4_31_July_2019.pdf",TRUE,"downloaded",
"NG203","Declaration of interests","Register of interests","24 August 2021","pdf","https://www.nice.org.uk/guidance/ng203/update/NG203/documents/register-of-interests","Register_of_interests","24_August_2021","pdf","Register_of_interests_24_August_2021.pdf","D:/NICE_history/NG203","D:/NICE_history/NG203/Register_of_interests_24_August_2021.pdf",TRUE,"downloaded",
"NG203","Draft guidance consultation","Comments form","22 January 2021","docx","https://www.nice.org.uk/guidance/ng203/update/NG203/documents/comments-form-2","Comments_form","22_January_2021","docx","Comments_form_22_January_2021.docx","D:/NICE_history/NG203","D:/NICE_history/NG203/Comments_form_22_January_2021.docx",TRUE,"downloaded",
"NG203","Draft guidance consultation","Committee member list","22 January 2021","pdf","https://www.nice.org.uk/guidance/ng203/update/NG203/documents/committee-member-list-2","Committee_member_list","22_January_2021","pdf","Committee_member_list_22_January_2021.pdf","D:/NICE_history/NG203","D:/NICE_history/NG203/Committee_member_list_22_January_2021.pdf",TRUE,"downloaded",
"NG203","Draft guidance consultation","Draft guideline","22 January 2021","pdf","https://www.nice.org.uk/guidance/ng203/update/NG203/documents/draft-guideline","Draft_guideline","22_January_2021","pdf","Draft_guideline_22_January_2021.pdf","D:/NICE_history/NG203","D:/NICE_history/NG203/Draft_guideline_22_January_2021.pdf",TRUE,"downloaded",
"NG203","Draft guidance consultation","Equality impact assessment 3","22 January 2021","pdf","https://www.nice.org.uk/guidance/ng203/update/NG203/documents/equality-impact-assessment-3","Equality_impact_assessment_3","22_January_2021","pdf","Equality_impact_assessment_3_22_January_2021.pdf","D:/NICE_history/NG203","D:/NICE_history/NG203/Equality_impact_assessment_3_22_January_2021.pdf",TRUE,"downloaded",
"NG203","Draft guidance consultation","Evidence review A","22 January 2021","pdf","https://www.nice.org.uk/guidance/ng203/update/NG203/documents/evidence-review","Evidence_review_A","22_January_2021","pdf","Evidence_review_A_22_January_2021.pdf","D:/NICE_history/NG203","D:/NICE_history/NG203/Evidence_review_A_22_January_2021.pdf",TRUE,"downloaded",
"NG203","Draft guidance consultation","Evidence review B","22 January 2021","pdf","https://www.nice.org.uk/guidance/ng203/update/NG203/documents/evidence-review-2","Evidence_review_B","22_January_2021","pdf","Evidence_review_B_22_January_2021.pdf","D:/NICE_history/NG203","D:/NICE_history/NG203/Evidence_review_B_22_January_2021.pdf",TRUE,"downloaded",
"NG203","Draft guidance consultation","Evidence review C","22 January 2021","pdf","https://www.nice.org.uk/guidance/ng203/update/NG203/documents/evidence-review-3","Evidence_review_C","22_January_2021","pdf","Evidence_review_C_22_January_2021.pdf","D:/NICE_history/NG203","D:/NICE_history/NG203/Evidence_review_C_22_January_2021.pdf",TRUE,"downloaded",
"NG203","Draft guidance consultation","Evidence review D","22 January 2021","pdf","https://www.nice.org.uk/guidance/ng203/update/NG203/documents/evidence-review-4","Evidence_review_D","22_January_2021","pdf","Evidence_review_D_22_January_2021.pdf","D:/NICE_history/NG203","D:/NICE_history/NG203/Evidence_review_D_22_January_2021.pdf",TRUE,"downloaded",
"NG203","Draft guidance consultation","Evidence review E","22 January 2021","pdf","https://www.nice.org.uk/guidance/ng203/update/NG203/documents/evidence-review-5","Evidence_review_E","22_January_2021","pdf","Evidence_review_E_22_January_2021.pdf","D:/NICE_history/NG203","D:/NICE_history/NG203/Evidence_review_E_22_January_2021.pdf",TRUE,"downloaded",
"NG203","Draft guidance consultation","Evidence review F","22 January 2021","pdf","https://www.nice.org.uk/guidance/ng203/update/NG203/documents/evidence-review-6","Evidence_review_F","22_January_2021","pdf","Evidence_review_F_22_January_2021.pdf","D:/NICE_history/NG203","D:/NICE_history/NG203/Evidence_review_F_22_January_2021.pdf",TRUE,"downloaded",
"NG203","Draft guidance consultation","Evidence review G","22 January 2021","pdf","https://www.nice.org.uk/guidance/ng203/update/NG203/documents/evidence-review-7","Evidence_review_G","22_January_2021","pdf","Evidence_review_G_22_January_2021.pdf","D:/NICE_history/NG203","D:/NICE_history/NG203/Evidence_review_G_22_January_2021.pdf",TRUE,"downloaded",
"NG203","Draft guidance consultation","Evidence review H","22 January 2021","pdf","https://www.nice.org.uk/guidance/ng203/update/NG203/documents/evidence-review-8","Evidence_review_H","22_January_2021","pdf","Evidence_review_H_22_January_2021.pdf","D:/NICE_history/NG203","D:/NICE_history/NG203/Evidence_review_H_22_January_2021.pdf",TRUE,"downloaded",
"NG203","Draft guidance consultation","Evidence review I","22 January 2021","pdf","https://www.nice.org.uk/guidance/ng203/update/NG203/documents/evidence-review-9","Evidence_review_I","22_January_2021","pdf","Evidence_review_I_22_January_2021.pdf","D:/NICE_history/NG203","D:/NICE_history/NG203/Evidence_review_I_22_January_2021.pdf",FALSE,"failed","Transferred a partial file [www.nice.org.uk]:
transfer closed with outstanding read data remaining"
"NG203","Draft guidance consultation","Evidence review J","22 January 2021","pdf","https://www.nice.org.uk/guidance/ng203/update/NG203/documents/evidence-review-10","Evidence_review_J","22_January_2021","pdf","Evidence_review_J_22_January_2021.pdf","D:/NICE_history/NG203","D:/NICE_history/NG203/Evidence_review_J_22_January_2021.pdf",TRUE,"downloaded",
"NG203","Draft guidance consultation","Evidence review K","22 January 2021","pdf","https://www.nice.org.uk/guidance/ng203/update/NG203/documents/evidence-review-11","Evidence_review_K","22_January_2021","pdf","Evidence_review_K_22_January_2021.pdf","D:/NICE_history/NG203","D:/NICE_history/NG203/Evidence_review_K_22_January_2021.pdf",TRUE,"downloaded",
"NG203","Draft guidance consultation","Evidence review L","22 January 2021","pdf","https://www.nice.org.uk/guidance/ng203/update/NG203/documents/evidence-review-12","Evidence_review_L","22_January_2021","pdf","Evidence_review_L_22_January_2021.pdf","D:/NICE_history/NG203","D:/NICE_history/NG203/Evidence_review_L_22_January_2021.pdf",TRUE,"downloaded",
"NG203","Draft guidance consultation","Evidence review M","22 January 2021","pdf","https://www.nice.org.uk/guidance/ng203/update/NG203/documents/evidence-review-13","Evidence_review_M","22_January_2021","pdf","Evidence_review_M_22_January_2021.pdf","D:/NICE_history/NG203","D:/NICE_history/NG203/Evidence_review_M_22_January_2021.pdf",TRUE,"downloaded",
"NG203","Draft guidance consultation","Supporting documentation Algorithm 1","22 January 2021","pdf","https://www.nice.org.uk/guidance/ng203/update/NG203/documents/supporting-documentation","Supporting_documentation_Algorithm_1","22_January_2021","pdf","Supporting_documentation_Algorithm_1_22_January_2021.pdf","D:/NICE_history/NG203","D:/NICE_history/NG203/Supporting_documentation_Algorithm_1_22_January_2021.pdf",TRUE,"downloaded",
"NG203","Draft guidance consultation","Supporting documentation Algorithm 2","22 January 2021","pdf","https://www.nice.org.uk/guidance/ng203/update/NG203/documents/supporting-documentation-2","Supporting_documentation_Algorithm_2","22_January_2021","pdf","Supporting_documentation_Algorithm_2_22_January_2021.pdf","D:/NICE_history/NG203","D:/NICE_history/NG203/Supporting_documentation_Algorithm_2_22_January_2021.pdf",TRUE,"downloaded",
"NG203","Draft guidance consultation","Supporting documentation Algorithm 3","22 January 2021","pdf","https://www.nice.org.uk/guidance/ng203/update/NG203/documents/supporting-documentation-3","Supporting_documentation_Algorithm_3","22_January_2021","pdf","Supporting_documentation_Algorithm_3_22_January_2021.pdf","D:/NICE_history/NG203","D:/NICE_history/NG203/Supporting_documentation_Algorithm_3_22_January_2021.pdf",TRUE,"downloaded",
"NG203","Draft guidance consultation","Evidence review N","25 January 2021","pdf","https://www.nice.org.uk/guidance/ng203/update/NG203/documents/evidence-review-14","Evidence_review_N","25_January_2021","pdf","Evidence_review_N_25_January_2021.pdf","D:/NICE_history/NG203","D:/NICE_history/NG203/Evidence_review_N_25_January_2021.pdf",TRUE,"downloaded",
"NG203","Draft scope consultation","Comments form","07 December 2018","docx","https://www.nice.org.uk/guidance/ng203/update/NG203/documents/comments-form","Comments_form","07_December_2018","docx","Comments_form_07_December_2018.docx","D:/NICE_history/NG203","D:/NICE_history/NG203/Comments_form_07_December_2018.docx",TRUE,"downloaded",
"NG203","Draft scope consultation","Draft scope","07 December 2018","pdf","https://www.nice.org.uk/guidance/ng203/update/NG203/documents/draft-scope","Draft_scope","07_December_2018","pdf","Draft_scope_07_December_2018.pdf","D:/NICE_history/NG203","D:/NICE_history/NG203/Draft_scope_07_December_2018.pdf",TRUE,"downloaded",
"NG203","Draft scope consultation","Equality impact assessment 1","07 December 2018","pdf","https://www.nice.org.uk/guidance/ng203/update/NG203/documents/equality-impact-assessment","Equality_impact_assessment_1","07_December_2018","pdf","Equality_impact_assessment_1_07_December_2018.pdf","D:/NICE_history/NG203","D:/NICE_history/NG203/Equality_impact_assessment_1_07_December_2018.pdf",TRUE,"downloaded",
"NG203","Guidance published","Committee member list","25 August 2021","pdf","https://www.nice.org.uk/guidance/ng203/update/NG203/documents/committee-member-list","Committee_member_list","25_August_2021","pdf","Committee_member_list_25_August_2021.pdf","D:/NICE_history/NG203","D:/NICE_history/NG203/Committee_member_list_25_August_2021.pdf",TRUE,"downloaded",
"NG203","Guidance published","Consultation comments and responses","25 August 2021","pdf","https://www.nice.org.uk/guidance/ng203/update/NG203/documents/consultation-comments-and-responses-2","Consultation_comments_and_responses","25_August_2021","pdf","Consultation_comments_and_responses_25_August_2021.pdf","D:/NICE_history/NG203","D:/NICE_history/NG203/Consultation_comments_and_responses_25_August_2021.pdf",TRUE,"downloaded",
"NG203","Guidance published","Equality impact assessment 4","25 August 2021","pdf","https://www.nice.org.uk/guidance/ng203/update/NG203/documents/equality-impact-assessment-4","Equality_impact_assessment_4","25_August_2021","pdf","Equality_impact_assessment_4_25_August_2021.pdf","D:/NICE_history/NG203","D:/NICE_history/NG203/Equality_impact_assessment_4_25_August_2021.pdf",TRUE,"downloaded",
"NG203","Pre-consultation documents released","Economic plan","24 November 2020","pdf","https://www.nice.org.uk/guidance/ng203/update/NG203/documents/economic-plan","Economic_plan","24_November_2020","pdf","Economic_plan_24_November_2020.pdf","D:/NICE_history/NG203","D:/NICE_history/NG203/Economic_plan_24_November_2020.pdf",TRUE,"downloaded",
"NG203","Pre-consultation documents released","Review questions","24 November 2020","pdf","https://www.nice.org.uk/guidance/ng203/update/NG203/documents/review-questions","Review_questions","24_November_2020","pdf","Review_questions_24_November_2020.pdf","D:/NICE_history/NG203","D:/NICE_history/NG203/Review_questions_24_November_2020.pdf",TRUE,"downloaded",
"NG203","Pre-consultation documents released","Search strategies","24 November 2020","pdf","https://www.nice.org.uk/guidance/ng203/update/NG203/documents/search-strategies","Search_strategies","24_November_2020","pdf","Search_strategies_24_November_2020.pdf","D:/NICE_history/NG203","D:/NICE_history/NG203/Search_strategies_24_November_2020.pdf",TRUE,"downloaded",
"NG203","Scope published","Consultation comments and responses","13 March 2019","pdf","https://www.nice.org.uk/guidance/ng203/update/NG203/documents/consultation-comments-and-responses","Consultation_comments_and_responses","13_March_2019","pdf","Consultation_comments_and_responses_13_March_2019.pdf","D:/NICE_history/NG203","D:/NICE_history/NG203/Consultation_comments_and_responses_13_March_2019.pdf",TRUE,"downloaded",
"NG203","Scope published","Equality impact assessment 2","13 March 2019","pdf","https://www.nice.org.uk/guidance/ng203/update/NG203/documents/equality-impact-assessment-2","Equality_impact_assessment_2","13_March_2019","pdf","Equality_impact_assessment_2_13_March_2019.pdf","D:/NICE_history/NG203","D:/NICE_history/NG203/Equality_impact_assessment_2_13_March_2019.pdf",TRUE,"downloaded",
"NG203","Scope published","Final scope","13 March 2019","pdf","https://www.nice.org.uk/guidance/ng203/update/NG203/documents/final-scope","Final_scope","13_March_2019","pdf","Final_scope_13_March_2019.pdf","D:/NICE_history/NG203","D:/NICE_history/NG203/Final_scope_13_March_2019.pdf",TRUE,"downloaded",
"NG203","Scoping workshop: London","Workshop notes","12 November 2018","pdf","https://www.nice.org.uk/guidance/ng203/update/NG203/documents/workshop-notes","Workshop_notes","12_November_2018","pdf","Workshop_notes_12_November_2018.pdf","D:/NICE_history/NG203","D:/NICE_history/NG203/Workshop_notes_12_November_2018.pdf",TRUE,"downloaded",
"NG203","Stakeholder list updated","Stakeholder list","24 August 2021","pdf","https://www.nice.org.uk/guidance/ng203/update/NG203/documents/stakeholder-list-2","Stakeholder_list","24_August_2021","pdf","Stakeholder_list_24_August_2021.pdf","D:/NICE_history/NG203","D:/NICE_history/NG203/Stakeholder_list_24_August_2021.pdf",TRUE,"downloaded",
"NG203","Update on 24 November 2021","Comments form","01 September 2021","docx","https://www.nice.org.uk/guidance/ng203/update/ng28-update-2/documents/comments-form","Comments_form","01_September_2021","docx","Comments_form_01_September_2021.docx","D:/NICE_history/NG203","D:/NICE_history/NG203/Comments_form_01_September_2021.docx",TRUE,"downloaded",
"NG203","Update on 24 November 2021","Draft guideline","01 September 2021","pdf","https://www.nice.org.uk/guidance/ng203/update/ng28-update-2/documents/draft-guideline","Draft_guideline","01_September_2021","pdf","Draft_guideline_01_September_2021.pdf","D:/NICE_history/NG203","D:/NICE_history/NG203/Draft_guideline_01_September_2021.pdf",TRUE,"downloaded",
"NG203","Update on 24 November 2021","Equality impact assessment 3","01 September 2021","pdf","https://www.nice.org.uk/guidance/ng203/update/ng28-update-2/documents/equality-impact-assessment","Equality_impact_assessment_3","01_September_2021","pdf","Equality_impact_assessment_3_01_September_2021.pdf","D:/NICE_history/NG203","D:/NICE_history/NG203/Equality_impact_assessment_3_01_September_2021.pdf",TRUE,"downloaded",
"NG203","Update on 24 November 2021","Evidence review","01 September 2021","pdf","https://www.nice.org.uk/guidance/ng203/update/ng28-update-2/documents/evidence-review","Evidence_review","01_September_2021","pdf","Evidence_review_01_September_2021.pdf","D:/NICE_history/NG203","D:/NICE_history/NG203/Evidence_review_01_September_2021.pdf",TRUE,"downloaded",
"NG203","Update on 24 November 2021","Stakeholder list - Chronic kidney disease","23 November 2021","pdf","https://www.nice.org.uk/guidance/ng203/update/ng28-update-2/documents/stakeholder-list-4","Stakeholder_list_-_Chronic_kidney_disease","23_November_2021","pdf","Stakeholder_list_-_Chronic_kidney_disease_23_November_2021.pdf","D:/NICE_history/NG203","D:/NICE_history/NG203/Stakeholder_list_-_Chronic_kidney_disease_23_November_2021.pdf",TRUE,"downloaded",
"NG203","Update on 24 November 2021","Stakeholder list - Type 2 diabetes in adults","23 November 2021","pdf","https://www.nice.org.uk/guidance/ng203/update/ng28-update-2/documents/stakeholder-list-3","Stakeholder_list_-_Type_2_diabetes_in_adults","23_November_2021","pdf","Stakeholder_list_-_Type_2_diabetes_in_adults_23_November_2021.pdf","D:/NICE_history/NG203","D:/NICE_history/NG203/Stakeholder_list_-_Type_2_diabetes_in_adults_23_November_2021.pdf",TRUE,"downloaded",
"NG203","Update on 24 November 2021","Committee member list","24 November 2021","pdf","https://www.nice.org.uk/guidance/ng203/update/ng28-update-2/documents/committee-member-list","Committee_member_list","24_November_2021","pdf","Committee_member_list_24_November_2021.pdf","D:/NICE_history/NG203","D:/NICE_history/NG203/Committee_member_list_24_November_2021.pdf",TRUE,"downloaded",
"NG203","Update on 24 November 2021","Consultation comments and responses","24 November 2021","pdf","https://www.nice.org.uk/guidance/ng203/update/ng28-update-2/documents/consultation-comments-and-responses","Consultation_comments_and_responses","24_November_2021","pdf","Consultation_comments_and_responses_24_November_2021.pdf","D:/NICE_history/NG203","D:/NICE_history/NG203/Consultation_comments_and_responses_24_November_2021.pdf",TRUE,"downloaded",
"NG203","Update on 24 November 2021","Register of interests","24 November 2021","pdf","https://www.nice.org.uk/guidance/ng203/update/ng28-update-2/documents/register-of-interests","Register_of_interests","24_November_2021","pdf","Register_of_interests_24_November_2021.pdf","D:/NICE_history/NG203","D:/NICE_history/NG203/Register_of_interests_24_November_2021.pdf",TRUE,"downloaded",
"NG208","Committee list updated","Committee member list","16 March 2021","pdf","https://www.nice.org.uk/guidance/ng208/documents/committee-member-list-3","Committee_member_list","16_March_2021","pdf","Committee_member_list_16_March_2021.pdf","D:/NICE_history/NG208","D:/NICE_history/NG208/Committee_member_list_16_March_2021.pdf",TRUE,"downloaded",
"NG208","Committee meetings","Minutes 4","01 November 2019","pdf","https://www.nice.org.uk/guidance/ng208/documents/minutes-4","Minutes_4","01_November_2019","pdf","Minutes_4_01_November_2019.pdf","D:/NICE_history/NG208","D:/NICE_history/NG208/Minutes_4_01_November_2019.pdf",TRUE,"downloaded",
"NG208","Committee meetings","Minutes 13","03 November 2020","pdf","https://www.nice.org.uk/guidance/ng208/documents/minutes-10","Minutes_13","03_November_2020","pdf","Minutes_13_03_November_2020.pdf","D:/NICE_history/NG208","D:/NICE_history/NG208/Minutes_13_03_November_2020.pdf",TRUE,"downloaded",
"NG208","Committee meetings","Minutes 1","05 June 2019","pdf","https://www.nice.org.uk/guidance/ng208/documents/minutes","Minutes_1","05_June_2019","pdf","Minutes_1_05_June_2019.pdf","D:/NICE_history/NG208","D:/NICE_history/NG208/Minutes_1_05_June_2019.pdf",FALSE,"failed","Transferred a partial file [www.nice.org.uk]:
transfer closed with outstanding read data remaining"
"NG208","Committee meetings","Minutes 12","05 November 2020","pdf","https://www.nice.org.uk/guidance/ng208/documents/minutes-9","Minutes_12","05_November_2020","pdf","Minutes_12_05_November_2020.pdf","D:/NICE_history/NG208","D:/NICE_history/NG208/Minutes_12_05_November_2020.pdf",TRUE,"downloaded",
"NG208","Committee meetings","Minutes 5","10 December 2019","pdf","https://www.nice.org.uk/guidance/ng208/documents/minutes-5","Minutes_5","10_December_2019","pdf","Minutes_5_10_December_2019.pdf","D:/NICE_history/NG208","D:/NICE_history/NG208/Minutes_5_10_December_2019.pdf",TRUE,"downloaded",
"NG208","Committee meetings","Minutes 15","15 December 2020","pdf","https://www.nice.org.uk/guidance/ng208/documents/minutes-12","Minutes_15","15_December_2020","pdf","Minutes_15_15_December_2020.pdf","D:/NICE_history/NG208","D:/NICE_history/NG208/Minutes_15_15_December_2020.pdf",TRUE,"downloaded",
"NG208","Committee meetings","Minutes 2","16 July 2019","pdf","https://www.nice.org.uk/guidance/ng208/documents/minutes-2","Minutes_2","16_July_2019","pdf","Minutes_2_16_July_2019.pdf","D:/NICE_history/NG208","D:/NICE_history/NG208/Minutes_2_16_July_2019.pdf",TRUE,"downloaded",
"NG208","Committee meetings","Minutes 6","17 January 2020","pdf","https://www.nice.org.uk/guidance/ng208/documents/minutes-6","Minutes_6","17_January_2020","pdf","Minutes_6_17_January_2020.pdf","D:/NICE_history/NG208","D:/NICE_history/NG208/Minutes_6_17_January_2020.pdf",TRUE,"downloaded",
"NG208","Committee meetings","Minutes 16","17 May 2021","pdf","https://www.nice.org.uk/guidance/ng208/documents/minutes-13","Minutes_16","17_May_2021","pdf","Minutes_16_17_May_2021.pdf","D:/NICE_history/NG208","D:/NICE_history/NG208/Minutes_16_17_May_2021.pdf",TRUE,"downloaded",
"NG208","Committee meetings","Minutes 18","17 November 2021","pdf","https://www.nice.org.uk/guidance/ng208/documents/minutes-15","Minutes_18","17_November_2021","pdf","Minutes_18_17_November_2021.pdf","D:/NICE_history/NG208","D:/NICE_history/NG208/Minutes_18_17_November_2021.pdf",TRUE,"downloaded",
"NG208","Committee meetings","Minutes 3","17 September 2019","pdf","https://www.nice.org.uk/guidance/ng208/documents/minutes-3","Minutes_3","17_September_2019","pdf","Minutes_3_17_September_2019.pdf","D:/NICE_history/NG208","D:/NICE_history/NG208/Minutes_3_17_September_2019.pdf",TRUE,"downloaded",
"NG208","Committee meetings","Minutes 17","18 May 2021","pdf","https://www.nice.org.uk/guidance/ng208/documents/minutes-14","Minutes_17","18_May_2021","pdf","Minutes_17_18_May_2021.pdf","D:/NICE_history/NG208","D:/NICE_history/NG208/Minutes_17_18_May_2021.pdf",TRUE,"downloaded",
"NG208","Committee meetings","Minutes 14","20 November 2020","pdf","https://www.nice.org.uk/guidance/ng208/documents/minutes-11","Minutes_14","20_November_2020","pdf","Minutes_14_20_November_2020.pdf","D:/NICE_history/NG208","D:/NICE_history/NG208/Minutes_14_20_November_2020.pdf",TRUE,"downloaded",
"NG208","Committee meetings","Minutes 10","21 August 2020","pdf","https://www.nice.org.uk/guidance/ng208/documents/minutes-21","Minutes_10","21_August_2020","pdf","Minutes_10_21_August_2020.pdf","D:/NICE_history/NG208","D:/NICE_history/NG208/Minutes_10_21_August_2020.pdf",TRUE,"downloaded",
"NG208","Committee meetings","Minutes 11","22 September 2020","pdf","https://www.nice.org.uk/guidance/ng208/documents/minutes-22","Minutes_11","22_September_2020","pdf","Minutes_11_22_September_2020.pdf","D:/NICE_history/NG208","D:/NICE_history/NG208/Minutes_11_22_September_2020.pdf",TRUE,"downloaded",
"NG208","Committee meetings","Minutes 8","28 February 2020","pdf","https://www.nice.org.uk/guidance/ng208/documents/minutes-8","Minutes_8","28_February_2020","pdf","Minutes_8_28_February_2020.pdf","D:/NICE_history/NG208","D:/NICE_history/NG208/Minutes_8_28_February_2020.pdf",TRUE,"downloaded",
"NG208","Committee meetings","Minutes 7","31 January 2020","pdf","https://www.nice.org.uk/guidance/ng208/documents/minutes-7","Minutes_7","31_January_2020","pdf","Minutes_7_31_January_2020.pdf","D:/NICE_history/NG208","D:/NICE_history/NG208/Minutes_7_31_January_2020.pdf",TRUE,"downloaded",
"NG208","Committee meetings","Minutes 9","31 July 2020","pdf","https://www.nice.org.uk/guidance/ng208/documents/minutes-20","Minutes_9","31_July_2020","pdf","Minutes_9_31_July_2020.pdf","D:/NICE_history/NG208","D:/NICE_history/NG208/Minutes_9_31_July_2020.pdf",TRUE,"downloaded",
"NG208","Consultation comments published","Consultation comments and responses","17 November 2021","pdf","https://www.nice.org.uk/guidance/ng208/documents/consultation-comments-and-responses-2","Consultation_comments_and_responses","17_November_2021","pdf","Consultation_comments_and_responses_17_November_2021.pdf","D:/NICE_history/NG208","D:/NICE_history/NG208/Consultation_comments_and_responses_17_November_2021.pdf",TRUE,"downloaded",
"NG208","Declaration of interests","Register of interests","16 November 2021","pdf","https://www.nice.org.uk/guidance/ng208/documents/register-of-interests-2","Register_of_interests","16_November_2021","pdf","Register_of_interests_16_November_2021.pdf","D:/NICE_history/NG208","D:/NICE_history/NG208/Register_of_interests_16_November_2021.pdf",TRUE,"downloaded",
"NG208","Draft guidance consultation","Comments form","16 March 2021","docx","https://www.nice.org.uk/guidance/ng208/documents/comments-form-2","Comments_form","16_March_2021","docx","Comments_form_16_March_2021.docx","D:/NICE_history/NG208","D:/NICE_history/NG208/Comments_form_16_March_2021.docx",TRUE,"downloaded",
"NG208","Draft guidance consultation","Committee member list","16 March 2021","pdf","https://www.nice.org.uk/guidance/ng208/documents/committee-member-list","Committee_member_list","16_March_2021","pdf","Committee_member_list_16_March_2021_2.pdf","D:/NICE_history/NG208","D:/NICE_history/NG208/Committee_member_list_16_March_2021_2.pdf",TRUE,"downloaded",
"NG208","Draft guidance consultation","Draft guideline","16 March 2021","pdf","https://www.nice.org.uk/guidance/ng208/documents/draft-guideline","Draft_guideline","16_March_2021","pdf","Draft_guideline_16_March_2021.pdf","D:/NICE_history/NG208","D:/NICE_history/NG208/Draft_guideline_16_March_2021.pdf",TRUE,"downloaded",
"NG208","Draft guidance consultation","Economic report MitraClip","16 March 2021","pdf","https://www.nice.org.uk/guidance/ng208/documents/economic-report-2","Economic_report_MitraClip","16_March_2021","pdf","Economic_report_MitraClip_16_March_2021.pdf","D:/NICE_history/NG208","D:/NICE_history/NG208/Economic_report_MitraClip_16_March_2021.pdf",FALSE,"failed","Transferred a partial file [www.nice.org.uk]:
transfer closed with outstanding read data remaining"
"NG208","Draft guidance consultation","Economic report TAVI","16 March 2021","pdf","https://www.nice.org.uk/guidance/ng208/documents/economic-report","Economic_report_TAVI","16_March_2021","pdf","Economic_report_TAVI_16_March_2021.pdf","D:/NICE_history/NG208","D:/NICE_history/NG208/Economic_report_TAVI_16_March_2021.pdf",TRUE,"downloaded",
"NG208","Draft guidance consultation","Equality impact assessment","16 March 2021","pdf","https://www.nice.org.uk/guidance/ng208/documents/equality-impact-assessment-3","Equality_impact_assessment","16_March_2021","pdf","Equality_impact_assessment_16_March_2021.pdf","D:/NICE_history/NG208","D:/NICE_history/NG208/Equality_impact_assessment_16_March_2021.pdf",TRUE,"downloaded",
"NG208","Draft guidance consultation","Evidence review A","16 March 2021","pdf","https://www.nice.org.uk/guidance/ng208/documents/evidence-review-13","Evidence_review_A","16_March_2021","pdf","Evidence_review_A_16_March_2021.pdf","D:/NICE_history/NG208","D:/NICE_history/NG208/Evidence_review_A_16_March_2021.pdf",TRUE,"downloaded",
"NG208","Draft guidance consultation","Evidence review B","16 March 2021","pdf","https://www.nice.org.uk/guidance/ng208/documents/evidence-review-2","Evidence_review_B","16_March_2021","pdf","Evidence_review_B_16_March_2021.pdf","D:/NICE_history/NG208","D:/NICE_history/NG208/Evidence_review_B_16_March_2021.pdf",TRUE,"downloaded",
"NG208","Draft guidance consultation","Evidence review C","16 March 2021","pdf","https://www.nice.org.uk/guidance/ng208/documents/evidence-review-14","Evidence_review_C","16_March_2021","pdf","Evidence_review_C_16_March_2021.pdf","D:/NICE_history/NG208","D:/NICE_history/NG208/Evidence_review_C_16_March_2021.pdf",TRUE,"downloaded",
"NG208","Draft guidance consultation","Evidence review D","16 March 2021","pdf","https://www.nice.org.uk/guidance/ng208/documents/evidence-review-4","Evidence_review_D","16_March_2021","pdf","Evidence_review_D_16_March_2021.pdf","D:/NICE_history/NG208","D:/NICE_history/NG208/Evidence_review_D_16_March_2021.pdf",TRUE,"downloaded",
"NG208","Draft guidance consultation","Evidence review E","16 March 2021","pdf","https://www.nice.org.uk/guidance/ng208/documents/evidence-review-5","Evidence_review_E","16_March_2021","pdf","Evidence_review_E_16_March_2021.pdf","D:/NICE_history/NG208","D:/NICE_history/NG208/Evidence_review_E_16_March_2021.pdf",TRUE,"downloaded",
"NG208","Draft guidance consultation","Evidence review F","16 March 2021","pdf","https://www.nice.org.uk/guidance/ng208/documents/evidence-review-6","Evidence_review_F","16_March_2021","pdf","Evidence_review_F_16_March_2021.pdf","D:/NICE_history/NG208","D:/NICE_history/NG208/Evidence_review_F_16_March_2021.pdf",TRUE,"downloaded",
"NG208","Draft guidance consultation","Evidence review G","16 March 2021","pdf","https://www.nice.org.uk/guidance/ng208/documents/evidence-review-7","Evidence_review_G","16_March_2021","pdf","Evidence_review_G_16_March_2021.pdf","D:/NICE_history/NG208","D:/NICE_history/NG208/Evidence_review_G_16_March_2021.pdf",TRUE,"downloaded",
"NG208","Draft guidance consultation","Evidence review H","16 March 2021","pdf","https://www.nice.org.uk/guidance/ng208/documents/evidence-review-8","Evidence_review_H","16_March_2021","pdf","Evidence_review_H_16_March_2021.pdf","D:/NICE_history/NG208","D:/NICE_history/NG208/Evidence_review_H_16_March_2021.pdf",TRUE,"downloaded",
"NG208","Draft guidance consultation","Evidence review I","16 March 2021","pdf","https://www.nice.org.uk/guidance/ng208/documents/evidence-review-9","Evidence_review_I","16_March_2021","pdf","Evidence_review_I_16_March_2021.pdf","D:/NICE_history/NG208","D:/NICE_history/NG208/Evidence_review_I_16_March_2021.pdf",TRUE,"downloaded",
"NG208","Draft guidance consultation","Evidence review J","16 March 2021","pdf","https://www.nice.org.uk/guidance/ng208/documents/evidence-review-10","Evidence_review_J","16_March_2021","pdf","Evidence_review_J_16_March_2021.pdf","D:/NICE_history/NG208","D:/NICE_history/NG208/Evidence_review_J_16_March_2021.pdf",TRUE,"downloaded",
"NG208","Draft guidance consultation","Evidence review K","16 March 2021","pdf","https://www.nice.org.uk/guidance/ng208/documents/evidence-review-11","Evidence_review_K","16_March_2021","pdf","Evidence_review_K_16_March_2021.pdf","D:/NICE_history/NG208","D:/NICE_history/NG208/Evidence_review_K_16_March_2021.pdf",TRUE,"downloaded",
"NG208","Draft guidance consultation","Evidence review L","16 March 2021","pdf","https://www.nice.org.uk/guidance/ng208/documents/evidence-review-12","Evidence_review_L","16_March_2021","pdf","Evidence_review_L_16_March_2021.pdf","D:/NICE_history/NG208","D:/NICE_history/NG208/Evidence_review_L_16_March_2021.pdf",TRUE,"downloaded",
"NG208","Draft guidance consultation","Supporting documentation","16 March 2021","pdf","https://www.nice.org.uk/guidance/ng208/documents/supporting-documentation","Supporting_documentation","16_March_2021","pdf","Supporting_documentation_16_March_2021.pdf","D:/NICE_history/NG208","D:/NICE_history/NG208/Supporting_documentation_16_March_2021.pdf",TRUE,"downloaded",
"NG208","Draft guidance consultation","Supporting documentation","16 March 2021","pdf","https://www.nice.org.uk/guidance/ng208/documents/supporting-documentation-2","Supporting_documentation","16_March_2021","pdf","Supporting_documentation_16_March_2021_2.pdf","D:/NICE_history/NG208","D:/NICE_history/NG208/Supporting_documentation_16_March_2021_2.pdf",TRUE,"downloaded",
"NG208","Draft guidance consultation","Supporting documentation","16 March 2021","pdf","https://www.nice.org.uk/guidance/ng208/documents/supporting-documentation-3","Supporting_documentation","16_March_2021","pdf","Supporting_documentation_16_March_2021_3.pdf","D:/NICE_history/NG208","D:/NICE_history/NG208/Supporting_documentation_16_March_2021_3.pdf",TRUE,"downloaded",
"NG208","Draft guidance consultation","Supporting documentation Algorithm","16 March 2021","pdf","https://www.nice.org.uk/guidance/ng208/documents/supporting-documentation-4","Supporting_documentation_Algorithm","16_March_2021","pdf","Supporting_documentation_Algorithm_16_March_2021.pdf","D:/NICE_history/NG208","D:/NICE_history/NG208/Supporting_documentation_Algorithm_16_March_2021.pdf",TRUE,"downloaded",
"NG208","Draft scope consultation","Comments form","18 February 2019","docx","https://www.nice.org.uk/guidance/ng208/documents/comments-form","Comments_form","18_February_2019","docx","Comments_form_18_February_2019.docx","D:/NICE_history/NG208","D:/NICE_history/NG208/Comments_form_18_February_2019.docx",TRUE,"downloaded",
"NG208","Draft scope consultation","Draft scope","18 February 2019","pdf","https://www.nice.org.uk/guidance/ng208/documents/draft-scope","Draft_scope","18_February_2019","pdf","Draft_scope_18_February_2019.pdf","D:/NICE_history/NG208","D:/NICE_history/NG208/Draft_scope_18_February_2019.pdf",TRUE,"downloaded",
"NG208","Draft scope consultation","Equality impact assessment 1","18 February 2019","pdf","https://www.nice.org.uk/guidance/ng208/documents/equality-impact-assessment-2","Equality_impact_assessment_1","18_February_2019","pdf","Equality_impact_assessment_1_18_February_2019.pdf","D:/NICE_history/NG208","D:/NICE_history/NG208/Equality_impact_assessment_1_18_February_2019.pdf",TRUE,"downloaded",
"NG208","Draft scope consultation","Stakeholder list","18 February 2019","pdf","https://www.nice.org.uk/guidance/ng208/documents/stakeholder-list","Stakeholder_list","18_February_2019","pdf","Stakeholder_list_18_February_2019.pdf","D:/NICE_history/NG208","D:/NICE_history/NG208/Stakeholder_list_18_February_2019.pdf",TRUE,"downloaded",
"NG208","Equality and health inequalities assessment","Equality impact assessment","17 November 2021","pdf","https://www.nice.org.uk/guidance/ng208/documents/equality-impact-assessment-4","Equality_impact_assessment","17_November_2021","pdf","Equality_impact_assessment_17_November_2021.pdf","D:/NICE_history/NG208","D:/NICE_history/NG208/Equality_impact_assessment_17_November_2021.pdf",TRUE,"downloaded",
"NG208","Pre-consultation documents released","Economic plan","13 January 2021","pdf","https://www.nice.org.uk/guidance/ng208/documents/economic-plan","Economic_plan","13_January_2021","pdf","Economic_plan_13_January_2021.pdf","D:/NICE_history/NG208","D:/NICE_history/NG208/Economic_plan_13_January_2021.pdf",TRUE,"downloaded",
"NG208","Pre-consultation documents released","Review questions","13 January 2021","pdf","https://www.nice.org.uk/guidance/ng208/documents/review-questions","Review_questions","13_January_2021","pdf","Review_questions_13_January_2021.pdf","D:/NICE_history/NG208","D:/NICE_history/NG208/Review_questions_13_January_2021.pdf",TRUE,"downloaded",
"NG208","Pre-consultation documents released","Search strategies","13 January 2021","pdf","https://www.nice.org.uk/guidance/ng208/documents/search-strategies","Search_strategies","13_January_2021","pdf","Search_strategies_13_January_2021.pdf","D:/NICE_history/NG208","D:/NICE_history/NG208/Search_strategies_13_January_2021.pdf",TRUE,"downloaded",
"NG208","Scope published","Consultation comments and responses","23 May 2019","pdf","https://www.nice.org.uk/guidance/ng208/documents/consultation-comments-and-responses","Consultation_comments_and_responses","23_May_2019","pdf","Consultation_comments_and_responses_23_May_2019.pdf","D:/NICE_history/NG208","D:/NICE_history/NG208/Consultation_comments_and_responses_23_May_2019.pdf",TRUE,"downloaded",
"NG208","Scope published","Equality impact assessment 2","23 May 2019","pdf","https://www.nice.org.uk/guidance/ng208/documents/equality-impact-assessment","Equality_impact_assessment_2","23_May_2019","pdf","Equality_impact_assessment_2_23_May_2019.pdf","D:/NICE_history/NG208","D:/NICE_history/NG208/Equality_impact_assessment_2_23_May_2019.pdf",TRUE,"downloaded",
"NG208","Scope published","Final scope","23 May 2019","pdf","https://www.nice.org.uk/guidance/ng208/documents/final-scope","Final_scope","23_May_2019","pdf","Final_scope_23_May_2019.pdf","D:/NICE_history/NG208","D:/NICE_history/NG208/Final_scope_23_May_2019.pdf",TRUE,"downloaded",
"NG208","Scoping workshop","Workshop notes Group 1","18 February 2019","pdf","https://www.nice.org.uk/guidance/ng208/documents/workshop-notes","Workshop_notes_Group_1","18_February_2019","pdf","Workshop_notes_Group_1_18_February_2019.pdf","D:/NICE_history/NG208","D:/NICE_history/NG208/Workshop_notes_Group_1_18_February_2019.pdf",TRUE,"downloaded",
"NG208","Scoping workshop","Workshop notes Group 2","18 February 2019","pdf","https://www.nice.org.uk/guidance/ng208/documents/workshop-notes-2","Workshop_notes_Group_2","18_February_2019","pdf","Workshop_notes_Group_2_18_February_2019.pdf","D:/NICE_history/NG208","D:/NICE_history/NG208/Workshop_notes_Group_2_18_February_2019.pdf",TRUE,"downloaded",
"NG208","Scoping workshop","Workshop notes Group 3","18 February 2019","pdf","https://www.nice.org.uk/guidance/ng208/documents/workshop-notes-3","Workshop_notes_Group_3","18_February_2019","pdf","Workshop_notes_Group_3_18_February_2019.pdf","D:/NICE_history/NG208","D:/NICE_history/NG208/Workshop_notes_Group_3_18_February_2019.pdf",TRUE,"downloaded",
"NG208","Stakeholder list updated","Stakeholder list","16 November 2021","pdf","https://www.nice.org.uk/guidance/ng208/documents/stakeholder-list-2","Stakeholder_list","16_November_2021","pdf","Stakeholder_list_16_November_2021.pdf","D:/NICE_history/NG208","D:/NICE_history/NG208/Stakeholder_list_16_November_2021.pdf",TRUE,"downloaded",
"NG211","Committee meetings","Minutes 11","02 March 2020","pdf","https://www.nice.org.uk/guidance/ng211/documents/minutes-11","Minutes_11","02_March_2020","pdf","Minutes_11_02_March_2020.pdf","D:/NICE_history/NG211","D:/NICE_history/NG211/Minutes_11_02_March_2020.pdf",TRUE,"downloaded",
"NG211","Committee meetings","Minutes 10","03 December 2019","pdf","https://www.nice.org.uk/guidance/ng211/documents/minutes-10","Minutes_10","03_December_2019","pdf","Minutes_10_03_December_2019.pdf","D:/NICE_history/NG211","D:/NICE_history/NG211/Minutes_10_03_December_2019.pdf",TRUE,"downloaded",
"NG211","Committee meetings","Minutes 14","03 November 2020","pdf","https://www.nice.org.uk/guidance/ng211/documents/minutes-15","Minutes_14","03_November_2020","pdf","Minutes_14_03_November_2020.pdf","D:/NICE_history/NG211","D:/NICE_history/NG211/Minutes_14_03_November_2020.pdf",TRUE,"downloaded",
"NG211","Committee meetings","Minutes 12","08 September 2020","pdf","https://www.nice.org.uk/guidance/ng211/documents/minutes-13","Minutes_12","08_September_2020","pdf","Minutes_12_08_September_2020.pdf","D:/NICE_history/NG211","D:/NICE_history/NG211/Minutes_12_08_September_2020.pdf",TRUE,"downloaded",
"NG211","Committee meetings","Minutes 1","10 December 2018","pdf","https://www.nice.org.uk/guidance/ng211/documents/minutes","Minutes_1","10_December_2018","pdf","Minutes_1_10_December_2018.pdf","D:/NICE_history/NG211","D:/NICE_history/NG211/Minutes_1_10_December_2018.pdf",TRUE,"downloaded",
"NG211","Committee meetings","Minutes 3","12 March 2019","pdf","https://www.nice.org.uk/guidance/ng211/documents/minutes-3","Minutes_3","12_March_2019","pdf","Minutes_3_12_March_2019.pdf","D:/NICE_history/NG211","D:/NICE_history/NG211/Minutes_3_12_March_2019.pdf",TRUE,"downloaded",
"NG211","Committee meetings","Minutes 5","14 May 2019","pdf","https://www.nice.org.uk/guidance/ng211/documents/minutes-5","Minutes_5","14_May_2019","pdf","Minutes_5_14_May_2019.pdf","D:/NICE_history/NG211","D:/NICE_history/NG211/Minutes_5_14_May_2019.pdf",TRUE,"downloaded",
"NG211","Committee meetings","Minutes 4","15 April 2019","pdf","https://www.nice.org.uk/guidance/ng211/documents/minutes-4","Minutes_4","15_April_2019","pdf","Minutes_4_15_April_2019.pdf","D:/NICE_history/NG211","D:/NICE_history/NG211/Minutes_4_15_April_2019.pdf",TRUE,"downloaded",
"NG211","Committee meetings","Minutes 2","15 February 2019","pdf","https://www.nice.org.uk/guidance/ng211/documents/minutes-2","Minutes_2","15_February_2019","pdf","Minutes_2_15_February_2019.pdf","D:/NICE_history/NG211","D:/NICE_history/NG211/Minutes_2_15_February_2019.pdf",TRUE,"downloaded",
"NG211","Committee meetings","Minutes 7","16 July 2019","pdf","https://www.nice.org.uk/guidance/ng211/documents/minutes-7","Minutes_7","16_July_2019","pdf","Minutes_7_16_July_2019.pdf","D:/NICE_history/NG211","D:/NICE_history/NG211/Minutes_7_16_July_2019.pdf",FALSE,"failed","Transferred a partial file [www.nice.org.uk]:
transfer closed with outstanding read data remaining"
"NG211","Committee meetings","Minutes 16","17 December 2020","pdf","https://www.nice.org.uk/guidance/ng211/documents/minutes-16","Minutes_16","17_December_2020","pdf","Minutes_16_17_December_2020.pdf","D:/NICE_history/NG211","D:/NICE_history/NG211/Minutes_16_17_December_2020.pdf",TRUE,"downloaded",
"NG211","Committee meetings","Minutes 8","17 September 2019","pdf","https://www.nice.org.uk/guidance/ng211/documents/minutes-8","Minutes_8","17_September_2019","pdf","Minutes_8_17_September_2019.pdf","D:/NICE_history/NG211","D:/NICE_history/NG211/Minutes_8_17_September_2019.pdf",TRUE,"downloaded",
"NG211","Committee meetings","Minutes 9","21 October 2019","pdf","https://www.nice.org.uk/guidance/ng211/documents/minutes-9","Minutes_9","21_October_2019","pdf","Minutes_9_21_October_2019.pdf","D:/NICE_history/NG211","D:/NICE_history/NG211/Minutes_9_21_October_2019.pdf",TRUE,"downloaded",
"NG211","Committee meetings","Minutes 13","23 September 2020","pdf","https://www.nice.org.uk/guidance/ng211/documents/minutes-14","Minutes_13","23_September_2020","pdf","Minutes_13_23_September_2020.pdf","D:/NICE_history/NG211","D:/NICE_history/NG211/Minutes_13_23_September_2020.pdf",TRUE,"downloaded",
"NG211","Committee meetings","Minutes 15","24 November 2020","pdf","https://www.nice.org.uk/guidance/ng211/documents/minutes-12","Minutes_15","24_November_2020","pdf","Minutes_15_24_November_2020.pdf","D:/NICE_history/NG211","D:/NICE_history/NG211/Minutes_15_24_November_2020.pdf",TRUE,"downloaded",
"NG211","Committee meetings","Minutes 6","28 June 2019","pdf","https://www.nice.org.uk/guidance/ng211/documents/minutes-6","Minutes_6","28_June_2019","pdf","Minutes_6_28_June_2019.pdf","D:/NICE_history/NG211","D:/NICE_history/NG211/Minutes_6_28_June_2019.pdf",TRUE,"downloaded",
"NG211","Declaration of interests","Register of interests","18 January 2022","pdf","https://www.nice.org.uk/guidance/ng211/documents/register-of-interests","Register_of_interests","18_January_2022","pdf","Register_of_interests_18_January_2022.pdf","D:/NICE_history/NG211","D:/NICE_history/NG211/Register_of_interests_18_January_2022.pdf",TRUE,"downloaded",
"NG211","Draft guidance consultation","Comments form","27 July 2021","docx","https://www.nice.org.uk/guidance/ng211/documents/comments-form-2","Comments_form","27_July_2021","docx","Comments_form_27_July_2021.docx","D:/NICE_history/NG211","D:/NICE_history/NG211/Comments_form_27_July_2021.docx",TRUE,"downloaded",
"NG211","Draft guidance consultation","Committee member list","27 July 2021","pdf","https://www.nice.org.uk/guidance/ng211/documents/committee-member-list-2","Committee_member_list","27_July_2021","pdf","Committee_member_list_27_July_2021.pdf","D:/NICE_history/NG211","D:/NICE_history/NG211/Committee_member_list_27_July_2021.pdf",TRUE,"downloaded",
"NG211","Draft guidance consultation","Draft guideline","27 July 2021","pdf","https://www.nice.org.uk/guidance/ng211/documents/draft-guideline","Draft_guideline","27_July_2021","pdf","Draft_guideline_27_July_2021.pdf","D:/NICE_history/NG211","D:/NICE_history/NG211/Draft_guideline_27_July_2021.pdf",TRUE,"downloaded",
"NG211","Draft guidance consultation","Equality impact assessment","27 July 2021","pdf","https://www.nice.org.uk/guidance/ng211/documents/equality-impact-assessment","Equality_impact_assessment","27_July_2021","pdf","Equality_impact_assessment_27_July_2021.pdf","D:/NICE_history/NG211","D:/NICE_history/NG211/Equality_impact_assessment_27_July_2021.pdf",TRUE,"downloaded",
"NG211","Draft guidance consultation","Evidence review A1","27 July 2021","pdf","https://www.nice.org.uk/guidance/ng211/documents/evidence-review","Evidence_review_A1","27_July_2021","pdf","Evidence_review_A1_27_July_2021.pdf","D:/NICE_history/NG211","D:/NICE_history/NG211/Evidence_review_A1_27_July_2021.pdf",TRUE,"downloaded",
"NG211","Draft guidance consultation","Evidence review B1","27 July 2021","pdf","https://www.nice.org.uk/guidance/ng211/documents/evidence-review-13","Evidence_review_B1","27_July_2021","pdf","Evidence_review_B1_27_July_2021.pdf","D:/NICE_history/NG211","D:/NICE_history/NG211/Evidence_review_B1_27_July_2021.pdf",TRUE,"downloaded",
"NG211","Draft guidance consultation","Evidence review B2","27 July 2021","pdf","https://www.nice.org.uk/guidance/ng211/documents/evidence-review-2","Evidence_review_B2","27_July_2021","pdf","Evidence_review_B2_27_July_2021.pdf","D:/NICE_history/NG211","D:/NICE_history/NG211/Evidence_review_B2_27_July_2021.pdf",TRUE,"downloaded",
"NG211","Draft guidance consultation","Evidence review B3","27 July 2021","pdf","https://www.nice.org.uk/guidance/ng211/documents/evidence-review-3","Evidence_review_B3","27_July_2021","pdf","Evidence_review_B3_27_July_2021.pdf","D:/NICE_history/NG211","D:/NICE_history/NG211/Evidence_review_B3_27_July_2021.pdf",TRUE,"downloaded",
"NG211","Draft guidance consultation","Evidence review B4","27 July 2021","pdf","https://www.nice.org.uk/guidance/ng211/documents/evidence-review-4","Evidence_review_B4","27_July_2021","pdf","Evidence_review_B4_27_July_2021.pdf","D:/NICE_history/NG211","D:/NICE_history/NG211/Evidence_review_B4_27_July_2021.pdf",TRUE,"downloaded",
"NG211","Draft guidance consultation","Evidence review C1","27 July 2021","pdf","https://www.nice.org.uk/guidance/ng211/documents/evidence-review-5","Evidence_review_C1","27_July_2021","pdf","Evidence_review_C1_27_July_2021.pdf","D:/NICE_history/NG211","D:/NICE_history/NG211/Evidence_review_C1_27_July_2021.pdf",TRUE,"downloaded",
"NG211","Draft guidance consultation","Evidence review C2","27 July 2021","pdf","https://www.nice.org.uk/guidance/ng211/documents/evidence-review-6","Evidence_review_C2","27_July_2021","pdf","Evidence_review_C2_27_July_2021.pdf","D:/NICE_history/NG211","D:/NICE_history/NG211/Evidence_review_C2_27_July_2021.pdf",TRUE,"downloaded",
"NG211","Draft guidance consultation","Evidence review C3","27 July 2021","pdf","https://www.nice.org.uk/guidance/ng211/documents/evidence-review-7","Evidence_review_C3","27_July_2021","pdf","Evidence_review_C3_27_July_2021.pdf","D:/NICE_history/NG211","D:/NICE_history/NG211/Evidence_review_C3_27_July_2021.pdf",TRUE,"downloaded",
"NG211","Draft guidance consultation","Evidence review C4","27 July 2021","pdf","https://www.nice.org.uk/guidance/ng211/documents/evidence-review-8","Evidence_review_C4","27_July_2021","pdf","Evidence_review_C4_27_July_2021.pdf","D:/NICE_history/NG211","D:/NICE_history/NG211/Evidence_review_C4_27_July_2021.pdf",TRUE,"downloaded",
"NG211","Draft guidance consultation","Evidence review D1","27 July 2021","pdf","https://www.nice.org.uk/guidance/ng211/documents/evidence-review-9","Evidence_review_D1","27_July_2021","pdf","Evidence_review_D1_27_July_2021.pdf","D:/NICE_history/NG211","D:/NICE_history/NG211/Evidence_review_D1_27_July_2021.pdf",TRUE,"downloaded",
"NG211","Draft guidance consultation","Evidence review D2","27 July 2021","pdf","https://www.nice.org.uk/guidance/ng211/documents/evidence-review-10","Evidence_review_D2","27_July_2021","pdf","Evidence_review_D2_27_July_2021.pdf","D:/NICE_history/NG211","D:/NICE_history/NG211/Evidence_review_D2_27_July_2021.pdf",TRUE,"downloaded",
"NG211","Draft guidance consultation","Evidence review D3","27 July 2021","pdf","https://www.nice.org.uk/guidance/ng211/documents/evidence-review-11","Evidence_review_D3","27_July_2021","pdf","Evidence_review_D3_27_July_2021.pdf","D:/NICE_history/NG211","D:/NICE_history/NG211/Evidence_review_D3_27_July_2021.pdf",TRUE,"downloaded",
"NG211","Draft guidance consultation","Evidence review D4","27 July 2021","pdf","https://www.nice.org.uk/guidance/ng211/documents/evidence-review-12","Evidence_review_D4","27_July_2021","pdf","Evidence_review_D4_27_July_2021.pdf","D:/NICE_history/NG211","D:/NICE_history/NG211/Evidence_review_D4_27_July_2021.pdf",TRUE,"downloaded",
"NG211","Draft guidance consultation","Supporting documentation HE","27 July 2021","pdf","https://www.nice.org.uk/guidance/ng211/documents/supporting-documentation","Supporting_documentation_HE","27_July_2021","pdf","Supporting_documentation_HE_27_July_2021.pdf","D:/NICE_history/NG211","D:/NICE_history/NG211/Supporting_documentation_HE_27_July_2021.pdf",TRUE,"downloaded",
"NG211","Draft guidance consultation","Supporting documentation Methods","27 July 2021","pdf","https://www.nice.org.uk/guidance/ng211/documents/supporting-documentation-2","Supporting_documentation_Methods","27_July_2021","pdf","Supporting_documentation_Methods_27_July_2021.pdf","D:/NICE_history/NG211","D:/NICE_history/NG211/Supporting_documentation_Methods_27_July_2021.pdf",TRUE,"downloaded",
"NG211","Draft guidance consultation","Supporting documentation NGA","27 July 2021","pdf","https://www.nice.org.uk/guidance/ng211/documents/supporting-documentation-3","Supporting_documentation_NGA","27_July_2021","pdf","Supporting_documentation_NGA_27_July_2021.pdf","D:/NICE_history/NG211","D:/NICE_history/NG211/Supporting_documentation_NGA_27_July_2021.pdf",TRUE,"downloaded",
"NG211","Draft scope consultation","Comments form","15 August 2018","docx","https://www.nice.org.uk/guidance/ng211/documents/comments-form","Comments_form","15_August_2018","docx","Comments_form_15_August_2018.docx","D:/NICE_history/NG211","D:/NICE_history/NG211/Comments_form_15_August_2018.docx",TRUE,"downloaded",
"NG211","Draft scope consultation","Draft scope","15 August 2018","pdf","https://www.nice.org.uk/guidance/ng211/documents/draft-scope","Draft_scope","15_August_2018","pdf","Draft_scope_15_August_2018.pdf","D:/NICE_history/NG211","D:/NICE_history/NG211/Draft_scope_15_August_2018.pdf",TRUE,"downloaded",
"NG211","Draft scope consultation","Equality impact assessment 1.0","25 January 2019","pdf","https://www.nice.org.uk/guidance/ng211/documents/equality-impact-assessment-3","Equality_impact_assessment_1.0","25_January_2019","pdf","Equality_impact_assessment_1.0_25_January_2019.pdf","D:/NICE_history/NG211","D:/NICE_history/NG211/Equality_impact_assessment_1.0_25_January_2019.pdf",TRUE,"downloaded",
"NG211","Equality and health inequalities assessment","Equality impact assessment 4","30 December 2021","pdf","https://www.nice.org.uk/guidance/ng211/documents/equality-impact-assessment-4","Equality_impact_assessment_4","30_December_2021","pdf","Equality_impact_assessment_4_30_December_2021.pdf","D:/NICE_history/NG211","D:/NICE_history/NG211/Equality_impact_assessment_4_30_December_2021.pdf",TRUE,"downloaded",
"NG211","Guidance published","Committee member list","18 January 2022","pdf","https://www.nice.org.uk/guidance/ng211/documents/committee-member-list-3","Committee_member_list","18_January_2022","pdf","Committee_member_list_18_January_2022.pdf","D:/NICE_history/NG211","D:/NICE_history/NG211/Committee_member_list_18_January_2022.pdf",TRUE,"downloaded",
"NG211","Guidance published","Consultation comments and responses","18 January 2022","pdf","https://www.nice.org.uk/guidance/ng211/documents/consultation-comments-and-responses","Consultation_comments_and_responses","18_January_2022","pdf","Consultation_comments_and_responses_18_January_2022.pdf","D:/NICE_history/NG211","D:/NICE_history/NG211/Consultation_comments_and_responses_18_January_2022.pdf",TRUE,"downloaded",
"NG211","Guidance published","Equality impact assessment 4","18 January 2022","pdf","https://www.nice.org.uk/guidance/ng211/documents/equality-impact-assessment-5","Equality_impact_assessment_4","18_January_2022","pdf","Equality_impact_assessment_4_18_January_2022.pdf","D:/NICE_history/NG211","D:/NICE_history/NG211/Equality_impact_assessment_4_18_January_2022.pdf",TRUE,"downloaded",
"NG211","Guidance published","Supporting documentation NGA staff list","18 January 2022","pdf","https://www.nice.org.uk/guidance/ng211/documents/supporting-documentation-4","Supporting_documentation_NGA_staff_list","18_January_2022","pdf","Supporting_documentation_NGA_staff_list_18_January_2022.pdf","D:/NICE_history/NG211","D:/NICE_history/NG211/Supporting_documentation_NGA_staff_list_18_January_2022.pdf",TRUE,"downloaded",
"NG211","Pre-consultation documents released","Economic plan","18 May 2021","pdf","https://www.nice.org.uk/guidance/ng211/documents/economic-plan","Economic_plan","18_May_2021","pdf","Economic_plan_18_May_2021.pdf","D:/NICE_history/NG211","D:/NICE_history/NG211/Economic_plan_18_May_2021.pdf",TRUE,"downloaded",
"NG211","Pre-consultation documents released","Review questions","18 May 2021","pdf","https://www.nice.org.uk/guidance/ng211/documents/review-questions","Review_questions","18_May_2021","pdf","Review_questions_18_May_2021.pdf","D:/NICE_history/NG211","D:/NICE_history/NG211/Review_questions_18_May_2021.pdf",TRUE,"downloaded",
"NG211","Pre-consultation documents released","Search strategies","18 May 2021","pdf","https://www.nice.org.uk/guidance/ng211/documents/search-strategies","Search_strategies","18_May_2021","pdf","Search_strategies_18_May_2021.pdf","D:/NICE_history/NG211","D:/NICE_history/NG211/Search_strategies_18_May_2021.pdf",TRUE,"downloaded",
"NG211","Scope published","Final scope","05 December 2018","pdf","https://www.nice.org.uk/guidance/ng211/documents/final-scope","Final_scope","05_December_2018","pdf","Final_scope_05_December_2018.pdf","D:/NICE_history/NG211","D:/NICE_history/NG211/Final_scope_05_December_2018.pdf",TRUE,"downloaded",
"NG211","Scope published","Consultation comments and responses","18 January 2019","pdf","https://www.nice.org.uk/guidance/ng211/documents/consultation-comments-and-responses-2","Consultation_comments_and_responses","18_January_2019","pdf","Consultation_comments_and_responses_18_January_2019.pdf","D:/NICE_history/NG211","D:/NICE_history/NG211/Consultation_comments_and_responses_18_January_2019.pdf",TRUE,"downloaded",
"NG211","Scope published","Equality impact assessment 2.0","25 January 2019","pdf","https://www.nice.org.uk/guidance/ng211/documents/equality-impact-assessment-2","Equality_impact_assessment_2.0","25_January_2019","pdf","Equality_impact_assessment_2.0_25_January_2019.pdf","D:/NICE_history/NG211","D:/NICE_history/NG211/Equality_impact_assessment_2.0_25_January_2019.pdf",TRUE,"downloaded",
"NG211","Stakeholder list updated","Stakeholder list","17 January 2022","pdf","https://www.nice.org.uk/guidance/ng211/documents/stakeholder-list-2","Stakeholder_list","17_January_2022","pdf","Stakeholder_list_17_January_2022.pdf","D:/NICE_history/NG211","D:/NICE_history/NG211/Stakeholder_list_17_January_2022.pdf",FALSE,"failed","Transferred a partial file [www.nice.org.uk]:
transfer closed with outstanding read data remaining"
"NG234","Committee meetings","Minutes 6","01 March 2022","pdf","https://www.nice.org.uk/guidance/ng234/documents/minutes-6","Minutes_6","01_March_2022","pdf","Minutes_6_01_March_2022.pdf","D:/NICE_history/NG234","D:/NICE_history/NG234/Minutes_6_01_March_2022.pdf",TRUE,"downloaded",
"NG234","Committee meetings","Minutes 2","06 October 2021","pdf","https://www.nice.org.uk/guidance/ng234/documents/minutes-2","Minutes_2","06_October_2021","pdf","Minutes_2_06_October_2021.pdf","D:/NICE_history/NG234","D:/NICE_history/NG234/Minutes_2_06_October_2021.pdf",TRUE,"downloaded",
"NG234","Committee meetings","Minutes 11","08 September 2022","pdf","https://www.nice.org.uk/guidance/ng234/documents/minutes-11","Minutes_11","08_September_2022","pdf","Minutes_11_08_September_2022.pdf","D:/NICE_history/NG234","D:/NICE_history/NG234/Minutes_11_08_September_2022.pdf",TRUE,"downloaded",
"NG234","Committee meetings","Minutes 1","09 September 2021","pdf","https://www.nice.org.uk/guidance/ng234/documents/minutes","Minutes_1","09_September_2021","pdf","Minutes_1_09_September_2021.pdf","D:/NICE_history/NG234","D:/NICE_history/NG234/Minutes_1_09_September_2021.pdf",TRUE,"downloaded",
"NG234","Committee meetings","Minutes 3","11 November 2021","pdf","https://www.nice.org.uk/guidance/ng234/documents/minutes-3","Minutes_3","11_November_2021","pdf","Minutes_3_11_November_2021.pdf","D:/NICE_history/NG234","D:/NICE_history/NG234/Minutes_3_11_November_2021.pdf",TRUE,"downloaded",
"NG234","Committee meetings","Minutes 13","14 November 2022","pdf","https://www.nice.org.uk/guidance/ng234/documents/minutes-13","Minutes_13","14_November_2022","pdf","Minutes_13_14_November_2022.pdf","D:/NICE_history/NG234","D:/NICE_history/NG234/Minutes_13_14_November_2022.pdf",TRUE,"downloaded",
"NG234","Committee meetings","Minutes 4","16 December 2021","pdf","https://www.nice.org.uk/guidance/ng234/documents/minutes-4","Minutes_4","16_December_2021","pdf","Minutes_4_16_December_2021.pdf","D:/NICE_history/NG234","D:/NICE_history/NG234/Minutes_4_16_December_2021.pdf",TRUE,"downloaded",
"NG234","Committee meetings","Minutes 8","19 May 2022","pdf","https://www.nice.org.uk/guidance/ng234/documents/minutes-8","Minutes_8","19_May_2022","pdf","Minutes_8_19_May_2022.pdf","D:/NICE_history/NG234","D:/NICE_history/NG234/Minutes_8_19_May_2022.pdf",TRUE,"downloaded",
"NG234","Committee meetings","Minutes 12","19 October 2022","pdf","https://www.nice.org.uk/guidance/ng234/documents/minutes-12","Minutes_12","19_October_2022","pdf","Minutes_12_19_October_2022.pdf","D:/NICE_history/NG234","D:/NICE_history/NG234/Minutes_12_19_October_2022.pdf",TRUE,"downloaded",
"NG234","Committee meetings","Minutes 7","20 April 2022","pdf","https://www.nice.org.uk/guidance/ng234/documents/minutes-7","Minutes_7","20_April_2022","pdf","Minutes_7_20_April_2022.pdf","D:/NICE_history/NG234","D:/NICE_history/NG234/Minutes_7_20_April_2022.pdf",TRUE,"downloaded",
"NG234","Committee meetings","Minutes 5","26 January 2022","pdf","https://www.nice.org.uk/guidance/ng234/documents/minutes-5","Minutes_5","26_January_2022","pdf","Minutes_5_26_January_2022.pdf","D:/NICE_history/NG234","D:/NICE_history/NG234/Minutes_5_26_January_2022.pdf",TRUE,"downloaded",
"NG234","Committee meetings","Minutes 9","29 June 2022","pdf","https://www.nice.org.uk/guidance/ng234/documents/minutes-9","Minutes_9","29_June_2022","pdf","Minutes_9_29_June_2022.pdf","D:/NICE_history/NG234","D:/NICE_history/NG234/Minutes_9_29_June_2022.pdf",TRUE,"downloaded",
"NG234","Committee meetings","Minutes 10","30 June 2022","pdf","https://www.nice.org.uk/guidance/ng234/documents/minutes-10","Minutes_10","30_June_2022","pdf","Minutes_10_30_June_2022.pdf","D:/NICE_history/NG234","D:/NICE_history/NG234/Minutes_10_30_June_2022.pdf",TRUE,"downloaded",
"NG234","Declaration of interests","Register of interests","06 September 2023","pdf","https://www.nice.org.uk/guidance/ng234/documents/register-of-interests","Register_of_interests","06_September_2023","pdf","Register_of_interests_06_September_2023.pdf","D:/NICE_history/NG234","D:/NICE_history/NG234/Register_of_interests_06_September_2023.pdf",TRUE,"downloaded",
"NG234","Draft guidance consultation","Draft guideline","03 March 2023","pdf","https://www.nice.org.uk/guidance/ng234/documents/draft-guideline","Draft_guideline","03_March_2023","pdf","Draft_guideline_03_March_2023.pdf","D:/NICE_history/NG234","D:/NICE_history/NG234/Draft_guideline_03_March_2023.pdf",TRUE,"downloaded",
"NG234","Draft guidance consultation","Evidence review A","03 March 2023","pdf","https://www.nice.org.uk/guidance/ng234/documents/evidence-review","Evidence_review_A","03_March_2023","pdf","Evidence_review_A_03_March_2023.pdf","D:/NICE_history/NG234","D:/NICE_history/NG234/Evidence_review_A_03_March_2023.pdf",TRUE,"downloaded",
"NG234","Draft guidance consultation","Evidence review B","03 March 2023","pdf","https://www.nice.org.uk/guidance/ng234/documents/evidence-review-2","Evidence_review_B","03_March_2023","pdf","Evidence_review_B_03_March_2023.pdf","D:/NICE_history/NG234","D:/NICE_history/NG234/Evidence_review_B_03_March_2023.pdf",TRUE,"downloaded",
"NG234","Draft guidance consultation","Evidence review C","03 March 2023","pdf","https://www.nice.org.uk/guidance/ng234/documents/evidence-review-3","Evidence_review_C","03_March_2023","pdf","Evidence_review_C_03_March_2023.pdf","D:/NICE_history/NG234","D:/NICE_history/NG234/Evidence_review_C_03_March_2023.pdf",TRUE,"downloaded",
"NG234","Draft guidance consultation","Evidence review D","03 March 2023","pdf","https://www.nice.org.uk/guidance/ng234/documents/evidence-review-4","Evidence_review_D","03_March_2023","pdf","Evidence_review_D_03_March_2023.pdf","D:/NICE_history/NG234","D:/NICE_history/NG234/Evidence_review_D_03_March_2023.pdf",TRUE,"downloaded",
"NG234","Draft guidance consultation","Evidence review E","03 March 2023","pdf","https://www.nice.org.uk/guidance/ng234/documents/evidence-review-5","Evidence_review_E","03_March_2023","pdf","Evidence_review_E_03_March_2023.pdf","D:/NICE_history/NG234","D:/NICE_history/NG234/Evidence_review_E_03_March_2023.pdf",TRUE,"downloaded",
"NG234","Draft guidance consultation","Evidence review F","03 March 2023","pdf","https://www.nice.org.uk/guidance/ng234/documents/evidence-review-6","Evidence_review_F","03_March_2023","pdf","Evidence_review_F_03_March_2023.pdf","D:/NICE_history/NG234","D:/NICE_history/NG234/Evidence_review_F_03_March_2023.pdf",TRUE,"downloaded",
"NG234","Draft guidance consultation","Evidence review G","03 March 2023","pdf","https://www.nice.org.uk/guidance/ng234/documents/evidence-review-7","Evidence_review_G","03_March_2023","pdf","Evidence_review_G_03_March_2023.pdf","D:/NICE_history/NG234","D:/NICE_history/NG234/Evidence_review_G_03_March_2023.pdf",TRUE,"downloaded",
"NG234","Draft guidance consultation","Evidence review H","03 March 2023","pdf","https://www.nice.org.uk/guidance/ng234/documents/evidence-review-8","Evidence_review_H","03_March_2023","pdf","Evidence_review_H_03_March_2023.pdf","D:/NICE_history/NG234","D:/NICE_history/NG234/Evidence_review_H_03_March_2023.pdf",TRUE,"downloaded",
"NG234","Draft guidance consultation","Evidence review I","03 March 2023","pdf","https://www.nice.org.uk/guidance/ng234/documents/evidence-review-9","Evidence_review_I","03_March_2023","pdf","Evidence_review_I_03_March_2023.pdf","D:/NICE_history/NG234","D:/NICE_history/NG234/Evidence_review_I_03_March_2023.pdf",TRUE,"downloaded",
"NG234","Draft guidance consultation","Evidence review J","03 March 2023","pdf","https://www.nice.org.uk/guidance/ng234/documents/evidence-review-10","Evidence_review_J","03_March_2023","pdf","Evidence_review_J_03_March_2023.pdf","D:/NICE_history/NG234","D:/NICE_history/NG234/Evidence_review_J_03_March_2023.pdf",FALSE,"failed","Transferred a partial file [www.nice.org.uk]:
transfer closed with outstanding read data remaining"
"NG234","Draft guidance consultation","Evidence review K","03 March 2023","pdf","https://www.nice.org.uk/guidance/ng234/documents/evidence-review-11","Evidence_review_K","03_March_2023","pdf","Evidence_review_K_03_March_2023.pdf","D:/NICE_history/NG234","D:/NICE_history/NG234/Evidence_review_K_03_March_2023.pdf",TRUE,"downloaded",
"NG234","Draft guidance consultation","Evidence review L","03 March 2023","pdf","https://www.nice.org.uk/guidance/ng234/documents/evidence-review-12","Evidence_review_L","03_March_2023","pdf","Evidence_review_L_03_March_2023.pdf","D:/NICE_history/NG234","D:/NICE_history/NG234/Evidence_review_L_03_March_2023.pdf",TRUE,"downloaded",
"NG234","Draft guidance consultation","Evidence review M","03 March 2023","pdf","https://www.nice.org.uk/guidance/ng234/documents/evidence-review-13","Evidence_review_M","03_March_2023","pdf","Evidence_review_M_03_March_2023.pdf","D:/NICE_history/NG234","D:/NICE_history/NG234/Evidence_review_M_03_March_2023.pdf",TRUE,"downloaded",
"NG234","Draft guidance consultation","Evidence review N","03 March 2023","pdf","https://www.nice.org.uk/guidance/ng234/documents/evidence-review-14","Evidence_review_N","03_March_2023","pdf","Evidence_review_N_03_March_2023.pdf","D:/NICE_history/NG234","D:/NICE_history/NG234/Evidence_review_N_03_March_2023.pdf",TRUE,"downloaded",
"NG234","Draft guidance consultation","Supporting documentation Acknowledgements","03 March 2023","pdf","https://www.nice.org.uk/guidance/ng234/documents/supporting-documentation-3","Supporting_documentation_Acknowledgements","03_March_2023","pdf","Supporting_documentation_Acknowledgements_03_March_2023.pdf","D:/NICE_history/NG234","D:/NICE_history/NG234/Supporting_documentation_Acknowledgements_03_March_2023.pdf",TRUE,"downloaded",
"NG234","Draft guidance consultation","Supporting documentation Health economics","03 March 2023","pdf","https://www.nice.org.uk/guidance/ng234/documents/supporting-documentation-2","Supporting_documentation_Health_economics","03_March_2023","pdf","Supporting_documentation_Health_economics_03_March_2023.pdf","D:/NICE_history/NG234","D:/NICE_history/NG234/Supporting_documentation_Health_economics_03_March_2023.pdf",TRUE,"downloaded",
"NG234","Draft guidance consultation","Supporting documentation Methods","03 March 2023","pdf","https://www.nice.org.uk/guidance/ng234/documents/supporting-documentation","Supporting_documentation_Methods","03_March_2023","pdf","Supporting_documentation_Methods_03_March_2023.pdf","D:/NICE_history/NG234","D:/NICE_history/NG234/Supporting_documentation_Methods_03_March_2023.pdf",TRUE,"downloaded",
"NG234","Draft guidance consultation","Comments form","05 April 2023","docx","https://www.nice.org.uk/guidance/ng234/documents/comments-form-2","Comments_form","05_April_2023","docx","Comments_form_05_April_2023.docx","D:/NICE_history/NG234","D:/NICE_history/NG234/Comments_form_05_April_2023.docx",TRUE,"downloaded",
"NG234","Draft scope consultation","Draft scope PDF version","22 June 2021","pdf","https://www.nice.org.uk/guidance/ng234/documents/draft-scope","Draft_scope_PDF_version","22_June_2021","pdf","Draft_scope_PDF_version_22_June_2021.pdf","D:/NICE_history/NG234","D:/NICE_history/NG234/Draft_scope_PDF_version_22_June_2021.pdf",TRUE,"downloaded",
"NG234","Guidance published","Committee member list","06 September 2023","pdf","https://www.nice.org.uk/guidance/ng234/documents/committee-member-list","Committee_member_list","06_September_2023","pdf","Committee_member_list_06_September_2023.pdf","D:/NICE_history/NG234","D:/NICE_history/NG234/Committee_member_list_06_September_2023.pdf",TRUE,"downloaded",
"NG234","Guidance published","Consultation comments and responses","06 September 2023","pdf","https://www.nice.org.uk/guidance/ng234/documents/consultation-comments-and-responses-2","Consultation_comments_and_responses","06_September_2023","pdf","Consultation_comments_and_responses_06_September_2023.pdf","D:/NICE_history/NG234","D:/NICE_history/NG234/Consultation_comments_and_responses_06_September_2023.pdf",TRUE,"downloaded",
"NG234","Guidance published","Equality impact assessment 1 - 4","06 September 2023","pdf","https://www.nice.org.uk/guidance/ng234/documents/equality-impact-assessment-3","Equality_impact_assessment_1_-_4","06_September_2023","pdf","Equality_impact_assessment_1_-_4_06_September_2023.pdf","D:/NICE_history/NG234","D:/NICE_history/NG234/Equality_impact_assessment_1_-_4_06_September_2023.pdf",TRUE,"downloaded",
"NG234","Guidance published","Supporting documentation - Acknowledgements","06 September 2023","pdf","https://www.nice.org.uk/guidance/ng234/documents/supporting-documentation-4","Supporting_documentation_-_Acknowledgements","06_September_2023","pdf","Supporting_documentation_-_Acknowledgements_06_September_2023.pdf","D:/NICE_history/NG234","D:/NICE_history/NG234/Supporting_documentation_-_Acknowledgements_06_September_2023.pdf",TRUE,"downloaded",
"NG234","Pre-consultation documents released","Economic plan","13 January 2023","pdf","https://www.nice.org.uk/guidance/ng234/documents/economic-plan","Economic_plan","13_January_2023","pdf","Economic_plan_13_January_2023.pdf","D:/NICE_history/NG234","D:/NICE_history/NG234/Economic_plan_13_January_2023.pdf",TRUE,"downloaded",
"NG234","Pre-consultation documents released","Review questions","13 January 2023","pdf","https://www.nice.org.uk/guidance/ng234/documents/review-questions","Review_questions","13_January_2023","pdf","Review_questions_13_January_2023.pdf","D:/NICE_history/NG234","D:/NICE_history/NG234/Review_questions_13_January_2023.pdf",TRUE,"downloaded",
"NG234","Scope published","Consultation comments and responses","01 September 2021","pdf","https://www.nice.org.uk/guidance/ng234/documents/consultation-comments-and-responses","Consultation_comments_and_responses","01_September_2021","pdf","Consultation_comments_and_responses_01_September_2021.pdf","D:/NICE_history/NG234","D:/NICE_history/NG234/Consultation_comments_and_responses_01_September_2021.pdf",TRUE,"downloaded",
"NG234","Scope published","Final scope","01 September 2021","pdf","https://www.nice.org.uk/guidance/ng234/documents/final-scope","Final_scope","01_September_2021","pdf","Final_scope_01_September_2021.pdf","D:/NICE_history/NG234","D:/NICE_history/NG234/Final_scope_01_September_2021.pdf",TRUE,"downloaded",
"NG234","Scoping workshop","Workshop notes","22 June 2021","pdf","https://www.nice.org.uk/guidance/ng234/documents/workshop-notes","Workshop_notes","22_June_2021","pdf","Workshop_notes_22_June_2021.pdf","D:/NICE_history/NG234","D:/NICE_history/NG234/Workshop_notes_22_June_2021.pdf",TRUE,"downloaded",
"NG234","Stakeholder list updated","Stakeholder list","04 September 2023","pdf","https://www.nice.org.uk/guidance/ng234/documents/stakeholder-list-2","Stakeholder_list","04_September_2023","pdf","Stakeholder_list_04_September_2023.pdf","D:/NICE_history/NG234","D:/NICE_history/NG234/Stakeholder_list_04_September_2023.pdf",TRUE,"downloaded",
"NG238","Additional documents published","Economic plan","09 February 2023","pdf","https://www.nice.org.uk/guidance/ng238/documents/economic-plan","Economic_plan","09_February_2023","pdf","Economic_plan_09_February_2023.pdf","D:/NICE_history/NG238","D:/NICE_history/NG238/Economic_plan_09_February_2023.pdf",TRUE,"downloaded",
"NG238","Additional documents published","Review protocols","09 February 2023","pdf","https://www.nice.org.uk/guidance/ng238/documents/review-protocols","Review_protocols","09_February_2023","pdf","Review_protocols_09_February_2023.pdf","D:/NICE_history/NG238","D:/NICE_history/NG238/Review_protocols_09_February_2023.pdf",TRUE,"downloaded",
"NG238","Additional documents published","Statement Information Event Industry attendees","28 April 2023","pdf","https://www.nice.org.uk/guidance/ng238/documents/statement-3","Statement_Information_Event_Industry_attendees","28_April_2023","pdf","Statement_Information_Event_Industry_attendees_28_April_2023.pdf","D:/NICE_history/NG238","D:/NICE_history/NG238/Statement_Information_Event_Industry_attendees_28_April_2023.pdf",TRUE,"downloaded",
"NG238","Additional documents published","Statement Information Event Non-industry attendees","28 April 2023","pdf","https://www.nice.org.uk/guidance/ng238/documents/statement-2","Statement_Information_Event_Non-industry_attendees","28_April_2023","pdf","Statement_Information_Event_Non-industry_attendees_28_April_2023.pdf","D:/NICE_history/NG238","D:/NICE_history/NG238/Statement_Information_Event_Non-industry_attendees_28_April_2023.pdf",TRUE,"downloaded",
"NG238","Additional documents published","Statement Information Event slideset","28 April 2023","pdf","https://www.nice.org.uk/guidance/ng238/documents/statement","Statement_Information_Event_slideset","28_April_2023","pdf","Statement_Information_Event_slideset_28_April_2023.pdf","D:/NICE_history/NG238","D:/NICE_history/NG238/Statement_Information_Event_slideset_28_April_2023.pdf",TRUE,"downloaded",
"NG238","Committee meetings","Minutes 2","09 March 2023","pdf","https://www.nice.org.uk/guidance/ng238/documents/minutes-2","Minutes_2","09_March_2023","pdf","Minutes_2_09_March_2023.pdf","D:/NICE_history/NG238","D:/NICE_history/NG238/Minutes_2_09_March_2023.pdf",TRUE,"downloaded",
"NG238","Committee meetings","Minutes 4","11 May 2023","pdf","https://www.nice.org.uk/guidance/ng238/documents/minutes-4","Minutes_4","11_May_2023","pdf","Minutes_4_11_May_2023.pdf","D:/NICE_history/NG238","D:/NICE_history/NG238/Minutes_4_11_May_2023.pdf",TRUE,"downloaded",
"NG238","Committee meetings","Minutes 6","23 October 2023","pdf","https://www.nice.org.uk/guidance/ng238/documents/minutes-6","Minutes_6","23_October_2023","pdf","Minutes_6_23_October_2023.pdf","D:/NICE_history/NG238","D:/NICE_history/NG238/Minutes_6_23_October_2023.pdf",FALSE,"failed","Transferred a partial file [www.nice.org.uk]:
transfer closed with outstanding read data remaining"
"NG238","Committee meetings","Minutes 1","24 March 2023","pdf","https://www.nice.org.uk/guidance/ng238/documents/minutes","Minutes_1","24_March_2023","pdf","Minutes_1_24_March_2023.pdf","D:/NICE_history/NG238","D:/NICE_history/NG238/Minutes_1_24_March_2023.pdf",TRUE,"downloaded",
"NG238","Committee meetings","Minutes 3","30 March 2023","pdf","https://www.nice.org.uk/guidance/ng238/documents/minutes-3","Minutes_3","30_March_2023","pdf","Minutes_3_30_March_2023.pdf","D:/NICE_history/NG238","D:/NICE_history/NG238/Minutes_3_30_March_2023.pdf",TRUE,"downloaded",
"NG238","Committee meetings","Minutes 5","31 July 2023","pdf","https://www.nice.org.uk/guidance/ng238/documents/minutes-5","Minutes_5","31_July_2023","pdf","Minutes_5_31_July_2023.pdf","D:/NICE_history/NG238","D:/NICE_history/NG238/Minutes_5_31_July_2023.pdf",TRUE,"downloaded",
"NG238","Declaration of interests","Register of interests","13 December 2023","pdf","https://www.nice.org.uk/guidance/ng238/documents/register-of-interests","Register_of_interests","13_December_2023","pdf","Register_of_interests_13_December_2023.pdf","D:/NICE_history/NG238","D:/NICE_history/NG238/Register_of_interests_13_December_2023.pdf",TRUE,"downloaded",
"NG238","Draft guidance consultation","Comments form","22 September 2023","docx","https://www.nice.org.uk/guidance/ng238/documents/comments-form","Comments_form","22_September_2023","docx","Comments_form_22_September_2023.docx","D:/NICE_history/NG238","D:/NICE_history/NG238/Comments_form_22_September_2023.docx",TRUE,"downloaded",
"NG238","Draft guidance consultation","Draft guideline","22 September 2023","pdf","https://www.nice.org.uk/guidance/ng238/documents/draft-guideline","Draft_guideline","22_September_2023","pdf","Draft_guideline_22_September_2023.pdf","D:/NICE_history/NG238","D:/NICE_history/NG238/Draft_guideline_22_September_2023.pdf",TRUE,"downloaded",
"NG238","Draft guidance consultation","Economic report","22 September 2023","pdf","https://www.nice.org.uk/guidance/ng238/documents/economic-report","Economic_report","22_September_2023","pdf","Economic_report_22_September_2023.pdf","D:/NICE_history/NG238","D:/NICE_history/NG238/Economic_report_22_September_2023.pdf",TRUE,"downloaded",
"NG238","Draft guidance consultation","Equality impact assessment - indicator","22 September 2023","pdf","https://www.nice.org.uk/guidance/ng238/documents/737-2","Equality_impact_assessment_-_indicator","22_September_2023","pdf","Equality_impact_assessment_-_indicator_22_September_2023.pdf","D:/NICE_history/NG238","D:/NICE_history/NG238/Equality_impact_assessment_-_indicator_22_September_2023.pdf",TRUE,"downloaded",
"NG238","Draft guidance consultation","Evidence review Codes list for lipids","22 September 2023","xlsx","https://www.nice.org.uk/guidance/ng238/documents/evidence-review-2","Evidence_review_Codes_list_for_lipids","22_September_2023","xlsx","Evidence_review_Codes_list_for_lipids_22_September_2023.xlsx","D:/NICE_history/NG238","D:/NICE_history/NG238/Evidence_review_Codes_list_for_lipids_22_September_2023.xlsx",TRUE,"downloaded",
"NG238","Draft guidance consultation","Evidence review D - escalation of lipid modification therapy for secondary prevention","22 September 2023","pdf","https://www.nice.org.uk/guidance/ng238/documents/evidence-review","Evidence_review_D_-_escalation_of_lipid_modification_therapy_for_secondary_prevention","22_September_2023","pdf","Evidence_review_D_-_escalation_of_lipid_modification_therapy_for_secondary_prevention_22_September_2023.pdf","D:/NICE_history/NG238","D:/NICE_history/NG238/Evidence_review_D_-_escalation_of_lipid_modification_therapy_for_secondary_prevention_22_September_2023.pdf",TRUE,"downloaded",
"NG238","Draft guidance consultation","Evidence review Network meta-analysis for change in LDL-C and non-HDL-C","22 September 2023","pdf","https://www.nice.org.uk/guidance/ng238/documents/evidence-review-3","Evidence_review_Network_meta-analysis_for_change_in_LDL-C_and_non-HDL-C","22_September_2023","pdf","Evidence_review_Network_meta-analysis_for_change_in_LDL-C_and_non-HDL-C_22_September_2023.pdf","D:/NICE_history/NG238","D:/NICE_history/NG238/Evidence_review_Network_meta-analysis_for_change_in_LDL-C_and_non-HDL-C_22_September_2023.pdf",TRUE,"downloaded",
"NG238","Draft guidance consultation","Supporting documentation Methods chapter","22 September 2023","pdf","https://www.nice.org.uk/guidance/ng238/documents/supporting-documentation","Supporting_documentation_Methods_chapter","22_September_2023","pdf","Supporting_documentation_Methods_chapter_22_September_2023.pdf","D:/NICE_history/NG238","D:/NICE_history/NG238/Supporting_documentation_Methods_chapter_22_September_2023.pdf",TRUE,"downloaded",
"NG238","Guidance published","Committee member list","14 December 2023","pdf","https://www.nice.org.uk/guidance/ng238/documents/committee-member-list-2","Committee_member_list","14_December_2023","pdf","Committee_member_list_14_December_2023.pdf","D:/NICE_history/NG238","D:/NICE_history/NG238/Committee_member_list_14_December_2023.pdf",TRUE,"downloaded",
"NG238","Guidance published","Consultation comments and responses","14 December 2023","pdf","https://www.nice.org.uk/guidance/ng238/documents/consultation-comments-and-responses","Consultation_comments_and_responses","14_December_2023","pdf","Consultation_comments_and_responses_14_December_2023.pdf","D:/NICE_history/NG238","D:/NICE_history/NG238/Consultation_comments_and_responses_14_December_2023.pdf",TRUE,"downloaded",
"NG238","Guidance published","Equality impact assessment Final","14 December 2023","pdf","https://www.nice.org.uk/guidance/ng238/documents/737","Equality_impact_assessment_Final","14_December_2023","pdf","Equality_impact_assessment_Final_14_December_2023.pdf","D:/NICE_history/NG238","D:/NICE_history/NG238/Equality_impact_assessment_Final_14_December_2023.pdf",TRUE,"downloaded",
"NG238","Guidance published","Supporting documentation Acknowledgements","14 December 2023","pdf","https://www.nice.org.uk/guidance/ng238/documents/supporting-documentation-2","Supporting_documentation_Acknowledgements","14_December_2023","pdf","Supporting_documentation_Acknowledgements_14_December_2023.pdf","D:/NICE_history/NG238","D:/NICE_history/NG238/Supporting_documentation_Acknowledgements_14_December_2023.pdf",TRUE,"downloaded",
"NG238","Scope published","Final scope Amended scope","09 February 2023","pdf","https://www.nice.org.uk/guidance/ng238/documents/final-scope-2","Final_scope_Amended_scope","09_February_2023","pdf","Final_scope_Amended_scope_09_February_2023.pdf","D:/NICE_history/NG238","D:/NICE_history/NG238/Final_scope_Amended_scope_09_February_2023.pdf",TRUE,"downloaded",
"NG238","Stakeholder list updated","Stakeholder list","13 December 2023","pdf","https://www.nice.org.uk/guidance/ng238/documents/stakeholder-list","Stakeholder_list","13_December_2023","pdf","Stakeholder_list_13_December_2023.pdf","D:/NICE_history/NG238","D:/NICE_history/NG238/Stakeholder_list_13_December_2023.pdf",TRUE,"downloaded",
"NG238","Stakeholder workshop","Workshop notes - attendee list","24 November 2022","pdf","https://www.nice.org.uk/guidance/ng238/documents/workshop-notes","Workshop_notes_-_attendee_list","24_November_2022","pdf","Workshop_notes_-_attendee_list_24_November_2022.pdf","D:/NICE_history/NG238","D:/NICE_history/NG238/Workshop_notes_-_attendee_list_24_November_2022.pdf",TRUE,"downloaded",
"NG238","Stakeholder workshop","Workshop notes - discussions","24 November 2022","pdf","https://www.nice.org.uk/guidance/ng238/documents/workshop-notes-2","Workshop_notes_-_discussions","24_November_2022","pdf","Workshop_notes_-_discussions_24_November_2022.pdf","D:/NICE_history/NG238","D:/NICE_history/NG238/Workshop_notes_-_discussions_24_November_2022.pdf",TRUE,"downloaded",
"NG238","Stakeholder workshop","Workshop notes - notes","24 November 2022","pdf","https://www.nice.org.uk/guidance/ng238/documents/workshop-notes-3","Workshop_notes_-_notes","24_November_2022","pdf","Workshop_notes_-_notes_24_November_2022.pdf","D:/NICE_history/NG238","D:/NICE_history/NG238/Workshop_notes_-_notes_24_November_2022.pdf",TRUE,"downloaded",
"NG241","Committee meetings","Minutes 9","01 February 2023","pdf","https://www.nice.org.uk/guidance/ng241/documents/minutes-10","Minutes_9","01_February_2023","pdf","Minutes_9_01_February_2023.pdf","D:/NICE_history/NG241","D:/NICE_history/NG241/Minutes_9_01_February_2023.pdf",TRUE,"downloaded",
"NG241","Committee meetings","Minutes 12 (2 day meeting)","02 June 2023","pdf","https://www.nice.org.uk/guidance/ng241/documents/minutes-13","Minutes_12_(2_day_meeting)","02_June_2023","pdf","Minutes_12_(2_day_meeting)_02_June_2023.pdf","D:/NICE_history/NG241","D:/NICE_history/NG241/Minutes_12_(2_day_meeting)_02_June_2023.pdf",TRUE,"downloaded",
"NG241","Committee meetings","Minutes 2","04 May 2022","pdf","https://www.nice.org.uk/guidance/ng241/documents/minutes-3","Minutes_2","04_May_2022","pdf","Minutes_2_04_May_2022.pdf","D:/NICE_history/NG241","D:/NICE_history/NG241/Minutes_2_04_May_2022.pdf",TRUE,"downloaded",
"NG241","Committee meetings","Minutes 11","05 May 2023","pdf","https://www.nice.org.uk/guidance/ng241/documents/minutes-12","Minutes_11","05_May_2023","pdf","Minutes_11_05_May_2023.pdf","D:/NICE_history/NG241","D:/NICE_history/NG241/Minutes_11_05_May_2023.pdf",TRUE,"downloaded",
"NG241","Committee meetings","Minutes 1","08 April 2022","pdf","https://www.nice.org.uk/guidance/ng241/documents/minutes-2","Minutes_1","08_April_2022","pdf","Minutes_1_08_April_2022.pdf","D:/NICE_history/NG241","D:/NICE_history/NG241/Minutes_1_08_April_2022.pdf",TRUE,"downloaded",
"NG241","Committee meetings","Minutes 8","13 December 2022","pdf","https://www.nice.org.uk/guidance/ng241/documents/minutes-9","Minutes_8","13_December_2022","pdf","Minutes_8_13_December_2022.pdf","D:/NICE_history/NG241","D:/NICE_history/NG241/Minutes_8_13_December_2022.pdf",TRUE,"downloaded",
"NG241","Committee meetings","Minutes 6","13 October 2022","pdf","https://www.nice.org.uk/guidance/ng241/documents/minutes-7","Minutes_6","13_October_2022","pdf","Minutes_6_13_October_2022.pdf","D:/NICE_history/NG241","D:/NICE_history/NG241/Minutes_6_13_October_2022.pdf",TRUE,"downloaded",
"NG241","Committee meetings","Minutes 3","14 June 2022","pdf","https://www.nice.org.uk/guidance/ng241/documents/minutes-4","Minutes_3","14_June_2022","pdf","Minutes_3_14_June_2022.pdf","D:/NICE_history/NG241","D:/NICE_history/NG241/Minutes_3_14_June_2022.pdf",TRUE,"downloaded",
"NG241","Committee meetings","Minutes 10","16 March 2023","pdf","https://www.nice.org.uk/guidance/ng241/documents/minutes-11","Minutes_10","16_March_2023","pdf","Minutes_10_16_March_2023.pdf","D:/NICE_history/NG241","D:/NICE_history/NG241/Minutes_10_16_March_2023.pdf",TRUE,"downloaded",
"NG241","Committee meetings","Minutes 7","18 November 2022","pdf","https://www.nice.org.uk/guidance/ng241/documents/minutes-8","Minutes_7","18_November_2022","pdf","Minutes_7_18_November_2022.pdf","D:/NICE_history/NG241","D:/NICE_history/NG241/Minutes_7_18_November_2022.pdf",TRUE,"downloaded",
"NG241","Committee meetings","Minutes 4","22 July 2022","pdf","https://www.nice.org.uk/guidance/ng241/documents/minutes-5","Minutes_4","22_July_2022","pdf","Minutes_4_22_July_2022.pdf","D:/NICE_history/NG241","D:/NICE_history/NG241/Minutes_4_22_July_2022.pdf",TRUE,"downloaded",
"NG241","Committee meetings","Minutes 5","30 August 2022","pdf","https://www.nice.org.uk/guidance/ng241/documents/minutes-6","Minutes_5","30_August_2022","pdf","Minutes_5_30_August_2022.pdf","D:/NICE_history/NG241","D:/NICE_history/NG241/Minutes_5_30_August_2022.pdf",TRUE,"downloaded",
"NG241","Declaration of interests","Register of interests","18 March 2024","pdf","https://www.nice.org.uk/guidance/ng241/documents/register-of-interests","Register_of_interests","18_March_2024","pdf","Register_of_interests_18_March_2024.pdf","D:/NICE_history/NG241","D:/NICE_history/NG241/Register_of_interests_18_March_2024.pdf",TRUE,"downloaded",
"NG241","Draft guidance consultation","Comments form","15 September 2023","docx","https://www.nice.org.uk/guidance/ng241/documents/comments-form","Comments_form","15_September_2023","docx","Comments_form_15_September_2023.docx","D:/NICE_history/NG241","D:/NICE_history/NG241/Comments_form_15_September_2023.docx",TRUE,"downloaded",
"NG241","Draft guidance consultation","Draft guideline","15 September 2023","pdf","https://www.nice.org.uk/guidance/ng241/documents/draft-guideline","Draft_guideline","15_September_2023","pdf","Draft_guideline_15_September_2023.pdf","D:/NICE_history/NG241","D:/NICE_history/NG241/Draft_guideline_15_September_2023.pdf",TRUE,"downloaded",
"NG241","Draft guidance consultation","Evidence review A","15 September 2023","pdf","https://www.nice.org.uk/guidance/ng241/documents/evidence-review","Evidence_review_A","15_September_2023","pdf","Evidence_review_A_15_September_2023.pdf","D:/NICE_history/NG241","D:/NICE_history/NG241/Evidence_review_A_15_September_2023.pdf",TRUE,"downloaded",
"NG241","Draft guidance consultation","Evidence review B","15 September 2023","pdf","https://www.nice.org.uk/guidance/ng241/documents/evidence-review-2","Evidence_review_B","15_September_2023","pdf","Evidence_review_B_15_September_2023.pdf","D:/NICE_history/NG241","D:/NICE_history/NG241/Evidence_review_B_15_September_2023.pdf",TRUE,"downloaded",
"NG241","Draft guidance consultation","Evidence review C","15 September 2023","pdf","https://www.nice.org.uk/guidance/ng241/documents/evidence-review-3","Evidence_review_C","15_September_2023","pdf","Evidence_review_C_15_September_2023.pdf","D:/NICE_history/NG241","D:/NICE_history/NG241/Evidence_review_C_15_September_2023.pdf",TRUE,"downloaded",
"NG241","Draft guidance consultation","Evidence review D","15 September 2023","pdf","https://www.nice.org.uk/guidance/ng241/documents/evidence-review-4","Evidence_review_D","15_September_2023","pdf","Evidence_review_D_15_September_2023.pdf","D:/NICE_history/NG241","D:/NICE_history/NG241/Evidence_review_D_15_September_2023.pdf",TRUE,"downloaded",
"NG241","Draft guidance consultation","Evidence review E","15 September 2023","pdf","https://www.nice.org.uk/guidance/ng241/documents/evidence-review-5","Evidence_review_E","15_September_2023","pdf","Evidence_review_E_15_September_2023.pdf","D:/NICE_history/NG241","D:/NICE_history/NG241/Evidence_review_E_15_September_2023.pdf",TRUE,"downloaded",
"NG241","Draft guidance consultation","Evidence review F","15 September 2023","pdf","https://www.nice.org.uk/guidance/ng241/documents/evidence-review-6","Evidence_review_F","15_September_2023","pdf","Evidence_review_F_15_September_2023.pdf","D:/NICE_history/NG241","D:/NICE_history/NG241/Evidence_review_F_15_September_2023.pdf",TRUE,"downloaded",
"NG241","Draft guidance consultation","Evidence review G","15 September 2023","pdf","https://www.nice.org.uk/guidance/ng241/documents/evidence-review-9","Evidence_review_G","15_September_2023","pdf","Evidence_review_G_15_September_2023.pdf","D:/NICE_history/NG241","D:/NICE_history/NG241/Evidence_review_G_15_September_2023.pdf",TRUE,"downloaded",
"NG241","Draft guidance consultation","Evidence review H","15 September 2023","pdf","https://www.nice.org.uk/guidance/ng241/documents/evidence-review-10","Evidence_review_H","15_September_2023","pdf","Evidence_review_H_15_September_2023.pdf","D:/NICE_history/NG241","D:/NICE_history/NG241/Evidence_review_H_15_September_2023.pdf",TRUE,"downloaded",
"NG241","Draft guidance consultation","Evidence review I","15 September 2023","pdf","https://www.nice.org.uk/guidance/ng241/documents/evidence-review-12","Evidence_review_I","15_September_2023","pdf","Evidence_review_I_15_September_2023.pdf","D:/NICE_history/NG241","D:/NICE_history/NG241/Evidence_review_I_15_September_2023.pdf",TRUE,"downloaded",
"NG241","Draft guidance consultation","Evidence review J","15 September 2023","pdf","https://www.nice.org.uk/guidance/ng241/documents/evidence-review-14","Evidence_review_J","15_September_2023","pdf","Evidence_review_J_15_September_2023.pdf","D:/NICE_history/NG241","D:/NICE_history/NG241/Evidence_review_J_15_September_2023.pdf",TRUE,"downloaded",
"NG241","Draft guidance consultation","Evidence review K","15 September 2023","pdf","https://www.nice.org.uk/guidance/ng241/documents/evidence-review-17","Evidence_review_K","15_September_2023","pdf","Evidence_review_K_15_September_2023.pdf","D:/NICE_history/NG241","D:/NICE_history/NG241/Evidence_review_K_15_September_2023.pdf",TRUE,"downloaded",
"NG241","Draft guidance consultation","Evidence review L","15 September 2023","pdf","https://www.nice.org.uk/guidance/ng241/documents/evidence-review-18","Evidence_review_L","15_September_2023","pdf","Evidence_review_L_15_September_2023.pdf","D:/NICE_history/NG241","D:/NICE_history/NG241/Evidence_review_L_15_September_2023.pdf",TRUE,"downloaded",
"NG241","Draft guidance consultation","Evidence review M","15 September 2023","pdf","https://www.nice.org.uk/guidance/ng241/documents/evidence-review-21","Evidence_review_M","15_September_2023","pdf","Evidence_review_M_15_September_2023.pdf","D:/NICE_history/NG241","D:/NICE_history/NG241/Evidence_review_M_15_September_2023.pdf",TRUE,"downloaded",
"NG241","Draft guidance consultation","Evidence review N","15 September 2023","pdf","https://www.nice.org.uk/guidance/ng241/documents/evidence-review-22","Evidence_review_N","15_September_2023","pdf","Evidence_review_N_15_September_2023.pdf","D:/NICE_history/NG241","D:/NICE_history/NG241/Evidence_review_N_15_September_2023.pdf",TRUE,"downloaded",
"NG241","Draft guidance consultation","Evidence review O","15 September 2023","pdf","https://www.nice.org.uk/guidance/ng241/documents/evidence-review-25","Evidence_review_O","15_September_2023","pdf","Evidence_review_O_15_September_2023.pdf","D:/NICE_history/NG241","D:/NICE_history/NG241/Evidence_review_O_15_September_2023.pdf",TRUE,"downloaded",
"NG241","Draft guidance consultation","Evidence review P","15 September 2023","pdf","https://www.nice.org.uk/guidance/ng241/documents/evidence-review-27","Evidence_review_P","15_September_2023","pdf","Evidence_review_P_15_September_2023.pdf","D:/NICE_history/NG241","D:/NICE_history/NG241/Evidence_review_P_15_September_2023.pdf",FALSE,"failed","Transferred a partial file [www.nice.org.uk]:
transfer closed with outstanding read data remaining"
"NG241","Draft guidance consultation","Supporting documentation - Developer team and expert witness list","15 September 2023","pdf","https://www.nice.org.uk/guidance/ng241/documents/supporting-documentation-3","Supporting_documentation_-_Developer_team_and_expert_witness_list","15_September_2023","pdf","Supporting_documentation_-_Developer_team_and_expert_witness_list_15_September_2023.pdf","D:/NICE_history/NG241","D:/NICE_history/NG241/Supporting_documentation_-_Developer_team_and_expert_witness_list_15_September_2023.pdf",TRUE,"downloaded",
"NG241","Draft guidance consultation","Supporting documentation - Economic literature","15 September 2023","pdf","https://www.nice.org.uk/guidance/ng241/documents/supporting-documentation-2","Supporting_documentation_-_Economic_literature","15_September_2023","pdf","Supporting_documentation_-_Economic_literature_15_September_2023.pdf","D:/NICE_history/NG241","D:/NICE_history/NG241/Supporting_documentation_-_Economic_literature_15_September_2023.pdf",TRUE,"downloaded",
"NG241","Draft guidance consultation","Supporting documentation - Methods","15 September 2023","pdf","https://www.nice.org.uk/guidance/ng241/documents/supporting-documentation","Supporting_documentation_-_Methods","15_September_2023","pdf","Supporting_documentation_-_Methods_15_September_2023.pdf","D:/NICE_history/NG241","D:/NICE_history/NG241/Supporting_documentation_-_Methods_15_September_2023.pdf",TRUE,"downloaded",
"NG241","Draft scope consultation","Comments form","22 November 2021","docx","https://www.nice.org.uk/guidance/ng241/documents/comments-form-2","Comments_form","22_November_2021","docx","Comments_form_22_November_2021.docx","D:/NICE_history/NG241","D:/NICE_history/NG241/Comments_form_22_November_2021.docx",TRUE,"downloaded",
"NG241","Draft scope consultation","Draft scope","22 November 2021","pdf","https://www.nice.org.uk/guidance/ng241/documents/draft-scope","Draft_scope","22_November_2021","pdf","Draft_scope_22_November_2021.pdf","D:/NICE_history/NG241","D:/NICE_history/NG241/Draft_scope_22_November_2021.pdf",TRUE,"downloaded",
"NG241","Guidance published","Acknowledgements","21 March 2024","pdf","https://www.nice.org.uk/guidance/ng241/documents/supporting-documentation-4","Acknowledgements","21_March_2024","pdf","Acknowledgements_21_March_2024.pdf","D:/NICE_history/NG241","D:/NICE_history/NG241/Acknowledgements_21_March_2024.pdf",TRUE,"downloaded",
"NG241","Guidance published","Committee member list","21 March 2024","pdf","https://www.nice.org.uk/guidance/ng241/documents/committee-member-list-2","Committee_member_list","21_March_2024","pdf","Committee_member_list_21_March_2024.pdf","D:/NICE_history/NG241","D:/NICE_history/NG241/Committee_member_list_21_March_2024.pdf",TRUE,"downloaded",
"NG241","Guidance published","Consultation comments and responses","21 March 2024","pdf","https://www.nice.org.uk/guidance/ng241/documents/consultation-comments-and-responses-2","Consultation_comments_and_responses","21_March_2024","pdf","Consultation_comments_and_responses_21_March_2024.pdf","D:/NICE_history/NG241","D:/NICE_history/NG241/Consultation_comments_and_responses_21_March_2024.pdf",TRUE,"downloaded",
"NG241","Guidance published","Equality impact assessment","21 March 2024","pdf","https://www.nice.org.uk/guidance/ng241/documents/737","Equality_impact_assessment","21_March_2024","pdf","Equality_impact_assessment_21_March_2024.pdf","D:/NICE_history/NG241","D:/NICE_history/NG241/Equality_impact_assessment_21_March_2024.pdf",TRUE,"downloaded",
"NG241","Pre-consultation documents released","Economic plan","13 July 2023","pdf","https://www.nice.org.uk/guidance/ng241/documents/economic-plan","Economic_plan","13_July_2023","pdf","Economic_plan_13_July_2023.pdf","D:/NICE_history/NG241","D:/NICE_history/NG241/Economic_plan_13_July_2023.pdf",TRUE,"downloaded",
"NG241","Pre-consultation documents released","Review questions","13 July 2023","pdf","https://www.nice.org.uk/guidance/ng241/documents/review-questions-2","Review_questions","13_July_2023","pdf","Review_questions_13_July_2023.pdf","D:/NICE_history/NG241","D:/NICE_history/NG241/Review_questions_13_July_2023.pdf",TRUE,"downloaded",
"NG241","Scope published","Consultation comments and responses","04 March 2022","pdf","https://www.nice.org.uk/guidance/ng241/documents/consultation-comments-and-responses","Consultation_comments_and_responses","04_March_2022","pdf","Consultation_comments_and_responses_04_March_2022.pdf","D:/NICE_history/NG241","D:/NICE_history/NG241/Consultation_comments_and_responses_04_March_2022.pdf",TRUE,"downloaded",
"NG241","Scope published","Final scope","16 May 2023","pdf","https://www.nice.org.uk/guidance/ng241/documents/final-scope-2","Final_scope","16_May_2023","pdf","Final_scope_16_May_2023.pdf","D:/NICE_history/NG241","D:/NICE_history/NG241/Final_scope_16_May_2023.pdf",TRUE,"downloaded",
"NG241","Scoping workshop","Minutes","26 October 2021","pdf","https://www.nice.org.uk/guidance/ng241/documents/minutes","Minutes","26_October_2021","pdf","Minutes_26_October_2021.pdf","D:/NICE_history/NG241","D:/NICE_history/NG241/Minutes_26_October_2021.pdf",TRUE,"downloaded",
"NG241","Stakeholder list updated","Stakeholder list","18 March 2024","pdf","https://www.nice.org.uk/guidance/ng241/documents/stakeholder-list","Stakeholder_list","18_March_2024","pdf","Stakeholder_list_18_March_2024.pdf","D:/NICE_history/NG241","D:/NICE_history/NG241/Stakeholder_list_18_March_2024.pdf",TRUE,"downloaded",
"NG249","Committee meetings","Minutes GC5","21 November 2023","pdf","https://www.nice.org.uk/guidance/ng249/documents/minutes-5","Minutes_GC5","21_November_2023","pdf","Minutes_GC5_21_November_2023.pdf","D:/NICE_history/NG249","D:/NICE_history/NG249/Minutes_GC5_21_November_2023.pdf",TRUE,"downloaded",
"NG249","Committee meetings","Minutes GC6","21 November 2023","pdf","https://www.nice.org.uk/guidance/ng249/documents/minutes-6","Minutes_GC6","21_November_2023","pdf","Minutes_GC6_21_November_2023.pdf","D:/NICE_history/NG249","D:/NICE_history/NG249/Minutes_GC6_21_November_2023.pdf",TRUE,"downloaded",
"NG249","Committee meetings","Minutes GC7","21 November 2023","pdf","https://www.nice.org.uk/guidance/ng249/documents/minutes-7","Minutes_GC7","21_November_2023","pdf","Minutes_GC7_21_November_2023.pdf","D:/NICE_history/NG249","D:/NICE_history/NG249/Minutes_GC7_21_November_2023.pdf",TRUE,"downloaded",
"NG249","Committee meetings","Minutes GC8","21 November 2023","pdf","https://www.nice.org.uk/guidance/ng249/documents/minutes-8","Minutes_GC8","21_November_2023","pdf","Minutes_GC8_21_November_2023.pdf","D:/NICE_history/NG249","D:/NICE_history/NG249/Minutes_GC8_21_November_2023.pdf",TRUE,"downloaded",
"NG249","Committee meetings","Minutes GC15","23 June 2025","pdf","https://www.nice.org.uk/guidance/ng249/documents/minutes-11","Minutes_GC15","23_June_2025","pdf","Minutes_GC15_23_June_2025.pdf","D:/NICE_history/NG249","D:/NICE_history/NG249/Minutes_GC15_23_June_2025.pdf",TRUE,"downloaded",
"NG249","Committee meetings","Minutes GC16","23 June 2025","pdf","https://www.nice.org.uk/guidance/ng249/documents/minutes-12","Minutes_GC16","23_June_2025","pdf","Minutes_GC16_23_June_2025.pdf","D:/NICE_history/NG249","D:/NICE_history/NG249/Minutes_GC16_23_June_2025.pdf",TRUE,"downloaded",
"NG249","Committee meetings","Minutes 01","24 May 2023","pdf","https://www.nice.org.uk/guidance/ng249/documents/minutes","Minutes_01","24_May_2023","pdf","Minutes_01_24_May_2023.pdf","D:/NICE_history/NG249","D:/NICE_history/NG249/Minutes_01_24_May_2023.pdf",TRUE,"downloaded",
"NG249","Committee meetings","Minutes 02","24 May 2023","pdf","https://www.nice.org.uk/guidance/ng249/documents/minutes-2","Minutes_02","24_May_2023","pdf","Minutes_02_24_May_2023.pdf","D:/NICE_history/NG249","D:/NICE_history/NG249/Minutes_02_24_May_2023.pdf",TRUE,"downloaded",
"NG249","Committee meetings","Minutes 03","24 May 2023","pdf","https://www.nice.org.uk/guidance/ng249/documents/minutes-3","Minutes_03","24_May_2023","pdf","Minutes_03_24_May_2023.pdf","D:/NICE_history/NG249","D:/NICE_history/NG249/Minutes_03_24_May_2023.pdf",TRUE,"downloaded",
"NG249","Committee meetings","Minutes 04","24 May 2023","pdf","https://www.nice.org.uk/guidance/ng249/documents/minutes-4","Minutes_04","24_May_2023","pdf","Minutes_04_24_May_2023.pdf","D:/NICE_history/NG249","D:/NICE_history/NG249/Minutes_04_24_May_2023.pdf",TRUE,"downloaded",
"NG249","Committee meetings","Minutes GC09","30 April 2025","pdf","https://www.nice.org.uk/guidance/ng249/documents/minutes-9","Minutes_GC09","30_April_2025","pdf","Minutes_GC09_30_April_2025.pdf","D:/NICE_history/NG249","D:/NICE_history/NG249/Minutes_GC09_30_April_2025.pdf",TRUE,"downloaded",
"NG249","Committee meetings","Minutes GC10","30 April 2025","pdf","https://www.nice.org.uk/guidance/ng249/documents/minutes-10","Minutes_GC10","30_April_2025","pdf","Minutes_GC10_30_April_2025.pdf","D:/NICE_history/NG249","D:/NICE_history/NG249/Minutes_GC10_30_April_2025.pdf",TRUE,"downloaded",
"NG249","Committee meetings","Minutes GC11","30 April 2025","pdf","https://www.nice.org.uk/guidance/ng249/documents/minutes-13","Minutes_GC11","30_April_2025","pdf","Minutes_GC11_30_April_2025.pdf","D:/NICE_history/NG249","D:/NICE_history/NG249/Minutes_GC11_30_April_2025.pdf",TRUE,"downloaded",
"NG249","Committee meetings","Minutes GC12","30 April 2025","pdf","https://www.nice.org.uk/guidance/ng249/documents/minutes-16","Minutes_GC12","30_April_2025","pdf","Minutes_GC12_30_April_2025.pdf","D:/NICE_history/NG249","D:/NICE_history/NG249/Minutes_GC12_30_April_2025.pdf",TRUE,"downloaded",
"NG249","Committee meetings","Minutes GC13","30 April 2025","pdf","https://www.nice.org.uk/guidance/ng249/documents/minutes-17","Minutes_GC13","30_April_2025","pdf","Minutes_GC13_30_April_2025.pdf","D:/NICE_history/NG249","D:/NICE_history/NG249/Minutes_GC13_30_April_2025.pdf",TRUE,"downloaded",
"NG249","Committee meetings","Minutes GC14","30 April 2025","pdf","https://www.nice.org.uk/guidance/ng249/documents/minutes-20","Minutes_GC14","30_April_2025","pdf","Minutes_GC14_30_April_2025.pdf","D:/NICE_history/NG249","D:/NICE_history/NG249/Minutes_GC14_30_April_2025.pdf",TRUE,"downloaded",
"NG249","Declaration of interests","Register of interests","23 June 2025","pdf","https://www.nice.org.uk/guidance/ng249/documents/register-of-interests-2","Register_of_interests","23_June_2025","pdf","Register_of_interests_23_June_2025.pdf","D:/NICE_history/NG249","D:/NICE_history/NG249/Register_of_interests_23_June_2025.pdf",TRUE,"downloaded",
"NG249","Draft guidance consultation","Comments form","18 October 2024","docx","https://www.nice.org.uk/guidance/ng249/documents/comments-form-2","Comments_form","18_October_2024","docx","Comments_form_18_October_2024.docx","D:/NICE_history/NG249","D:/NICE_history/NG249/Comments_form_18_October_2024.docx",TRUE,"downloaded",
"NG249","Draft guidance consultation","Draft guideline","18 October 2024","pdf","https://www.nice.org.uk/guidance/ng249/documents/450","Draft_guideline","18_October_2024","pdf","Draft_guideline_18_October_2024.pdf","D:/NICE_history/NG249","D:/NICE_history/NG249/Draft_guideline_18_October_2024.pdf",TRUE,"downloaded",
"NG249","Draft guidance consultation","Equality impact assessment 3","18 October 2024","pdf","https://www.nice.org.uk/guidance/ng249/documents/801","Equality_impact_assessment_3","18_October_2024","pdf","Equality_impact_assessment_3_18_October_2024.pdf","D:/NICE_history/NG249","D:/NICE_history/NG249/Equality_impact_assessment_3_18_October_2024.pdf",TRUE,"downloaded",
"NG249","Draft guidance consultation","Evidence review A","18 October 2024","pdf","https://www.nice.org.uk/guidance/ng249/documents/evidence-review","Evidence_review_A","18_October_2024","pdf","Evidence_review_A_18_October_2024.pdf","D:/NICE_history/NG249","D:/NICE_history/NG249/Evidence_review_A_18_October_2024.pdf",TRUE,"downloaded",
"NG249","Draft guidance consultation","Evidence review B","18 October 2024","pdf","https://www.nice.org.uk/guidance/ng249/documents/evidence-review-2","Evidence_review_B","18_October_2024","pdf","Evidence_review_B_18_October_2024.pdf","D:/NICE_history/NG249","D:/NICE_history/NG249/Evidence_review_B_18_October_2024.pdf",TRUE,"downloaded",
"NG249","Draft guidance consultation","Evidence review C","18 October 2024","pdf","https://www.nice.org.uk/guidance/ng249/documents/evidence-review-3","Evidence_review_C","18_October_2024","pdf","Evidence_review_C_18_October_2024.pdf","D:/NICE_history/NG249","D:/NICE_history/NG249/Evidence_review_C_18_October_2024.pdf",TRUE,"downloaded",
"NG249","Draft guidance consultation","Evidence review D","18 October 2024","pdf","https://www.nice.org.uk/guidance/ng249/documents/evidence-review-4","Evidence_review_D","18_October_2024","pdf","Evidence_review_D_18_October_2024.pdf","D:/NICE_history/NG249","D:/NICE_history/NG249/Evidence_review_D_18_October_2024.pdf",TRUE,"downloaded",
"NG249","Draft guidance consultation","Evidence review E","18 October 2024","pdf","https://www.nice.org.uk/guidance/ng249/documents/evidence-review-5","Evidence_review_E","18_October_2024","pdf","Evidence_review_E_18_October_2024.pdf","D:/NICE_history/NG249","D:/NICE_history/NG249/Evidence_review_E_18_October_2024.pdf",TRUE,"downloaded",
"NG249","Draft guidance consultation","Evidence review F1","18 October 2024","pdf","https://www.nice.org.uk/guidance/ng249/documents/evidence-review-6","Evidence_review_F1","18_October_2024","pdf","Evidence_review_F1_18_October_2024.pdf","D:/NICE_history/NG249","D:/NICE_history/NG249/Evidence_review_F1_18_October_2024.pdf",TRUE,"downloaded",
"NG249","Draft guidance consultation","Evidence review F2","18 October 2024","pdf","https://www.nice.org.uk/guidance/ng249/documents/evidence-review-7","Evidence_review_F2","18_October_2024","pdf","Evidence_review_F2_18_October_2024.pdf","D:/NICE_history/NG249","D:/NICE_history/NG249/Evidence_review_F2_18_October_2024.pdf",TRUE,"downloaded",
"NG249","Draft guidance consultation","Evidence review G","18 October 2024","pdf","https://www.nice.org.uk/guidance/ng249/documents/evidence-review-8","Evidence_review_G","18_October_2024","pdf","Evidence_review_G_18_October_2024.pdf","D:/NICE_history/NG249","D:/NICE_history/NG249/Evidence_review_G_18_October_2024.pdf",TRUE,"downloaded",
"NG249","Draft guidance consultation","Evidence review H","18 October 2024","pdf","https://www.nice.org.uk/guidance/ng249/documents/evidence-review-9","Evidence_review_H","18_October_2024","pdf","Evidence_review_H_18_October_2024.pdf","D:/NICE_history/NG249","D:/NICE_history/NG249/Evidence_review_H_18_October_2024.pdf",TRUE,"downloaded",
"NG249","Draft guidance consultation","Evidence review I","18 October 2024","pdf","https://www.nice.org.uk/guidance/ng249/documents/evidence-review-10","Evidence_review_I","18_October_2024","pdf","Evidence_review_I_18_October_2024.pdf","D:/NICE_history/NG249","D:/NICE_history/NG249/Evidence_review_I_18_October_2024.pdf",FALSE,"failed","Transferred a partial file [www.nice.org.uk]:
transfer closed with outstanding read data remaining"
"NG249","Draft guidance consultation","Supporting documentation - Methods chapter","18 October 2024","pdf","https://www.nice.org.uk/guidance/ng249/documents/supporting-documentation","Supporting_documentation_-_Methods_chapter","18_October_2024","pdf","Supporting_documentation_-_Methods_chapter_18_October_2024.pdf","D:/NICE_history/NG249","D:/NICE_history/NG249/Supporting_documentation_-_Methods_chapter_18_October_2024.pdf",TRUE,"downloaded",
"NG249","Draft scope consultation","Comments form","11 April 2022","docx","https://www.nice.org.uk/guidance/ng249/documents/comments-form","Comments_form","11_April_2022","docx","Comments_form_11_April_2022.docx","D:/NICE_history/NG249","D:/NICE_history/NG249/Comments_form_11_April_2022.docx",TRUE,"downloaded",
"NG249","Draft scope consultation","Draft scope","11 April 2022","pdf","https://www.nice.org.uk/guidance/ng249/documents/draft-scope","Draft_scope","11_April_2022","pdf","Draft_scope_11_April_2022.pdf","D:/NICE_history/NG249","D:/NICE_history/NG249/Draft_scope_11_April_2022.pdf",TRUE,"downloaded",
"NG249","Draft scope consultation","Equality impact assessment 1","11 April 2022","pdf","https://www.nice.org.uk/guidance/ng249/documents/equality-impact-assessment","Equality_impact_assessment_1","11_April_2022","pdf","Equality_impact_assessment_1_11_April_2022.pdf","D:/NICE_history/NG249","D:/NICE_history/NG249/Equality_impact_assessment_1_11_April_2022.pdf",TRUE,"downloaded",
"NG249","Guidance published","Committee member list","29 April 2025","pdf","https://www.nice.org.uk/guidance/ng249/documents/committee-member-list-2","Committee_member_list","29_April_2025","pdf","Committee_member_list_29_April_2025.pdf","D:/NICE_history/NG249","D:/NICE_history/NG249/Committee_member_list_29_April_2025.pdf",TRUE,"downloaded",
"NG249","Guidance published","Consultation comments and responses","29 April 2025","pdf","https://www.nice.org.uk/guidance/ng249/documents/consultation-comments-and-responses-3","Consultation_comments_and_responses","29_April_2025","pdf","Consultation_comments_and_responses_29_April_2025.pdf","D:/NICE_history/NG249","D:/NICE_history/NG249/Consultation_comments_and_responses_29_April_2025.pdf",TRUE,"downloaded",
"NG249","Guidance published","Equality impact assessment - Final","29 April 2025","pdf","https://www.nice.org.uk/guidance/ng249/documents/801-3","Equality_impact_assessment_-_Final","29_April_2025","pdf","Equality_impact_assessment_-_Final_29_April_2025.pdf","D:/NICE_history/NG249","D:/NICE_history/NG249/Equality_impact_assessment_-_Final_29_April_2025.pdf",TRUE,"downloaded",
"NG249","Guidance published","Supporting documentation - Acknowledgements","29 April 2025","pdf","https://www.nice.org.uk/guidance/ng249/documents/supporting-documentation-5","Supporting_documentation_-_Acknowledgements","29_April_2025","pdf","Supporting_documentation_-_Acknowledgements_29_April_2025.pdf","D:/NICE_history/NG249","D:/NICE_history/NG249/Supporting_documentation_-_Acknowledgements_29_April_2025.pdf",TRUE,"downloaded",
"NG249","Scope published","Consultation comments and responses","22 September 2022","pdf","https://www.nice.org.uk/guidance/ng249/documents/consultation-comments-and-responses","Consultation_comments_and_responses","22_September_2022","pdf","Consultation_comments_and_responses_22_September_2022.pdf","D:/NICE_history/NG249","D:/NICE_history/NG249/Consultation_comments_and_responses_22_September_2022.pdf",TRUE,"downloaded",
"NG249","Scope published","Equality impact assessment 2","22 September 2022","pdf","https://www.nice.org.uk/guidance/ng249/documents/equality-impact-assessment-2","Equality_impact_assessment_2","22_September_2022","pdf","Equality_impact_assessment_2_22_September_2022.pdf","D:/NICE_history/NG249","D:/NICE_history/NG249/Equality_impact_assessment_2_22_September_2022.pdf",TRUE,"downloaded",
"NG249","Scope published","Final scope","22 September 2022","pdf","https://www.nice.org.uk/guidance/ng249/documents/final-scope","Final_scope","22_September_2022","pdf","Final_scope_22_September_2022.pdf","D:/NICE_history/NG249","D:/NICE_history/NG249/Final_scope_22_September_2022.pdf",TRUE,"downloaded",
"NG249","Scoping workshop","Workshop notes Group 1","08 March 2022","pdf","https://www.nice.org.uk/guidance/ng249/documents/workshop-notes","Workshop_notes_Group_1","08_March_2022","pdf","Workshop_notes_Group_1_08_March_2022.pdf","D:/NICE_history/NG249","D:/NICE_history/NG249/Workshop_notes_Group_1_08_March_2022.pdf",TRUE,"downloaded",
"NG249","Scoping workshop","Workshop notes Group 2","08 March 2022","pdf","https://www.nice.org.uk/guidance/ng249/documents/workshop-notes-2","Workshop_notes_Group_2","08_March_2022","pdf","Workshop_notes_Group_2_08_March_2022.pdf","D:/NICE_history/NG249","D:/NICE_history/NG249/Workshop_notes_Group_2_08_March_2022.pdf",TRUE,"downloaded",
"NG249","Scoping workshop","Workshop notes Group 3","08 March 2022","pdf","https://www.nice.org.uk/guidance/ng249/documents/workshop-notes-3","Workshop_notes_Group_3","08_March_2022","pdf","Workshop_notes_Group_3_08_March_2022.pdf","D:/NICE_history/NG249","D:/NICE_history/NG249/Workshop_notes_Group_3_08_March_2022.pdf",TRUE,"downloaded",
"NG249","Scoping workshop","Workshop notes Group 4","08 March 2022","pdf","https://www.nice.org.uk/guidance/ng249/documents/workshop-notes-4","Workshop_notes_Group_4","08_March_2022","pdf","Workshop_notes_Group_4_08_March_2022.pdf","D:/NICE_history/NG249","D:/NICE_history/NG249/Workshop_notes_Group_4_08_March_2022.pdf",TRUE,"downloaded",
"NG249","Stakeholder list updated","Stakeholder list","29 April 2025","pdf","https://www.nice.org.uk/guidance/ng249/documents/stakeholder-list-2","Stakeholder_list","29_April_2025","pdf","Stakeholder_list_29_April_2025.pdf","D:/NICE_history/NG249","D:/NICE_history/NG249/Stakeholder_list_29_April_2025.pdf",TRUE,"downloaded",
"NG250","Committee list updated","Committee member list","02 September 2025","pdf","https://www.nice.org.uk/guidance/ng250/documents/committee-member-list","Committee_member_list","02_September_2025","pdf","Committee_member_list_02_September_2025.pdf","D:/NICE_history/NG250","D:/NICE_history/NG250/Committee_member_list_02_September_2025.pdf",TRUE,"downloaded",
"NG250","Committee meetings","Minutes 8","05 September 2024","pdf","https://www.nice.org.uk/guidance/ng250/documents/minutes-10","Minutes_8","05_September_2024","pdf","Minutes_8_05_September_2024.pdf","D:/NICE_history/NG250","D:/NICE_history/NG250/Minutes_8_05_September_2024.pdf",TRUE,"downloaded",
"NG250","Committee meetings","Minutes 9","07 November 2024","pdf","https://www.nice.org.uk/guidance/ng250/documents/minutes-11","Minutes_9","07_November_2024","pdf","Minutes_9_07_November_2024.pdf","D:/NICE_history/NG250","D:/NICE_history/NG250/Minutes_9_07_November_2024.pdf",TRUE,"downloaded",
"NG250","Committee meetings","Minutes 11","09 January 2025","pdf","https://www.nice.org.uk/guidance/ng250/documents/minutes-14","Minutes_11","09_January_2025","pdf","Minutes_11_09_January_2025.pdf","D:/NICE_history/NG250","D:/NICE_history/NG250/Minutes_11_09_January_2025.pdf",FALSE,"failed","Transferred a partial file [www.nice.org.uk]:
transfer closed with outstanding read data remaining"
"NG250","Committee meetings","Minutes - 5","09 May 2024","pdf","https://www.nice.org.uk/guidance/ng250/documents/minutes-5","Minutes_-_5","09_May_2024","pdf","Minutes_-_5_09_May_2024.pdf","D:/NICE_history/NG250","D:/NICE_history/NG250/Minutes_-_5_09_May_2024.pdf",TRUE,"downloaded",
"NG250","Committee meetings","Minutes 1","10 November 2023","pdf","https://www.nice.org.uk/guidance/ng250/documents/minutes","Minutes_1","10_November_2023","pdf","Minutes_1_10_November_2023.pdf","D:/NICE_history/NG250","D:/NICE_history/NG250/Minutes_1_10_November_2023.pdf",TRUE,"downloaded",
"NG250","Committee meetings","Minutes 3","13 February 2024","pdf","https://www.nice.org.uk/guidance/ng250/documents/minutes-3","Minutes_3","13_February_2024","pdf","Minutes_3_13_February_2024.pdf","D:/NICE_history/NG250","D:/NICE_history/NG250/Minutes_3_13_February_2024.pdf",TRUE,"downloaded",
"NG250","Committee meetings","Minutes 2","20 December 2023","pdf","https://www.nice.org.uk/guidance/ng250/documents/minutes-2","Minutes_2","20_December_2023","pdf","Minutes_2_20_December_2023.pdf","D:/NICE_history/NG250","D:/NICE_history/NG250/Minutes_2_20_December_2023.pdf",TRUE,"downloaded",
"NG250","Committee meetings","Minutes - 6","20 June 2024","pdf","https://www.nice.org.uk/guidance/ng250/documents/minutes-6","Minutes_-_6","20_June_2024","pdf","Minutes_-_6_20_June_2024.pdf","D:/NICE_history/NG250","D:/NICE_history/NG250/Minutes_-_6_20_June_2024.pdf",TRUE,"downloaded",
"NG250","Committee meetings","Minutes 7","24 July 2024","pdf","https://www.nice.org.uk/guidance/ng250/documents/minutes-8","Minutes_7","24_July_2024","pdf","Minutes_7_24_July_2024.pdf","D:/NICE_history/NG250","D:/NICE_history/NG250/Minutes_7_24_July_2024.pdf",TRUE,"downloaded",
"NG250","Committee meetings","Minutes 12","25 September 2025","pdf","https://www.nice.org.uk/guidance/ng250/documents/minutes-7","Minutes_12","25_September_2025","pdf","Minutes_12_25_September_2025.pdf","D:/NICE_history/NG250","D:/NICE_history/NG250/Minutes_12_25_September_2025.pdf",TRUE,"downloaded",
"NG250","Committee meetings","Minutes 4","28 April 2024","pdf","https://www.nice.org.uk/guidance/ng250/documents/minutes-4","Minutes_4","28_April_2024","pdf","Minutes_4_28_April_2024.pdf","D:/NICE_history/NG250","D:/NICE_history/NG250/Minutes_4_28_April_2024.pdf",TRUE,"downloaded",
"NG250","Committee meetings","Minutes 10","28 November 2024","pdf","https://www.nice.org.uk/guidance/ng250/documents/minutes-13","Minutes_10","28_November_2024","pdf","Minutes_10_28_November_2024.pdf","D:/NICE_history/NG250","D:/NICE_history/NG250/Minutes_10_28_November_2024.pdf",TRUE,"downloaded",
"NG250","Consultation comments published","Consultation comments and responses","02 September 2025","pdf","https://www.nice.org.uk/guidance/ng250/documents/consultation-comments-and-responses-2","Consultation_comments_and_responses","02_September_2025","pdf","Consultation_comments_and_responses_02_September_2025.pdf","D:/NICE_history/NG250","D:/NICE_history/NG250/Consultation_comments_and_responses_02_September_2025.pdf",TRUE,"downloaded",
"NG250","Declaration of interests","Register of interests","02 September 2025","pdf","https://www.nice.org.uk/guidance/ng250/documents/register-of-interests-2","Register_of_interests","02_September_2025","pdf","Register_of_interests_02_September_2025.pdf","D:/NICE_history/NG250","D:/NICE_history/NG250/Register_of_interests_02_September_2025.pdf",TRUE,"downloaded",
"NG250","Draft guidance consultation","Comments form","09 April 2025","docx","https://www.nice.org.uk/guidance/ng250/documents/comments-form-2","Comments_form","09_April_2025","docx","Comments_form_09_April_2025.docx","D:/NICE_history/NG250","D:/NICE_history/NG250/Comments_form_09_April_2025.docx",TRUE,"downloaded",
"NG250","Draft guidance consultation","Draft guideline","09 April 2025","pdf","https://www.nice.org.uk/guidance/ng250/documents/450","Draft_guideline","09_April_2025","pdf","Draft_guideline_09_April_2025.pdf","D:/NICE_history/NG250","D:/NICE_history/NG250/Draft_guideline_09_April_2025.pdf",TRUE,"downloaded",
"NG250","Draft guidance consultation","Equality and health inequalities assessment 4","09 April 2025","pdf","https://www.nice.org.uk/guidance/ng250/documents/equality-and-health-inequalities","Equality_and_health_inequalities_assessment_4","09_April_2025","pdf","Equality_and_health_inequalities_assessment_4_09_April_2025.pdf","D:/NICE_history/NG250","D:/NICE_history/NG250/Equality_and_health_inequalities_assessment_4_09_April_2025.pdf",TRUE,"downloaded",
"NG250","Draft guidance consultation","Evidence review A","09 April 2025","pdf","https://www.nice.org.uk/guidance/ng250/documents/evidence-review","Evidence_review_A","09_April_2025","pdf","Evidence_review_A_09_April_2025.pdf","D:/NICE_history/NG250","D:/NICE_history/NG250/Evidence_review_A_09_April_2025.pdf",TRUE,"downloaded",
"NG250","Draft guidance consultation","Evidence review B","09 April 2025","pdf","https://www.nice.org.uk/guidance/ng250/documents/evidence-review-4","Evidence_review_B","09_April_2025","pdf","Evidence_review_B_09_April_2025.pdf","D:/NICE_history/NG250","D:/NICE_history/NG250/Evidence_review_B_09_April_2025.pdf",TRUE,"downloaded",
"NG250","Draft guidance consultation","Evidence review C","09 April 2025","pdf","https://www.nice.org.uk/guidance/ng250/documents/evidence-review-5","Evidence_review_C","09_April_2025","pdf","Evidence_review_C_09_April_2025.pdf","D:/NICE_history/NG250","D:/NICE_history/NG250/Evidence_review_C_09_April_2025.pdf",TRUE,"downloaded",
"NG250","Draft guidance consultation","Evidence review D","09 April 2025","pdf","https://www.nice.org.uk/guidance/ng250/documents/evidence-review-6","Evidence_review_D","09_April_2025","pdf","Evidence_review_D_09_April_2025.pdf","D:/NICE_history/NG250","D:/NICE_history/NG250/Evidence_review_D_09_April_2025.pdf",TRUE,"downloaded",
"NG250","Draft guidance consultation","Evidence review E","09 April 2025","pdf","https://www.nice.org.uk/guidance/ng250/documents/evidence-review-7","Evidence_review_E","09_April_2025","pdf","Evidence_review_E_09_April_2025.pdf","D:/NICE_history/NG250","D:/NICE_history/NG250/Evidence_review_E_09_April_2025.pdf",TRUE,"downloaded",
"NG250","Draft guidance consultation","Evidence review F","09 April 2025","pdf","https://www.nice.org.uk/guidance/ng250/documents/evidence-review-8","Evidence_review_F","09_April_2025","pdf","Evidence_review_F_09_April_2025.pdf","D:/NICE_history/NG250","D:/NICE_history/NG250/Evidence_review_F_09_April_2025.pdf",TRUE,"downloaded",
"NG250","Draft guidance consultation","Evidence review G","09 April 2025","pdf","https://www.nice.org.uk/guidance/ng250/documents/evidence-review-9","Evidence_review_G","09_April_2025","pdf","Evidence_review_G_09_April_2025.pdf","D:/NICE_history/NG250","D:/NICE_history/NG250/Evidence_review_G_09_April_2025.pdf",TRUE,"downloaded",
"NG250","Draft guidance consultation","Evidence review H","09 April 2025","pdf","https://www.nice.org.uk/guidance/ng250/documents/evidence-review-10","Evidence_review_H","09_April_2025","pdf","Evidence_review_H_09_April_2025.pdf","D:/NICE_history/NG250","D:/NICE_history/NG250/Evidence_review_H_09_April_2025.pdf",TRUE,"downloaded",
"NG250","Draft guidance consultation","Evidence review I","09 April 2025","pdf","https://www.nice.org.uk/guidance/ng250/documents/evidence-review-11","Evidence_review_I","09_April_2025","pdf","Evidence_review_I_09_April_2025.pdf","D:/NICE_history/NG250","D:/NICE_history/NG250/Evidence_review_I_09_April_2025.pdf",TRUE,"downloaded",
"NG250","Draft guidance consultation","Evidence review J","09 April 2025","pdf","https://www.nice.org.uk/guidance/ng250/documents/evidence-review-12","Evidence_review_J","09_April_2025","pdf","Evidence_review_J_09_April_2025.pdf","D:/NICE_history/NG250","D:/NICE_history/NG250/Evidence_review_J_09_April_2025.pdf",TRUE,"downloaded",
"NG250","Draft guidance consultation","Evidence review K","09 April 2025","pdf","https://www.nice.org.uk/guidance/ng250/documents/evidence-review-13","Evidence_review_K","09_April_2025","pdf","Evidence_review_K_09_April_2025.pdf","D:/NICE_history/NG250","D:/NICE_history/NG250/Evidence_review_K_09_April_2025.pdf",TRUE,"downloaded",
"NG250","Draft guidance consultation","Supporting documentation - Acknowledgements","09 April 2025","pdf","https://www.nice.org.uk/guidance/ng250/documents/supporting-documentation-2","Supporting_documentation_-_Acknowledgements","09_April_2025","pdf","Supporting_documentation_-_Acknowledgements_09_April_2025.pdf","D:/NICE_history/NG250","D:/NICE_history/NG250/Supporting_documentation_-_Acknowledgements_09_April_2025.pdf",TRUE,"downloaded",
"NG250","Draft guidance consultation","Supporting documentation - Methods","09 April 2025","pdf","https://www.nice.org.uk/guidance/ng250/documents/supporting-documentation","Supporting_documentation_-_Methods","09_April_2025","pdf","Supporting_documentation_-_Methods_09_April_2025.pdf","D:/NICE_history/NG250","D:/NICE_history/NG250/Supporting_documentation_-_Methods_09_April_2025.pdf",TRUE,"downloaded",
"NG250","Draft scope consultation","Comments form","02 November 2022","docx","https://www.nice.org.uk/guidance/ng250/documents/comments-form","Comments_form","02_November_2022","docx","Comments_form_02_November_2022.docx","D:/NICE_history/NG250","D:/NICE_history/NG250/Comments_form_02_November_2022.docx",TRUE,"downloaded",
"NG250","Draft scope consultation","Draft scope","02 November 2022","pdf","https://www.nice.org.uk/guidance/ng250/documents/draft-scope","Draft_scope","02_November_2022","pdf","Draft_scope_02_November_2022.pdf","D:/NICE_history/NG250","D:/NICE_history/NG250/Draft_scope_02_November_2022.pdf",TRUE,"downloaded",
"NG250","Draft scope consultation","Equality impact assessment 1","02 November 2022","pdf","https://www.nice.org.uk/guidance/ng250/documents/equality-impact-assessment","Equality_impact_assessment_1","02_November_2022","pdf","Equality_impact_assessment_1_02_November_2022.pdf","D:/NICE_history/NG250","D:/NICE_history/NG250/Equality_impact_assessment_1_02_November_2022.pdf",TRUE,"downloaded",
"NG250","Equality and health inequalities assessment","Final","02 September 2025","pdf","https://www.nice.org.uk/guidance/ng250/documents/equality-and-health-inequalities-2","Final","02_September_2025","pdf","Final_02_September_2025.pdf","D:/NICE_history/NG250","D:/NICE_history/NG250/Final_02_September_2025.pdf",TRUE,"downloaded",
"NG250","Pre-consultation documents released","Economic plan","21 February 2025","pdf","https://www.nice.org.uk/guidance/ng250/documents/economic-plan","Economic_plan","21_February_2025","pdf","Economic_plan_21_February_2025.pdf","D:/NICE_history/NG250","D:/NICE_history/NG250/Economic_plan_21_February_2025.pdf",TRUE,"downloaded",
"NG250","Pre-consultation documents released","Review questions","21 February 2025","pdf","https://www.nice.org.uk/guidance/ng250/documents/review-questions","Review_questions","21_February_2025","pdf","Review_questions_21_February_2025.pdf","D:/NICE_history/NG250","D:/NICE_history/NG250/Review_questions_21_February_2025.pdf",TRUE,"downloaded",
"NG250","Scope published","Final scope","10 June 2024","pdf","https://www.nice.org.uk/guidance/ng250/documents/final-scope","Final_scope","10_June_2024","pdf","Final_scope_10_June_2024.pdf","D:/NICE_history/NG250","D:/NICE_history/NG250/Final_scope_10_June_2024.pdf",TRUE,"downloaded",
"NG250","Scope published","Consultation comments and responses","20 January 2023","pdf","https://www.nice.org.uk/guidance/ng250/documents/consultation-comments-and-responses","Consultation_comments_and_responses","20_January_2023","pdf","Consultation_comments_and_responses_20_January_2023.pdf","D:/NICE_history/NG250","D:/NICE_history/NG250/Consultation_comments_and_responses_20_January_2023.pdf",TRUE,"downloaded",
"NG250","Scope published","Equality impact assessment 2","20 January 2023","pdf","https://www.nice.org.uk/guidance/ng250/documents/equality-impact-assessment-2","Equality_impact_assessment_2","20_January_2023","pdf","Equality_impact_assessment_2_20_January_2023.pdf","D:/NICE_history/NG250","D:/NICE_history/NG250/Equality_impact_assessment_2_20_January_2023.pdf",TRUE,"downloaded",
"NG250","Stakeholder list updated","Stakeholder list","02 July 2025","pdf","https://www.nice.org.uk/guidance/ng250/documents/stakeholder-list","Stakeholder_list","02_July_2025","pdf","Stakeholder_list_02_July_2025.pdf","D:/NICE_history/NG250","D:/NICE_history/NG250/Stakeholder_list_02_July_2025.pdf",FALSE,"failed","Transferred a partial file [www.nice.org.uk]:
transfer closed with outstanding read data remaining"
"NG253","Additional documents published","Statement Roadmap","06 March 2024","pdf","https://www.nice.org.uk/guidance/ng253/documents/statement","Statement_Roadmap","06_March_2024","pdf","Statement_Roadmap_06_March_2024.pdf","D:/NICE_history/NG253","D:/NICE_history/NG253/Statement_Roadmap_06_March_2024.pdf",TRUE,"downloaded",
"NG253","Committee meetings","Minutes GC4 (Day 1)","03 December 2024","pdf","https://www.nice.org.uk/guidance/ng253/documents/minutes-6","Minutes_GC4_(Day_1)","03_December_2024","pdf","Minutes_GC4_(Day_1)_03_December_2024.pdf","D:/NICE_history/NG253","D:/NICE_history/NG253/Minutes_GC4_(Day_1)_03_December_2024.pdf",TRUE,"downloaded",
"NG253","Committee meetings","Minutes - GC4 (Day 2)","05 December 2024","pdf","https://www.nice.org.uk/guidance/ng253/documents/minutes-7","Minutes_-_GC4_(Day_2)","05_December_2024","pdf","Minutes_-_GC4_(Day_2)_05_December_2024.pdf","D:/NICE_history/NG253","D:/NICE_history/NG253/Minutes_-_GC4_(Day_2)_05_December_2024.pdf",TRUE,"downloaded",
"NG253","Committee meetings","Minutes GC2","05 June 2024","pdf","https://www.nice.org.uk/guidance/ng253/documents/minutes-3","Minutes_GC2","05_June_2024","pdf","Minutes_GC2_05_June_2024.pdf","D:/NICE_history/NG253","D:/NICE_history/NG253/Minutes_GC2_05_June_2024.pdf",TRUE,"downloaded",
"NG253","Committee meetings","Minutes 1","09 January 2024","pdf","https://www.nice.org.uk/guidance/ng253/documents/minutes","Minutes_1","09_January_2024","pdf","Minutes_1_09_January_2024.pdf","D:/NICE_history/NG253","D:/NICE_history/NG253/Minutes_1_09_January_2024.pdf",TRUE,"downloaded",
"NG253","Committee meetings","Minutes GC1","18 April 2024","pdf","https://www.nice.org.uk/guidance/ng253/documents/minutes-2","Minutes_GC1","18_April_2024","pdf","Minutes_GC1_18_April_2024.pdf","D:/NICE_history/NG253","D:/NICE_history/NG253/Minutes_GC1_18_April_2024.pdf",TRUE,"downloaded",
"NG253","Committee meetings","Minutes GC3 (Day 1)","24 September 2024","pdf","https://www.nice.org.uk/guidance/ng253/documents/minutes-4","Minutes_GC3_(Day_1)","24_September_2024","pdf","Minutes_GC3_(Day_1)_24_September_2024.pdf","D:/NICE_history/NG253","D:/NICE_history/NG253/Minutes_GC3_(Day_1)_24_September_2024.pdf",TRUE,"downloaded",
"NG253","Committee meetings","Minutes GC3 (Day 2)","25 September 2024","pdf","https://www.nice.org.uk/guidance/ng253/documents/minutes-5","Minutes_GC3_(Day_2)","25_September_2024","pdf","Minutes_GC3_(Day_2)_25_September_2024.pdf","D:/NICE_history/NG253","D:/NICE_history/NG253/Minutes_GC3_(Day_2)_25_September_2024.pdf",TRUE,"downloaded",
"NG253","Draft guidance consultation","Comments form","06 June 2025","docx","https://www.nice.org.uk/guidance/ng253/documents/comments-form-2","Comments_form","06_June_2025","docx","Comments_form_06_June_2025.docx","D:/NICE_history/NG253","D:/NICE_history/NG253/Comments_form_06_June_2025.docx",TRUE,"downloaded",
"NG253","Draft guidance consultation","Committee member list","06 June 2025","pdf","https://www.nice.org.uk/guidance/ng253/documents/committee-member-list-2","Committee_member_list","06_June_2025","pdf","Committee_member_list_06_June_2025.pdf","D:/NICE_history/NG253","D:/NICE_history/NG253/Committee_member_list_06_June_2025.pdf",TRUE,"downloaded",
"NG253","Draft guidance consultation","Committee member list: DOI","06 June 2025","pdf","https://www.nice.org.uk/guidance/ng253/documents/committee-member-list-3","Committee_member_list_DOI","06_June_2025","pdf","Committee_member_list_DOI_06_June_2025.pdf","D:/NICE_history/NG253","D:/NICE_history/NG253/Committee_member_list_DOI_06_June_2025.pdf",TRUE,"downloaded",
"NG253","Draft guidance consultation","Draft guideline","06 June 2025","pdf","https://www.nice.org.uk/guidance/ng253/documents/450","Draft_guideline","06_June_2025","pdf","Draft_guideline_06_June_2025.pdf","D:/NICE_history/NG253","D:/NICE_history/NG253/Draft_guideline_06_June_2025.pdf",TRUE,"downloaded",
"NG253","Draft guidance consultation","Equality impact assessment","06 June 2025","pdf","https://www.nice.org.uk/guidance/ng253/documents/801","Equality_impact_assessment","06_June_2025","pdf","Equality_impact_assessment_06_June_2025.pdf","D:/NICE_history/NG253","D:/NICE_history/NG253/Equality_impact_assessment_06_June_2025.pdf",TRUE,"downloaded",
"NG253","Draft guidance consultation","Evidence review E","06 June 2025","pdf","https://www.nice.org.uk/guidance/ng253/documents/evidence-review-7","Evidence_review_E","06_June_2025","pdf","Evidence_review_E_06_June_2025.pdf","D:/NICE_history/NG253","D:/NICE_history/NG253/Evidence_review_E_06_June_2025.pdf",TRUE,"downloaded",
"NG253","Draft guidance consultation","Evidence review: D","06 June 2025","pdf","https://www.nice.org.uk/guidance/ng253/documents/evidence-review","Evidence_review_D","06_June_2025","pdf","Evidence_review_D_06_June_2025.pdf","D:/NICE_history/NG253","D:/NICE_history/NG253/Evidence_review_D_06_June_2025.pdf",TRUE,"downloaded",
"NG253","Draft guidance consultation","Evidence review: F","06 June 2025","pdf","https://www.nice.org.uk/guidance/ng253/documents/evidence-review-3","Evidence_review_F","06_June_2025","pdf","Evidence_review_F_06_June_2025.pdf","D:/NICE_history/NG253","D:/NICE_history/NG253/Evidence_review_F_06_June_2025.pdf",TRUE,"downloaded",
"NG253","Draft guidance consultation","Evidence review: G","06 June 2025","pdf","https://www.nice.org.uk/guidance/ng253/documents/evidence-review-4","Evidence_review_G","06_June_2025","pdf","Evidence_review_G_06_June_2025.pdf","D:/NICE_history/NG253","D:/NICE_history/NG253/Evidence_review_G_06_June_2025.pdf",TRUE,"downloaded",
"NG253","Draft guidance consultation","Evidence review: H","06 June 2025","pdf","https://www.nice.org.uk/guidance/ng253/documents/evidence-review-5","Evidence_review_H","06_June_2025","pdf","Evidence_review_H_06_June_2025.pdf","D:/NICE_history/NG253","D:/NICE_history/NG253/Evidence_review_H_06_June_2025.pdf",TRUE,"downloaded",
"NG253","Draft guidance consultation","Evidence review: I","06 June 2025","pdf","https://www.nice.org.uk/guidance/ng253/documents/evidence-review-6","Evidence_review_I","06_June_2025","pdf","Evidence_review_I_06_June_2025.pdf","D:/NICE_history/NG253","D:/NICE_history/NG253/Evidence_review_I_06_June_2025.pdf",TRUE,"downloaded",
"NG253","Draft guidance consultation","Final scope","06 June 2025","pdf","https://www.nice.org.uk/guidance/ng253/documents/final-scope-2","Final_scope","06_June_2025","pdf","Final_scope_06_June_2025.pdf","D:/NICE_history/NG253","D:/NICE_history/NG253/Final_scope_06_June_2025.pdf",TRUE,"downloaded",
"NG253","Draft guidance consultation","Stakeholder list","06 June 2025","pdf","https://www.nice.org.uk/guidance/ng253/documents/stakeholder-list-2","Stakeholder_list","06_June_2025","pdf","Stakeholder_list_06_June_2025.pdf","D:/NICE_history/NG253","D:/NICE_history/NG253/Stakeholder_list_06_June_2025.pdf",TRUE,"downloaded",
"NG253","Draft scope consultation","Comments form","08 November 2023","docx","https://www.nice.org.uk/guidance/ng253/documents/comments-form","Comments_form","08_November_2023","docx","Comments_form_08_November_2023.docx","D:/NICE_history/NG253","D:/NICE_history/NG253/Comments_form_08_November_2023.docx",TRUE,"downloaded",
"NG253","Draft scope consultation","Draft scope","08 November 2023","pdf","https://www.nice.org.uk/guidance/ng253/documents/draft-scope-2","Draft_scope","08_November_2023","pdf","Draft_scope_08_November_2023.pdf","D:/NICE_history/NG253","D:/NICE_history/NG253/Draft_scope_08_November_2023.pdf",TRUE,"downloaded",
"NG253","Draft scope consultation","Equality impact assessment 1","08 November 2023","pdf","https://www.nice.org.uk/guidance/ng253/documents/equality-impact-assessment","Equality_impact_assessment_1","08_November_2023","pdf","Equality_impact_assessment_1_08_November_2023.pdf","D:/NICE_history/NG253","D:/NICE_history/NG253/Equality_impact_assessment_1_08_November_2023.pdf",TRUE,"downloaded",
"NG253","Equality and health inequalities assessment","Equality and health inequalities assessment (Downloadable version)","06 March 2024","pdf","https://www.nice.org.uk/guidance/ng253/documents/equality-and-health-inequalities","Equality_and_health_inequalities_assessment_(Downloadable_version)","06_March_2024","pdf","Equality_and_health_inequalities_assessment_(Downloadable_version)_06_March_2024.pdf","D:/NICE_history/NG253","D:/NICE_history/NG253/Equality_and_health_inequalities_assessment_(Downloadable_version)_06_March_2024.pdf",TRUE,"downloaded",
"NG253","Expected publication","Acknowledgements","19 November 2025","pdf","https://www.nice.org.uk/guidance/ng253/documents/supporting-documentation","Acknowledgements","19_November_2025","pdf","Acknowledgements_19_November_2025.pdf","D:/NICE_history/NG253","D:/NICE_history/NG253/Acknowledgements_19_November_2025.pdf",TRUE,"downloaded",
"NG253","Expected publication","Committee member list","19 November 2025","pdf","https://www.nice.org.uk/guidance/ng253/documents/committee-member-list-4","Committee_member_list","19_November_2025","pdf","Committee_member_list_19_November_2025.pdf","D:/NICE_history/NG253","D:/NICE_history/NG253/Committee_member_list_19_November_2025.pdf",TRUE,"downloaded",
"NG253","Expected publication","Consultation comments and responses","19 November 2025","pdf","https://www.nice.org.uk/guidance/ng253/documents/consultation-comments-and-responses","Consultation_comments_and_responses","19_November_2025","pdf","Consultation_comments_and_responses_19_November_2025.pdf","D:/NICE_history/NG253","D:/NICE_history/NG253/Consultation_comments_and_responses_19_November_2025.pdf",TRUE,"downloaded",
"NG253","Expected publication","Equality and health inequalities assessment (downloadable version)","19 November 2025","pdf","https://www.nice.org.uk/guidance/ng253/documents/equality-and-health-inequalities-2","Equality_and_health_inequalities_assessment_(downloadable_version)","19_November_2025","pdf","Equality_and_health_inequalities_assessment_(downloadable_version)_19_November_2025.pdf","D:/NICE_history/NG253","D:/NICE_history/NG253/Equality_and_health_inequalities_assessment_(downloadable_version)_19_November_2025.pdf",TRUE,"downloaded",
"NG253","Expected publication","Register of interests","19 November 2025","pdf","https://www.nice.org.uk/guidance/ng253/documents/register-of-interests-2","Register_of_interests","19_November_2025","pdf","Register_of_interests_19_November_2025.pdf","D:/NICE_history/NG253","D:/NICE_history/NG253/Register_of_interests_19_November_2025.pdf",TRUE,"downloaded",
"NG253","Scope published","Final scope","06 March 2024","pdf","https://www.nice.org.uk/guidance/ng253/documents/final-scope","Final_scope","06_March_2024","pdf","Final_scope_06_March_2024.pdf","D:/NICE_history/NG253","D:/NICE_history/NG253/Final_scope_06_March_2024.pdf",TRUE,"downloaded",
"NG253","Stakeholder list updated","Stakeholder list","20 August 2025","pdf","https://www.nice.org.uk/guidance/ng253/documents/stakeholder-list","Stakeholder_list","20_August_2025","pdf","Stakeholder_list_20_August_2025.pdf","D:/NICE_history/NG253","D:/NICE_history/NG253/Stakeholder_list_20_August_2025.pdf",TRUE,"downloaded",
"NG255","Additional documents published","Statement Roadmap","06 March 2024","pdf","https://www.nice.org.uk/guidance/ng255/documents/statement","Statement_Roadmap","06_March_2024","pdf","Statement_Roadmap_06_March_2024.pdf","D:/NICE_history/NG255","D:/NICE_history/NG255/Statement_Roadmap_06_March_2024.pdf",TRUE,"downloaded",
"NG255","Committee meetings","Minutes GC4 (Day 1)","03 December 2024","pdf","https://www.nice.org.uk/guidance/ng255/documents/minutes-6","Minutes_GC4_(Day_1)","03_December_2024","pdf","Minutes_GC4_(Day_1)_03_December_2024.pdf","D:/NICE_history/NG255","D:/NICE_history/NG255/Minutes_GC4_(Day_1)_03_December_2024.pdf",TRUE,"downloaded",
"NG255","Committee meetings","Minutes - GC4 (Day 2)","05 December 2024","pdf","https://www.nice.org.uk/guidance/ng255/documents/minutes-7","Minutes_-_GC4_(Day_2)","05_December_2024","pdf","Minutes_-_GC4_(Day_2)_05_December_2024.pdf","D:/NICE_history/NG255","D:/NICE_history/NG255/Minutes_-_GC4_(Day_2)_05_December_2024.pdf",TRUE,"downloaded",
"NG255","Committee meetings","Minutes GC2","05 June 2024","pdf","https://www.nice.org.uk/guidance/ng255/documents/minutes-3","Minutes_GC2","05_June_2024","pdf","Minutes_GC2_05_June_2024.pdf","D:/NICE_history/NG255","D:/NICE_history/NG255/Minutes_GC2_05_June_2024.pdf",TRUE,"downloaded",
"NG255","Committee meetings","Minutes 1","09 January 2024","pdf","https://www.nice.org.uk/guidance/ng255/documents/minutes","Minutes_1","09_January_2024","pdf","Minutes_1_09_January_2024.pdf","D:/NICE_history/NG255","D:/NICE_history/NG255/Minutes_1_09_January_2024.pdf",TRUE,"downloaded",
"NG255","Committee meetings","Minutes GC1","18 April 2024","pdf","https://www.nice.org.uk/guidance/ng255/documents/minutes-2","Minutes_GC1","18_April_2024","pdf","Minutes_GC1_18_April_2024.pdf","D:/NICE_history/NG255","D:/NICE_history/NG255/Minutes_GC1_18_April_2024.pdf",TRUE,"downloaded",
"NG255","Committee meetings","Minutes GC3 (Day 1)","24 September 2024","pdf","https://www.nice.org.uk/guidance/ng255/documents/minutes-4","Minutes_GC3_(Day_1)","24_September_2024","pdf","Minutes_GC3_(Day_1)_24_September_2024.pdf","D:/NICE_history/NG255","D:/NICE_history/NG255/Minutes_GC3_(Day_1)_24_September_2024.pdf",TRUE,"downloaded",
"NG255","Committee meetings","Minutes GC3 (Day 2)","25 September 2024","pdf","https://www.nice.org.uk/guidance/ng255/documents/minutes-5","Minutes_GC3_(Day_2)","25_September_2024","pdf","Minutes_GC3_(Day_2)_25_September_2024.pdf","D:/NICE_history/NG255","D:/NICE_history/NG255/Minutes_GC3_(Day_2)_25_September_2024.pdf",TRUE,"downloaded",
"NG255","Draft guidance consultation","Comments form","06 June 2025","docx","https://www.nice.org.uk/guidance/ng255/documents/comments-form-2","Comments_form","06_June_2025","docx","Comments_form_06_June_2025.docx","D:/NICE_history/NG255","D:/NICE_history/NG255/Comments_form_06_June_2025.docx",TRUE,"downloaded",
"NG255","Draft guidance consultation","Committee member list","06 June 2025","pdf","https://www.nice.org.uk/guidance/ng255/documents/committee-member-list-2","Committee_member_list","06_June_2025","pdf","Committee_member_list_06_June_2025.pdf","D:/NICE_history/NG255","D:/NICE_history/NG255/Committee_member_list_06_June_2025.pdf",TRUE,"downloaded",
"NG255","Draft guidance consultation","Committee member list: DOI","06 June 2025","pdf","https://www.nice.org.uk/guidance/ng255/documents/committee-member-list-3","Committee_member_list_DOI","06_June_2025","pdf","Committee_member_list_DOI_06_June_2025.pdf","D:/NICE_history/NG255","D:/NICE_history/NG255/Committee_member_list_DOI_06_June_2025.pdf",TRUE,"downloaded",
"NG255","Draft guidance consultation","Draft guideline","06 June 2025","pdf","https://www.nice.org.uk/guidance/ng255/documents/450","Draft_guideline","06_June_2025","pdf","Draft_guideline_06_June_2025.pdf","D:/NICE_history/NG255","D:/NICE_history/NG255/Draft_guideline_06_June_2025.pdf",TRUE,"downloaded",
"NG255","Draft guidance consultation","Equality impact assessment","06 June 2025","pdf","https://www.nice.org.uk/guidance/ng255/documents/801","Equality_impact_assessment","06_June_2025","pdf","Equality_impact_assessment_06_June_2025.pdf","D:/NICE_history/NG255","D:/NICE_history/NG255/Equality_impact_assessment_06_June_2025.pdf",TRUE,"downloaded",
"NG255","Draft guidance consultation","Evidence review E","06 June 2025","pdf","https://www.nice.org.uk/guidance/ng255/documents/evidence-review-7","Evidence_review_E","06_June_2025","pdf","Evidence_review_E_06_June_2025.pdf","D:/NICE_history/NG255","D:/NICE_history/NG255/Evidence_review_E_06_June_2025.pdf",TRUE,"downloaded",
"NG255","Draft guidance consultation","Evidence review: D","06 June 2025","pdf","https://www.nice.org.uk/guidance/ng255/documents/evidence-review","Evidence_review_D","06_June_2025","pdf","Evidence_review_D_06_June_2025.pdf","D:/NICE_history/NG255","D:/NICE_history/NG255/Evidence_review_D_06_June_2025.pdf",TRUE,"downloaded",
"NG255","Draft guidance consultation","Evidence review: F","06 June 2025","pdf","https://www.nice.org.uk/guidance/ng255/documents/evidence-review-3","Evidence_review_F","06_June_2025","pdf","Evidence_review_F_06_June_2025.pdf","D:/NICE_history/NG255","D:/NICE_history/NG255/Evidence_review_F_06_June_2025.pdf",TRUE,"downloaded",
"NG255","Draft guidance consultation","Evidence review: G","06 June 2025","pdf","https://www.nice.org.uk/guidance/ng255/documents/evidence-review-4","Evidence_review_G","06_June_2025","pdf","Evidence_review_G_06_June_2025.pdf","D:/NICE_history/NG255","D:/NICE_history/NG255/Evidence_review_G_06_June_2025.pdf",TRUE,"downloaded",
"NG255","Draft guidance consultation","Evidence review: H","06 June 2025","pdf","https://www.nice.org.uk/guidance/ng255/documents/evidence-review-5","Evidence_review_H","06_June_2025","pdf","Evidence_review_H_06_June_2025.pdf","D:/NICE_history/NG255","D:/NICE_history/NG255/Evidence_review_H_06_June_2025.pdf",TRUE,"downloaded",
"NG255","Draft guidance consultation","Evidence review: I","06 June 2025","pdf","https://www.nice.org.uk/guidance/ng255/documents/evidence-review-6","Evidence_review_I","06_June_2025","pdf","Evidence_review_I_06_June_2025.pdf","D:/NICE_history/NG255","D:/NICE_history/NG255/Evidence_review_I_06_June_2025.pdf",TRUE,"downloaded",
"NG255","Draft guidance consultation","Final scope","06 June 2025","pdf","https://www.nice.org.uk/guidance/ng255/documents/final-scope-2","Final_scope","06_June_2025","pdf","Final_scope_06_June_2025.pdf","D:/NICE_history/NG255","D:/NICE_history/NG255/Final_scope_06_June_2025.pdf",FALSE,"failed","Transferred a partial file [www.nice.org.uk]:
transfer closed with outstanding read data remaining"
"NG255","Draft guidance consultation","Stakeholder list","06 June 2025","pdf","https://www.nice.org.uk/guidance/ng255/documents/stakeholder-list-2","Stakeholder_list","06_June_2025","pdf","Stakeholder_list_06_June_2025.pdf","D:/NICE_history/NG255","D:/NICE_history/NG255/Stakeholder_list_06_June_2025.pdf",TRUE,"downloaded",
"NG255","Draft scope consultation","Comments form","08 November 2023","docx","https://www.nice.org.uk/guidance/ng255/documents/comments-form","Comments_form","08_November_2023","docx","Comments_form_08_November_2023.docx","D:/NICE_history/NG255","D:/NICE_history/NG255/Comments_form_08_November_2023.docx",TRUE,"downloaded",
"NG255","Draft scope consultation","Draft scope","08 November 2023","pdf","https://www.nice.org.uk/guidance/ng255/documents/draft-scope-2","Draft_scope","08_November_2023","pdf","Draft_scope_08_November_2023.pdf","D:/NICE_history/NG255","D:/NICE_history/NG255/Draft_scope_08_November_2023.pdf",TRUE,"downloaded",
"NG255","Draft scope consultation","Equality impact assessment 1","08 November 2023","pdf","https://www.nice.org.uk/guidance/ng255/documents/equality-impact-assessment","Equality_impact_assessment_1","08_November_2023","pdf","Equality_impact_assessment_1_08_November_2023.pdf","D:/NICE_history/NG255","D:/NICE_history/NG255/Equality_impact_assessment_1_08_November_2023.pdf",TRUE,"downloaded",
"NG255","Equality and health inequalities assessment","Equality and health inequalities assessment (Downloadable version)","06 March 2024","pdf","https://www.nice.org.uk/guidance/ng255/documents/equality-and-health-inequalities","Equality_and_health_inequalities_assessment_(Downloadable_version)","06_March_2024","pdf","Equality_and_health_inequalities_assessment_(Downloadable_version)_06_March_2024.pdf","D:/NICE_history/NG255","D:/NICE_history/NG255/Equality_and_health_inequalities_assessment_(Downloadable_version)_06_March_2024.pdf",TRUE,"downloaded",
"NG255","Expected publication","Acknowledgements","19 November 2025","pdf","https://www.nice.org.uk/guidance/ng255/documents/supporting-documentation","Acknowledgements","19_November_2025","pdf","Acknowledgements_19_November_2025.pdf","D:/NICE_history/NG255","D:/NICE_history/NG255/Acknowledgements_19_November_2025.pdf",TRUE,"downloaded",
"NG255","Expected publication","Committee member list","19 November 2025","pdf","https://www.nice.org.uk/guidance/ng255/documents/committee-member-list","Committee_member_list","19_November_2025","pdf","Committee_member_list_19_November_2025.pdf","D:/NICE_history/NG255","D:/NICE_history/NG255/Committee_member_list_19_November_2025.pdf",TRUE,"downloaded",
"NG255","Expected publication","Consultation comments and responses","19 November 2025","pdf","https://www.nice.org.uk/guidance/ng255/documents/consultation-comments-and-responses","Consultation_comments_and_responses","19_November_2025","pdf","Consultation_comments_and_responses_19_November_2025.pdf","D:/NICE_history/NG255","D:/NICE_history/NG255/Consultation_comments_and_responses_19_November_2025.pdf",TRUE,"downloaded",
"NG255","Expected publication","Equality and health inequalities assessment (downloadable version)","19 November 2025","pdf","https://www.nice.org.uk/guidance/ng255/documents/equality-and-health-inequalities-2","Equality_and_health_inequalities_assessment_(downloadable_version)","19_November_2025","pdf","Equality_and_health_inequalities_assessment_(downloadable_version)_19_November_2025.pdf","D:/NICE_history/NG255","D:/NICE_history/NG255/Equality_and_health_inequalities_assessment_(downloadable_version)_19_November_2025.pdf",TRUE,"downloaded",
"NG255","Expected publication","Register of interests","19 November 2025","pdf","https://www.nice.org.uk/guidance/ng255/documents/register-of-interests","Register_of_interests","19_November_2025","pdf","Register_of_interests_19_November_2025.pdf","D:/NICE_history/NG255","D:/NICE_history/NG255/Register_of_interests_19_November_2025.pdf",TRUE,"downloaded",
"NG255","Scope published","Final scope","06 March 2024","pdf","https://www.nice.org.uk/guidance/ng255/documents/final-scope","Final_scope","06_March_2024","pdf","Final_scope_06_March_2024.pdf","D:/NICE_history/NG255","D:/NICE_history/NG255/Final_scope_06_March_2024.pdf",TRUE,"downloaded",
"NG255","Stakeholder list updated","Stakeholder list","20 August 2025","pdf","https://www.nice.org.uk/guidance/ng255/documents/stakeholder-list","Stakeholder_list","20_August_2025","pdf","Stakeholder_list_20_August_2025.pdf","D:/NICE_history/NG255","D:/NICE_history/NG255/Stakeholder_list_20_August_2025.pdf",TRUE,"downloaded",
"NG254","Additional documents published","Statement Roadmap","06 March 2024","pdf","https://www.nice.org.uk/guidance/ng254/documents/statement","Statement_Roadmap","06_March_2024","pdf","Statement_Roadmap_06_March_2024.pdf","D:/NICE_history/NG254","D:/NICE_history/NG254/Statement_Roadmap_06_March_2024.pdf",TRUE,"downloaded",
"NG254","Committee meetings","Minutes GC4 (Day 1)","03 December 2024","pdf","https://www.nice.org.uk/guidance/ng254/documents/minutes-6","Minutes_GC4_(Day_1)","03_December_2024","pdf","Minutes_GC4_(Day_1)_03_December_2024.pdf","D:/NICE_history/NG254","D:/NICE_history/NG254/Minutes_GC4_(Day_1)_03_December_2024.pdf",TRUE,"downloaded",
"NG254","Committee meetings","Minutes - GC4 (Day 2)","05 December 2024","pdf","https://www.nice.org.uk/guidance/ng254/documents/minutes-7","Minutes_-_GC4_(Day_2)","05_December_2024","pdf","Minutes_-_GC4_(Day_2)_05_December_2024.pdf","D:/NICE_history/NG254","D:/NICE_history/NG254/Minutes_-_GC4_(Day_2)_05_December_2024.pdf",TRUE,"downloaded",
"NG254","Committee meetings","Minutes GC2","05 June 2024","pdf","https://www.nice.org.uk/guidance/ng254/documents/minutes-3","Minutes_GC2","05_June_2024","pdf","Minutes_GC2_05_June_2024.pdf","D:/NICE_history/NG254","D:/NICE_history/NG254/Minutes_GC2_05_June_2024.pdf",TRUE,"downloaded",
"NG254","Committee meetings","Minutes 1","09 January 2024","pdf","https://www.nice.org.uk/guidance/ng254/documents/minutes","Minutes_1","09_January_2024","pdf","Minutes_1_09_January_2024.pdf","D:/NICE_history/NG254","D:/NICE_history/NG254/Minutes_1_09_January_2024.pdf",TRUE,"downloaded",
"NG254","Committee meetings","Minutes GC1","18 April 2024","pdf","https://www.nice.org.uk/guidance/ng254/documents/minutes-2","Minutes_GC1","18_April_2024","pdf","Minutes_GC1_18_April_2024.pdf","D:/NICE_history/NG254","D:/NICE_history/NG254/Minutes_GC1_18_April_2024.pdf",TRUE,"downloaded",
"NG254","Committee meetings","Minutes GC3 (Day 1)","24 September 2024","pdf","https://www.nice.org.uk/guidance/ng254/documents/minutes-4","Minutes_GC3_(Day_1)","24_September_2024","pdf","Minutes_GC3_(Day_1)_24_September_2024.pdf","D:/NICE_history/NG254","D:/NICE_history/NG254/Minutes_GC3_(Day_1)_24_September_2024.pdf",TRUE,"downloaded",
"NG254","Committee meetings","Minutes GC3 (Day 2)","25 September 2024","pdf","https://www.nice.org.uk/guidance/ng254/documents/minutes-5","Minutes_GC3_(Day_2)","25_September_2024","pdf","Minutes_GC3_(Day_2)_25_September_2024.pdf","D:/NICE_history/NG254","D:/NICE_history/NG254/Minutes_GC3_(Day_2)_25_September_2024.pdf",TRUE,"downloaded",
"NG254","Draft guidance consultation","Comments form","06 June 2025","docx","https://www.nice.org.uk/guidance/ng254/documents/comments-form-2","Comments_form","06_June_2025","docx","Comments_form_06_June_2025.docx","D:/NICE_history/NG254","D:/NICE_history/NG254/Comments_form_06_June_2025.docx",TRUE,"downloaded",
"NG254","Draft guidance consultation","Committee member list","06 June 2025","pdf","https://www.nice.org.uk/guidance/ng254/documents/committee-member-list-2","Committee_member_list","06_June_2025","pdf","Committee_member_list_06_June_2025.pdf","D:/NICE_history/NG254","D:/NICE_history/NG254/Committee_member_list_06_June_2025.pdf",TRUE,"downloaded",
"NG254","Draft guidance consultation","Committee member list: DOI","06 June 2025","pdf","https://www.nice.org.uk/guidance/ng254/documents/committee-member-list-3","Committee_member_list_DOI","06_June_2025","pdf","Committee_member_list_DOI_06_June_2025.pdf","D:/NICE_history/NG254","D:/NICE_history/NG254/Committee_member_list_DOI_06_June_2025.pdf",TRUE,"downloaded",
"NG254","Draft guidance consultation","Draft guideline","06 June 2025","pdf","https://www.nice.org.uk/guidance/ng254/documents/450","Draft_guideline","06_June_2025","pdf","Draft_guideline_06_June_2025.pdf","D:/NICE_history/NG254","D:/NICE_history/NG254/Draft_guideline_06_June_2025.pdf",TRUE,"downloaded",
"NG254","Draft guidance consultation","Equality impact assessment","06 June 2025","pdf","https://www.nice.org.uk/guidance/ng254/documents/801","Equality_impact_assessment","06_June_2025","pdf","Equality_impact_assessment_06_June_2025.pdf","D:/NICE_history/NG254","D:/NICE_history/NG254/Equality_impact_assessment_06_June_2025.pdf",TRUE,"downloaded",
"NG254","Draft guidance consultation","Evidence review E","06 June 2025","pdf","https://www.nice.org.uk/guidance/ng254/documents/evidence-review-7","Evidence_review_E","06_June_2025","pdf","Evidence_review_E_06_June_2025.pdf","D:/NICE_history/NG254","D:/NICE_history/NG254/Evidence_review_E_06_June_2025.pdf",TRUE,"downloaded",
"NG254","Draft guidance consultation","Evidence review: D","06 June 2025","pdf","https://www.nice.org.uk/guidance/ng254/documents/evidence-review","Evidence_review_D","06_June_2025","pdf","Evidence_review_D_06_June_2025.pdf","D:/NICE_history/NG254","D:/NICE_history/NG254/Evidence_review_D_06_June_2025.pdf",TRUE,"downloaded",
"NG254","Draft guidance consultation","Evidence review: F","06 June 2025","pdf","https://www.nice.org.uk/guidance/ng254/documents/evidence-review-3","Evidence_review_F","06_June_2025","pdf","Evidence_review_F_06_June_2025.pdf","D:/NICE_history/NG254","D:/NICE_history/NG254/Evidence_review_F_06_June_2025.pdf",TRUE,"downloaded",
"NG254","Draft guidance consultation","Evidence review: G","06 June 2025","pdf","https://www.nice.org.uk/guidance/ng254/documents/evidence-review-4","Evidence_review_G","06_June_2025","pdf","Evidence_review_G_06_June_2025.pdf","D:/NICE_history/NG254","D:/NICE_history/NG254/Evidence_review_G_06_June_2025.pdf",TRUE,"downloaded",
"NG254","Draft guidance consultation","Evidence review: H","06 June 2025","pdf","https://www.nice.org.uk/guidance/ng254/documents/evidence-review-5","Evidence_review_H","06_June_2025","pdf","Evidence_review_H_06_June_2025.pdf","D:/NICE_history/NG254","D:/NICE_history/NG254/Evidence_review_H_06_June_2025.pdf",TRUE,"downloaded",
"NG254","Draft guidance consultation","Evidence review: I","06 June 2025","pdf","https://www.nice.org.uk/guidance/ng254/documents/evidence-review-6","Evidence_review_I","06_June_2025","pdf","Evidence_review_I_06_June_2025.pdf","D:/NICE_history/NG254","D:/NICE_history/NG254/Evidence_review_I_06_June_2025.pdf",TRUE,"downloaded",
"NG254","Draft guidance consultation","Final scope","06 June 2025","pdf","https://www.nice.org.uk/guidance/ng254/documents/final-scope-2","Final_scope","06_June_2025","pdf","Final_scope_06_June_2025.pdf","D:/NICE_history/NG254","D:/NICE_history/NG254/Final_scope_06_June_2025.pdf",TRUE,"downloaded",
"NG254","Draft guidance consultation","Stakeholder list","06 June 2025","pdf","https://www.nice.org.uk/guidance/ng254/documents/stakeholder-list-2","Stakeholder_list","06_June_2025","pdf","Stakeholder_list_06_June_2025.pdf","D:/NICE_history/NG254","D:/NICE_history/NG254/Stakeholder_list_06_June_2025.pdf",TRUE,"downloaded",
"NG254","Draft scope consultation","Comments form","08 November 2023","docx","https://www.nice.org.uk/guidance/ng254/documents/comments-form","Comments_form","08_November_2023","docx","Comments_form_08_November_2023.docx","D:/NICE_history/NG254","D:/NICE_history/NG254/Comments_form_08_November_2023.docx",TRUE,"downloaded",
"NG254","Draft scope consultation","Draft scope","08 November 2023","pdf","https://www.nice.org.uk/guidance/ng254/documents/draft-scope-2","Draft_scope","08_November_2023","pdf","Draft_scope_08_November_2023.pdf","D:/NICE_history/NG254","D:/NICE_history/NG254/Draft_scope_08_November_2023.pdf",TRUE,"downloaded",
"NG254","Draft scope consultation","Equality impact assessment 1","08 November 2023","pdf","https://www.nice.org.uk/guidance/ng254/documents/equality-impact-assessment","Equality_impact_assessment_1","08_November_2023","pdf","Equality_impact_assessment_1_08_November_2023.pdf","D:/NICE_history/NG254","D:/NICE_history/NG254/Equality_impact_assessment_1_08_November_2023.pdf",TRUE,"downloaded",
"NG254","Equality and health inequalities assessment","Equality and health inequalities assessment (Downloadable version)","06 March 2024","pdf","https://www.nice.org.uk/guidance/ng254/documents/equality-and-health-inequalities","Equality_and_health_inequalities_assessment_(Downloadable_version)","06_March_2024","pdf","Equality_and_health_inequalities_assessment_(Downloadable_version)_06_March_2024.pdf","D:/NICE_history/NG254","D:/NICE_history/NG254/Equality_and_health_inequalities_assessment_(Downloadable_version)_06_March_2024.pdf",TRUE,"downloaded",
"NG254","Expected publication","Acknowledgements","19 November 2025","pdf","https://www.nice.org.uk/guidance/ng254/documents/supporting-documentation","Acknowledgements","19_November_2025","pdf","Acknowledgements_19_November_2025.pdf","D:/NICE_history/NG254","D:/NICE_history/NG254/Acknowledgements_19_November_2025.pdf",TRUE,"downloaded",
"NG254","Expected publication","Committee member list","19 November 2025","pdf","https://www.nice.org.uk/guidance/ng254/documents/committee-member-list","Committee_member_list","19_November_2025","pdf","Committee_member_list_19_November_2025.pdf","D:/NICE_history/NG254","D:/NICE_history/NG254/Committee_member_list_19_November_2025.pdf",TRUE,"downloaded",
"NG254","Expected publication","Consultation comments and responses","19 November 2025","pdf","https://www.nice.org.uk/guidance/ng254/documents/consultation-comments-and-responses","Consultation_comments_and_responses","19_November_2025","pdf","Consultation_comments_and_responses_19_November_2025.pdf","D:/NICE_history/NG254","D:/NICE_history/NG254/Consultation_comments_and_responses_19_November_2025.pdf",TRUE,"downloaded",
"NG254","Expected publication","Equality and health inequalities assessment (downloadable version)","19 November 2025","pdf","https://www.nice.org.uk/guidance/ng254/documents/equality-and-health-inequalities-2","Equality_and_health_inequalities_assessment_(downloadable_version)","19_November_2025","pdf","Equality_and_health_inequalities_assessment_(downloadable_version)_19_November_2025.pdf","D:/NICE_history/NG254","D:/NICE_history/NG254/Equality_and_health_inequalities_assessment_(downloadable_version)_19_November_2025.pdf",TRUE,"downloaded",
"NG254","Expected publication","Register of interests","19 November 2025","pdf","https://www.nice.org.uk/guidance/ng254/documents/register-of-interests","Register_of_interests","19_November_2025","pdf","Register_of_interests_19_November_2025.pdf","D:/NICE_history/NG254","D:/NICE_history/NG254/Register_of_interests_19_November_2025.pdf",TRUE,"downloaded",
"NG254","Scope published","Final scope","06 March 2024","pdf","https://www.nice.org.uk/guidance/ng254/documents/final-scope","Final_scope","06_March_2024","pdf","Final_scope_06_March_2024.pdf","D:/NICE_history/NG254","D:/NICE_history/NG254/Final_scope_06_March_2024.pdf",TRUE,"downloaded",
"NG254","Stakeholder list updated","Stakeholder list","20 August 2025","pdf","https://www.nice.org.uk/guidance/ng254/documents/stakeholder-list","Stakeholder_list","20_August_2025","pdf","Stakeholder_list_20_August_2025.pdf","D:/NICE_history/NG254","D:/NICE_history/NG254/Stakeholder_list_20_August_2025.pdf",TRUE,"downloaded",
"NG256","Committee list updated","Committee member list","11 March 2026","pdf","https://www.nice.org.uk/guidance/ng256/documents/committee-member-list-4","Committee_member_list","11_March_2026","pdf","Committee_member_list_11_March_2026.pdf","D:/NICE_history/NG256","D:/NICE_history/NG256/Committee_member_list_11_March_2026.pdf",TRUE,"downloaded",
"NG256","Committee meetings","Minutes - day 1","03 June 2025","pdf","https://www.nice.org.uk/guidance/ng256/documents/minutes-15","Minutes_-_day_1","03_June_2025","pdf","Minutes_-_day_1_03_June_2025.pdf","D:/NICE_history/NG256","D:/NICE_history/NG256/Minutes_-_day_1_03_June_2025.pdf",TRUE,"downloaded",
"NG256","Committee meetings","Minutes","04 November 2024","pdf","https://www.nice.org.uk/guidance/ng256/documents/minutes-6","Minutes","04_November_2024","pdf","Minutes_04_November_2024.pdf","D:/NICE_history/NG256","D:/NICE_history/NG256/Minutes_04_November_2024.pdf",TRUE,"downloaded",
"NG256","Committee meetings","Minutes - day 2","07 February 2025","pdf","https://www.nice.org.uk/guidance/ng256/documents/minutes-9","Minutes_-_day_2","07_February_2025","pdf","Minutes_-_day_2_07_February_2025.pdf","D:/NICE_history/NG256","D:/NICE_history/NG256/Minutes_-_day_2_07_February_2025.pdf",TRUE,"downloaded",
"NG256","Committee meetings","Minutes - day 2","08 May 2025","pdf","https://www.nice.org.uk/guidance/ng256/documents/minutes-14","Minutes_-_day_2","08_May_2025","pdf","Minutes_-_day_2_08_May_2025.pdf","D:/NICE_history/NG256","D:/NICE_history/NG256/Minutes_-_day_2_08_May_2025.pdf",TRUE,"downloaded",
"NG256","Committee meetings","Minutes","11 November 2024","pdf","https://www.nice.org.uk/guidance/ng256/documents/minutes-5","Minutes","11_November_2024","pdf","Minutes_11_November_2024.pdf","D:/NICE_history/NG256","D:/NICE_history/NG256/Minutes_11_November_2024.pdf",TRUE,"downloaded",
"NG256","Committee meetings","Minutes","12 December 2024","pdf","https://www.nice.org.uk/guidance/ng256/documents/minutes-7","Minutes","12_December_2024","pdf","Minutes_12_December_2024.pdf","D:/NICE_history/NG256","D:/NICE_history/NG256/Minutes_12_December_2024.pdf",TRUE,"downloaded",
"NG256","Committee meetings","Minutes","13 December 2023","pdf","https://www.nice.org.uk/guidance/ng256/documents/minutes","Minutes","13_December_2023","pdf","Minutes_13_December_2023.pdf","D:/NICE_history/NG256","D:/NICE_history/NG256/Minutes_13_December_2023.pdf",TRUE,"downloaded",
"NG256","Committee meetings","Minutes - day 2","13 June 2025","pdf","https://www.nice.org.uk/guidance/ng256/documents/minutes-16","Minutes_-_day_2","13_June_2025","pdf","Minutes_-_day_2_13_June_2025.pdf","D:/NICE_history/NG256","D:/NICE_history/NG256/Minutes_-_day_2_13_June_2025.pdf",TRUE,"downloaded",
"NG256","Committee meetings","Minutes","17 July 2024","pdf","https://www.nice.org.uk/guidance/ng256/documents/minutes-10","Minutes","17_July_2024","pdf","Minutes_17_July_2024.pdf","D:/NICE_history/NG256","D:/NICE_history/NG256/Minutes_17_July_2024.pdf",TRUE,"downloaded",
"NG256","Committee meetings","Minutes - day 1","19 November 2025","pdf","https://www.nice.org.uk/guidance/ng256/documents/minutes-17","Minutes_-_day_1","19_November_2025","pdf","Minutes_-_day_1_19_November_2025.pdf","D:/NICE_history/NG256","D:/NICE_history/NG256/Minutes_-_day_1_19_November_2025.pdf",TRUE,"downloaded",
"NG256","Committee meetings","Minutes - day 1","20 March 2025","pdf","https://www.nice.org.uk/guidance/ng256/documents/minutes-11","Minutes_-_day_1","20_March_2025","pdf","Minutes_-_day_1_20_March_2025.pdf","D:/NICE_history/NG256","D:/NICE_history/NG256/Minutes_-_day_1_20_March_2025.pdf",TRUE,"downloaded",
"NG256","Committee meetings","Minutes","24 April 2024","pdf","https://www.nice.org.uk/guidance/ng256/documents/minutes-4","Minutes","24_April_2024","pdf","Minutes_24_April_2024.pdf","D:/NICE_history/NG256","D:/NICE_history/NG256/Minutes_24_April_2024.pdf",TRUE,"downloaded",
"NG256","Committee meetings","Minutes - day 2","25 November 2025","pdf","https://www.nice.org.uk/guidance/ng256/documents/minutes-18","Minutes_-_day_2","25_November_2025","pdf","Minutes_-_day_2_25_November_2025.pdf","D:/NICE_history/NG256","D:/NICE_history/NG256/Minutes_-_day_2_25_November_2025.pdf",TRUE,"downloaded",
"NG256","Committee meetings","Minutes - day 2","26 March 2025","pdf","https://www.nice.org.uk/guidance/ng256/documents/minutes-12","Minutes_-_day_2","26_March_2025","pdf","Minutes_-_day_2_26_March_2025.pdf","D:/NICE_history/NG256","D:/NICE_history/NG256/Minutes_-_day_2_26_March_2025.pdf",TRUE,"downloaded",
"NG256","Committee meetings","Minutes - day 1","27 January 2025","pdf","https://www.nice.org.uk/guidance/ng256/documents/minutes-8","Minutes_-_day_1","27_January_2025","pdf","Minutes_-_day_1_27_January_2025.pdf","D:/NICE_history/NG256","D:/NICE_history/NG256/Minutes_-_day_1_27_January_2025.pdf",TRUE,"downloaded",
"NG256","Committee meetings","Minutes","28 March 2024","pdf","https://www.nice.org.uk/guidance/ng256/documents/minutes-3","Minutes","28_March_2024","pdf","Minutes_28_March_2024.pdf","D:/NICE_history/NG256","D:/NICE_history/NG256/Minutes_28_March_2024.pdf",TRUE,"downloaded",
"NG256","Committee meetings","Minutes - day 1","30 April 2025","pdf","https://www.nice.org.uk/guidance/ng256/documents/minutes-13","Minutes_-_day_1","30_April_2025","pdf","Minutes_-_day_1_30_April_2025.pdf","D:/NICE_history/NG256","D:/NICE_history/NG256/Minutes_-_day_1_30_April_2025.pdf",TRUE,"downloaded",
"NG256","Committee meetings","Minutes","30 January 2024","pdf","https://www.nice.org.uk/guidance/ng256/documents/minutes-2","Minutes","30_January_2024","pdf","Minutes_30_January_2024.pdf","D:/NICE_history/NG256","D:/NICE_history/NG256/Minutes_30_January_2024.pdf",TRUE,"downloaded",
"NG256","Declaration of interests","Register of interests","17 March 2026","pdf","https://www.nice.org.uk/guidance/ng256/documents/register-of-interests-2","Register_of_interests","17_March_2026","pdf","Register_of_interests_17_March_2026.pdf","D:/NICE_history/NG256","D:/NICE_history/NG256/Register_of_interests_17_March_2026.pdf",TRUE,"downloaded",
"NG256","Draft guidance consultation","Accessible summary: favourable risk","17 September 2025","pdf","https://www.nice.org.uk/guidance/ng256/documents/easy-read-information-4","Accessible_summary_favourable_risk","17_September_2025","pdf","Accessible_summary_favourable_risk_17_September_2025.pdf","D:/NICE_history/NG256","D:/NICE_history/NG256/Accessible_summary_favourable_risk_17_September_2025.pdf",TRUE,"downloaded",
"NG256","Draft guidance consultation","Accessible summary: intermediate or poor risk","17 September 2025","pdf","https://www.nice.org.uk/guidance/ng256/documents/easy-read-information","Accessible_summary_intermediate_or_poor_risk","17_September_2025","pdf","Accessible_summary_intermediate_or_poor_risk_17_September_2025.pdf","D:/NICE_history/NG256","D:/NICE_history/NG256/Accessible_summary_intermediate_or_poor_risk_17_September_2025.pdf",TRUE,"downloaded",
"NG256","Draft guidance consultation","Acknowledgements","17 September 2025","pdf","https://www.nice.org.uk/guidance/ng256/documents/addendum","Acknowledgements","17_September_2025","pdf","Acknowledgements_17_September_2025.pdf","D:/NICE_history/NG256","D:/NICE_history/NG256/Acknowledgements_17_September_2025.pdf",TRUE,"downloaded",
"NG256","Draft guidance consultation","Comments form","17 September 2025","docx","https://www.nice.org.uk/guidance/ng256/documents/comments-form-4","Comments_form","17_September_2025","docx","Comments_form_17_September_2025.docx","D:/NICE_history/NG256","D:/NICE_history/NG256/Comments_form_17_September_2025.docx",TRUE,"downloaded",
"NG256","Draft guidance consultation","Committee member list","17 September 2025","pdf","https://www.nice.org.uk/guidance/ng256/documents/committee-member-list-2","Committee_member_list","17_September_2025","pdf","Committee_member_list_17_September_2025.pdf","D:/NICE_history/NG256","D:/NICE_history/NG256/Committee_member_list_17_September_2025.pdf",TRUE,"downloaded",
"NG256","Draft guidance consultation","Draft guideline (downloadable version)","17 September 2025","pdf","https://www.nice.org.uk/guidance/ng256/documents/450","Draft_guideline_(downloadable_version)","17_September_2025","pdf","Draft_guideline_(downloadable_version)_17_September_2025.pdf","D:/NICE_history/NG256","D:/NICE_history/NG256/Draft_guideline_(downloadable_version)_17_September_2025.pdf",TRUE,"downloaded",
"NG256","Draft guidance consultation","Economic report: costing analysis","17 September 2025","pdf","https://www.nice.org.uk/guidance/ng256/documents/economic-report","Economic_report_costing_analysis","17_September_2025","pdf","Economic_report_costing_analysis_17_September_2025.pdf","D:/NICE_history/NG256","D:/NICE_history/NG256/Economic_report_costing_analysis_17_September_2025.pdf",TRUE,"downloaded",
"NG256","Draft guidance consultation","Economic report: follow up model","17 September 2025","pdf","https://www.nice.org.uk/guidance/ng256/documents/economic-report-2","Economic_report_follow_up_model","17_September_2025","pdf","Economic_report_follow_up_model_17_September_2025.pdf","D:/NICE_history/NG256","D:/NICE_history/NG256/Economic_report_follow_up_model_17_September_2025.pdf",TRUE,"downloaded",
"NG256","Draft guidance consultation","Equality and health inequalities assessment (downloadable version)","17 September 2025","pdf","https://www.nice.org.uk/guidance/ng256/documents/equality-and-health-inequalities-3","Equality_and_health_inequalities_assessment_(downloadable_version)","17_September_2025","pdf","Equality_and_health_inequalities_assessment_(downloadable_version)_17_September_2025.pdf","D:/NICE_history/NG256","D:/NICE_history/NG256/Equality_and_health_inequalities_assessment_(downloadable_version)_17_September_2025.pdf",TRUE,"downloaded",
"NG256","Draft guidance consultation","Evidence review A","17 September 2025","pdf","https://www.nice.org.uk/guidance/ng256/documents/evidence-review","Evidence_review_A","17_September_2025","pdf","Evidence_review_A_17_September_2025.pdf","D:/NICE_history/NG256","D:/NICE_history/NG256/Evidence_review_A_17_September_2025.pdf",TRUE,"downloaded",
"NG256","Draft guidance consultation","Evidence review B","17 September 2025","pdf","https://www.nice.org.uk/guidance/ng256/documents/evidence-review-2","Evidence_review_B","17_September_2025","pdf","Evidence_review_B_17_September_2025.pdf","D:/NICE_history/NG256","D:/NICE_history/NG256/Evidence_review_B_17_September_2025.pdf",TRUE,"downloaded",
"NG256","Draft guidance consultation","Evidence review C","17 September 2025","pdf","https://www.nice.org.uk/guidance/ng256/documents/evidence-review-3","Evidence_review_C","17_September_2025","pdf","Evidence_review_C_17_September_2025.pdf","D:/NICE_history/NG256","D:/NICE_history/NG256/Evidence_review_C_17_September_2025.pdf",TRUE,"downloaded",
"NG256","Draft guidance consultation","Evidence review D","17 September 2025","pdf","https://www.nice.org.uk/guidance/ng256/documents/evidence-review-4","Evidence_review_D","17_September_2025","pdf","Evidence_review_D_17_September_2025.pdf","D:/NICE_history/NG256","D:/NICE_history/NG256/Evidence_review_D_17_September_2025.pdf",TRUE,"downloaded",
"NG256","Draft guidance consultation","Evidence review E","17 September 2025","pdf","https://www.nice.org.uk/guidance/ng256/documents/evidence-review-5","Evidence_review_E","17_September_2025","pdf","Evidence_review_E_17_September_2025.pdf","D:/NICE_history/NG256","D:/NICE_history/NG256/Evidence_review_E_17_September_2025.pdf",TRUE,"downloaded",
"NG256","Draft guidance consultation","Evidence review F","17 September 2025","pdf","https://www.nice.org.uk/guidance/ng256/documents/evidence-review-6","Evidence_review_F","17_September_2025","pdf","Evidence_review_F_17_September_2025.pdf","D:/NICE_history/NG256","D:/NICE_history/NG256/Evidence_review_F_17_September_2025.pdf",TRUE,"downloaded",
"NG256","Draft guidance consultation","Evidence review G","17 September 2025","pdf","https://www.nice.org.uk/guidance/ng256/documents/evidence-review-7","Evidence_review_G","17_September_2025","pdf","Evidence_review_G_17_September_2025.pdf","D:/NICE_history/NG256","D:/NICE_history/NG256/Evidence_review_G_17_September_2025.pdf",TRUE,"downloaded",
"NG256","Draft guidance consultation","Evidence review H","17 September 2025","pdf","https://www.nice.org.uk/guidance/ng256/documents/evidence-review-8","Evidence_review_H","17_September_2025","pdf","Evidence_review_H_17_September_2025.pdf","D:/NICE_history/NG256","D:/NICE_history/NG256/Evidence_review_H_17_September_2025.pdf",TRUE,"downloaded",
"NG256","Draft guidance consultation","Evidence review I1","17 September 2025","pdf","https://www.nice.org.uk/guidance/ng256/documents/evidence-review-9","Evidence_review_I1","17_September_2025","pdf","Evidence_review_I1_17_September_2025.pdf","D:/NICE_history/NG256","D:/NICE_history/NG256/Evidence_review_I1_17_September_2025.pdf",TRUE,"downloaded",
"NG256","Draft guidance consultation","Evidence review I2","17 September 2025","pdf","https://www.nice.org.uk/guidance/ng256/documents/evidence-review-10","Evidence_review_I2","17_September_2025","pdf","Evidence_review_I2_17_September_2025.pdf","D:/NICE_history/NG256","D:/NICE_history/NG256/Evidence_review_I2_17_September_2025.pdf",TRUE,"downloaded",
"NG256","Draft guidance consultation","Evidence review J","17 September 2025","pdf","https://www.nice.org.uk/guidance/ng256/documents/evidence-review-11","Evidence_review_J","17_September_2025","pdf","Evidence_review_J_17_September_2025.pdf","D:/NICE_history/NG256","D:/NICE_history/NG256/Evidence_review_J_17_September_2025.pdf",TRUE,"downloaded",
"NG256","Draft guidance consultation","Evidence review K","17 September 2025","pdf","https://www.nice.org.uk/guidance/ng256/documents/evidence-review-12","Evidence_review_K","17_September_2025","pdf","Evidence_review_K_17_September_2025.pdf","D:/NICE_history/NG256","D:/NICE_history/NG256/Evidence_review_K_17_September_2025.pdf",TRUE,"downloaded",
"NG256","Draft guidance consultation","Evidence review L","17 September 2025","pdf","https://www.nice.org.uk/guidance/ng256/documents/evidence-review-13","Evidence_review_L","17_September_2025","pdf","Evidence_review_L_17_September_2025.pdf","D:/NICE_history/NG256","D:/NICE_history/NG256/Evidence_review_L_17_September_2025.pdf",TRUE,"downloaded",
"NG256","Draft guidance consultation","Methods","17 September 2025","pdf","https://www.nice.org.uk/guidance/ng256/documents/supporting-documentation","Methods","17_September_2025","pdf","Methods_17_September_2025.pdf","D:/NICE_history/NG256","D:/NICE_history/NG256/Methods_17_September_2025.pdf",TRUE,"downloaded",
"NG256","Draft guidance consultation","Register of interests","17 September 2025","pdf","https://www.nice.org.uk/guidance/ng256/documents/committee-member-list-3","Register_of_interests","17_September_2025","pdf","Register_of_interests_17_September_2025.pdf","D:/NICE_history/NG256","D:/NICE_history/NG256/Register_of_interests_17_September_2025.pdf",TRUE,"downloaded",
"NG256","Draft guidance consultation","Visual summary: favourable risk","17 September 2025","pdf","https://www.nice.org.uk/guidance/ng256/documents/easy-read-information-3","Visual_summary_favourable_risk","17_September_2025","pdf","Visual_summary_favourable_risk_17_September_2025.pdf","D:/NICE_history/NG256","D:/NICE_history/NG256/Visual_summary_favourable_risk_17_September_2025.pdf",TRUE,"downloaded",
"NG256","Draft guidance consultation","Visual summary: intermediate or poor risk","17 September 2025","pdf","https://www.nice.org.uk/guidance/ng256/documents/easy-read-information-2","Visual_summary_intermediate_or_poor_risk","17_September_2025","pdf","Visual_summary_intermediate_or_poor_risk_17_September_2025.pdf","D:/NICE_history/NG256","D:/NICE_history/NG256/Visual_summary_intermediate_or_poor_risk_17_September_2025.pdf",TRUE,"downloaded",
"NG256","Draft scope consultation","Comments form","16 October 2025","docx","https://www.nice.org.uk/guidance/ng256/documents/comments-form-3","Comments_form","16_October_2025","docx","Comments_form_16_October_2025.docx","D:/NICE_history/NG256","D:/NICE_history/NG256/Comments_form_16_October_2025.docx",TRUE,"downloaded",
"NG256","Draft scope consultation","Comments form","22 August 2023","docx","https://www.nice.org.uk/guidance/ng256/documents/comments-form","Comments_form","22_August_2023","docx","Comments_form_22_August_2023.docx","D:/NICE_history/NG256","D:/NICE_history/NG256/Comments_form_22_August_2023.docx",TRUE,"downloaded",
"NG256","Draft scope consultation","Draft scope","22 August 2023","pdf","https://www.nice.org.uk/guidance/ng256/documents/draft-scope","Draft_scope","22_August_2023","pdf","Draft_scope_22_August_2023.pdf","D:/NICE_history/NG256","D:/NICE_history/NG256/Draft_scope_22_August_2023.pdf",TRUE,"downloaded",
"NG256","Draft scope consultation","Equality and health inequalities","22 August 2023","pdf","https://www.nice.org.uk/guidance/ng256/documents/equality-and-health-inequalities","Equality_and_health_inequalities","22_August_2023","pdf","Equality_and_health_inequalities_22_August_2023.pdf","D:/NICE_history/NG256","D:/NICE_history/NG256/Equality_and_health_inequalities_22_August_2023.pdf",TRUE,"downloaded",
"NG256","Guidance published","Acknowledgements","19 March 2026","pdf","https://www.nice.org.uk/guidance/ng256/documents/addendum-2","Acknowledgements","19_March_2026","pdf","Acknowledgements_19_March_2026.pdf","D:/NICE_history/NG256","D:/NICE_history/NG256/Acknowledgements_19_March_2026.pdf",TRUE,"downloaded",
"NG256","Guidance published","Consultation comments and responses","19 March 2026","pdf","https://www.nice.org.uk/guidance/ng256/documents/consultation-comments-and-responses","Consultation_comments_and_responses","19_March_2026","pdf","Consultation_comments_and_responses_19_March_2026.pdf","D:/NICE_history/NG256","D:/NICE_history/NG256/Consultation_comments_and_responses_19_March_2026.pdf",TRUE,"downloaded",
"NG256","Guidance published","Equality and health inequalities assessment (downloadable version)","19 March 2026","pdf","https://www.nice.org.uk/guidance/ng256/documents/equality-and-health-inequalities-2","Equality_and_health_inequalities_assessment_(downloadable_version)","19_March_2026","pdf","Equality_and_health_inequalities_assessment_(downloadable_version)_19_March_2026.pdf","D:/NICE_history/NG256","D:/NICE_history/NG256/Equality_and_health_inequalities_assessment_(downloadable_version)_19_March_2026.pdf",TRUE,"downloaded",
"NG256","Pre-consultation documents released","Economic plan","23 July 2025","pdf","https://www.nice.org.uk/guidance/ng256/documents/economic-plan","Economic_plan","23_July_2025","pdf","Economic_plan_23_July_2025.pdf","D:/NICE_history/NG256","D:/NICE_history/NG256/Economic_plan_23_July_2025.pdf",TRUE,"downloaded",
"NG256","Pre-consultation documents released","Review questions","23 July 2025","pdf","https://www.nice.org.uk/guidance/ng256/documents/review-questions","Review_questions","23_July_2025","pdf","Review_questions_23_July_2025.pdf","D:/NICE_history/NG256","D:/NICE_history/NG256/Review_questions_23_July_2025.pdf",TRUE,"downloaded",
"NG256","Scope published","Consultation comments and responses","06 November 2023","pdf","https://www.nice.org.uk/guidance/ng256/documents/consultation-comments-and-responses-2","Consultation_comments_and_responses","06_November_2023","pdf","Consultation_comments_and_responses_06_November_2023.pdf","D:/NICE_history/NG256","D:/NICE_history/NG256/Consultation_comments_and_responses_06_November_2023.pdf",TRUE,"downloaded",
"NG256","Scope published","Final scope","06 November 2023","pdf","https://www.nice.org.uk/guidance/ng256/documents/final-scope","Final_scope","06_November_2023","pdf","Final_scope_06_November_2023.pdf","D:/NICE_history/NG256","D:/NICE_history/NG256/Final_scope_06_November_2023.pdf",TRUE,"downloaded",
"NG256","Stakeholder list updated","Stakeholder list","17 March 2026","pdf","https://www.nice.org.uk/guidance/ng256/documents/stakeholder-list","Stakeholder_list","17_March_2026","pdf","Stakeholder_list_17_March_2026.pdf","D:/NICE_history/NG256","D:/NICE_history/NG256/Stakeholder_list_17_March_2026.pdf",TRUE,"downloaded",
"NG256","Stakeholder workshop","Workshop notes","21 August 2023","pdf","https://www.nice.org.uk/guidance/ng256/documents/workshop-notes","Workshop_notes","21_August_2023","pdf","Workshop_notes_21_August_2023.pdf","D:/NICE_history/NG256","D:/NICE_history/NG256/Workshop_notes_21_August_2023.pdf",TRUE,"downloaded",
"NG257","Additional documents published","Supporting documentation: Acknowledgements","31 March 2026","pdf","https://www.nice.org.uk/guidance/ng257/documents/supporting-documentation-3","Supporting_documentation_Acknowledgements","31_March_2026","pdf","Supporting_documentation_Acknowledgements_31_March_2026.pdf","D:/NICE_history/NG257","D:/NICE_history/NG257/Supporting_documentation_Acknowledgements_31_March_2026.pdf",TRUE,"downloaded",
"NG257","Additional documents published","Supporting documentation: Evidence I","31 March 2026","xlsx","https://www.nice.org.uk/guidance/ng257/documents/supporting-documentation-4","Supporting_documentation_Evidence_I","31_March_2026","xlsx","Supporting_documentation_Evidence_I_31_March_2026.xlsx","D:/NICE_history/NG257","D:/NICE_history/NG257/Supporting_documentation_Evidence_I_31_March_2026.xlsx",TRUE,"downloaded",
"NG257","Additional documents published","Supporting documentation: Evidence J","31 March 2026","xlsx","https://www.nice.org.uk/guidance/ng257/documents/supporting-documentation-5","Supporting_documentation_Evidence_J","31_March_2026","xlsx","Supporting_documentation_Evidence_J_31_March_2026.xlsx","D:/NICE_history/NG257","D:/NICE_history/NG257/Supporting_documentation_Evidence_J_31_March_2026.xlsx",TRUE,"downloaded",
"NG257","Additional documents published","Supporting documentation: Evidence K","31 March 2026","xlsx","https://www.nice.org.uk/guidance/ng257/documents/supporting-documentation-6","Supporting_documentation_Evidence_K","31_March_2026","xlsx","Supporting_documentation_Evidence_K_31_March_2026.xlsx","D:/NICE_history/NG257","D:/NICE_history/NG257/Supporting_documentation_Evidence_K_31_March_2026.xlsx",TRUE,"downloaded",
"NG257","Additional documents published","Supporting documentation: Evidnece R","31 March 2026","xlsx","https://www.nice.org.uk/guidance/ng257/documents/supporting-documentation-11","Supporting_documentation_Evidnece_R","31_March_2026","xlsx","Supporting_documentation_Evidnece_R_31_March_2026.xlsx","D:/NICE_history/NG257","D:/NICE_history/NG257/Supporting_documentation_Evidnece_R_31_March_2026.xlsx",TRUE,"downloaded",
"NG257","Committee list updated","Committee member list","31 March 2026","pdf","https://www.nice.org.uk/guidance/ng257/documents/committee-member-list-3","Committee_member_list","31_March_2026","pdf","Committee_member_list_31_March_2026.pdf","D:/NICE_history/NG257","D:/NICE_history/NG257/Committee_member_list_31_March_2026.pdf",TRUE,"downloaded",
"NG257","Committee meetings","Minutes 5","02 May 2023","pdf","https://www.nice.org.uk/guidance/ng257/documents/minutes-5","Minutes_5","02_May_2023","pdf","Minutes_5_02_May_2023.pdf","D:/NICE_history/NG257","D:/NICE_history/NG257/Minutes_5_02_May_2023.pdf",TRUE,"downloaded",
"NG257","Committee meetings","Minutes 1","05 December 2022","pdf","https://www.nice.org.uk/guidance/ng257/documents/minutes","Minutes_1","05_December_2022","pdf","Minutes_1_05_December_2022.pdf","D:/NICE_history/NG257","D:/NICE_history/NG257/Minutes_1_05_December_2022.pdf",TRUE,"downloaded",
"NG257","Committee meetings","Minutes 10","06 December 2023","pdf","https://www.nice.org.uk/guidance/ng257/documents/minutes-10","Minutes_10","06_December_2023","pdf","Minutes_10_06_December_2023.pdf","D:/NICE_history/NG257","D:/NICE_history/NG257/Minutes_10_06_December_2023.pdf",FALSE,"failed","Transferred a partial file [www.nice.org.uk]:
transfer closed with outstanding read data remaining"
"NG257","Committee meetings","Minutes 8","06 September 2023","pdf","https://www.nice.org.uk/guidance/ng257/documents/minutes-8","Minutes_8","06_September_2023","pdf","Minutes_8_06_September_2023.pdf","D:/NICE_history/NG257","D:/NICE_history/NG257/Minutes_8_06_September_2023.pdf",TRUE,"downloaded",
"NG257","Committee meetings","Minutes 21","10 July 2025","pdf","https://www.nice.org.uk/guidance/ng257/documents/minutes-24","Minutes_21","10_July_2025","pdf","Minutes_21_10_July_2025.pdf","D:/NICE_history/NG257","D:/NICE_history/NG257/Minutes_21_10_July_2025.pdf",TRUE,"downloaded",
"NG257","Committee meetings","Minutes 17","11 March 2025","pdf","https://www.nice.org.uk/guidance/ng257/documents/minutes-17","Minutes_17","11_March_2025","pdf","Minutes_17_11_March_2025.pdf","D:/NICE_history/NG257","D:/NICE_history/NG257/Minutes_17_11_March_2025.pdf",TRUE,"downloaded",
"NG257","Committee meetings","Minutes 22","11 November 2025","pdf","https://www.nice.org.uk/guidance/ng257/documents/minutes-25","Minutes_22","11_November_2025","pdf","Minutes_22_11_November_2025.pdf","D:/NICE_history/NG257","D:/NICE_history/NG257/Minutes_22_11_November_2025.pdf",TRUE,"downloaded",
"NG257","Committee meetings","Minutes 9","11 October 2023","pdf","https://www.nice.org.uk/guidance/ng257/documents/minutes-9","Minutes_9","11_October_2023","pdf","Minutes_9_11_October_2023.pdf","D:/NICE_history/NG257","D:/NICE_history/NG257/Minutes_9_11_October_2023.pdf",TRUE,"downloaded",
"NG257","Committee meetings","Minutes 6","12 June 2023","pdf","https://www.nice.org.uk/guidance/ng257/documents/minutes-6","Minutes_6","12_June_2023","pdf","Minutes_6_12_June_2023.pdf","D:/NICE_history/NG257","D:/NICE_history/NG257/Minutes_6_12_June_2023.pdf",TRUE,"downloaded",
"NG257","Committee meetings","Minutes 19","14 February 2025","pdf","https://www.nice.org.uk/guidance/ng257/documents/minutes-20","Minutes_19","14_February_2025","pdf","Minutes_19_14_February_2025.pdf","D:/NICE_history/NG257","D:/NICE_history/NG257/Minutes_19_14_February_2025.pdf",TRUE,"downloaded",
"NG257","Committee meetings","Minutes 23","14 November 2025","pdf","https://www.nice.org.uk/guidance/ng257/documents/minutes-26","Minutes_23","14_November_2025","pdf","Minutes_23_14_November_2025.pdf","D:/NICE_history/NG257","D:/NICE_history/NG257/Minutes_23_14_November_2025.pdf",TRUE,"downloaded",
"NG257","Committee meetings","Minutes 14","15 July 2024","pdf","https://www.nice.org.uk/guidance/ng257/documents/minutes-14","Minutes_14","15_July_2024","pdf","Minutes_14_15_July_2024.pdf","D:/NICE_history/NG257","D:/NICE_history/NG257/Minutes_14_15_July_2024.pdf",TRUE,"downloaded",
"NG257","Committee meetings","Minutes 2","16 January 2023","pdf","https://www.nice.org.uk/guidance/ng257/documents/minutes-2","Minutes_2","16_January_2023","pdf","Minutes_2_16_January_2023.pdf","D:/NICE_history/NG257","D:/NICE_history/NG257/Minutes_2_16_January_2023.pdf",TRUE,"downloaded",
"NG257","Committee meetings","Minutes 11","17 January 2024","pdf","https://www.nice.org.uk/guidance/ng257/documents/minutes-12","Minutes_11","17_January_2024","pdf","Minutes_11_17_January_2024.pdf","D:/NICE_history/NG257","D:/NICE_history/NG257/Minutes_11_17_January_2024.pdf",TRUE,"downloaded",
"NG257","Committee meetings","Minutes 20","17 March 2025","pdf","https://www.nice.org.uk/guidance/ng257/documents/minutes-21","Minutes_20","17_March_2025","pdf","Minutes_20_17_March_2025.pdf","D:/NICE_history/NG257","D:/NICE_history/NG257/Minutes_20_17_March_2025.pdf",TRUE,"downloaded",
"NG257","Committee meetings","Minutes 18","18 March 2025","pdf","https://www.nice.org.uk/guidance/ng257/documents/minutes-19","Minutes_18","18_March_2025","pdf","Minutes_18_18_March_2025.pdf","D:/NICE_history/NG257","D:/NICE_history/NG257/Minutes_18_18_March_2025.pdf",TRUE,"downloaded",
"NG257","Committee meetings","Minutes 3","21 February 2023","pdf","https://www.nice.org.uk/guidance/ng257/documents/minutes-3","Minutes_3","21_February_2023","pdf","Minutes_3_21_February_2023.pdf","D:/NICE_history/NG257","D:/NICE_history/NG257/Minutes_3_21_February_2023.pdf",TRUE,"downloaded",
"NG257","Committee meetings","Minutes 12","21 March 2024","pdf","https://www.nice.org.uk/guidance/ng257/documents/minutes-11","Minutes_12","21_March_2024","pdf","Minutes_12_21_March_2024.pdf","D:/NICE_history/NG257","D:/NICE_history/NG257/Minutes_12_21_March_2024.pdf",TRUE,"downloaded",
"NG257","Committee meetings","Minutes 13","23 May 2024","pdf","https://www.nice.org.uk/guidance/ng257/documents/minutes-13","Minutes_13","23_May_2024","pdf","Minutes_13_23_May_2024.pdf","D:/NICE_history/NG257","D:/NICE_history/NG257/Minutes_13_23_May_2024.pdf",TRUE,"downloaded",
"NG257","Committee meetings","Minutes 4","24 March 2023","pdf","https://www.nice.org.uk/guidance/ng257/documents/minutes-4","Minutes_4","24_March_2023","pdf","Minutes_4_24_March_2023.pdf","D:/NICE_history/NG257","D:/NICE_history/NG257/Minutes_4_24_March_2023.pdf",TRUE,"downloaded",
"NG257","Committee meetings","Minutes 15","26 November 2024","pdf","https://www.nice.org.uk/guidance/ng257/documents/minutes-15","Minutes_15","26_November_2024","pdf","Minutes_15_26_November_2024.pdf","D:/NICE_history/NG257","D:/NICE_history/NG257/Minutes_15_26_November_2024.pdf",TRUE,"downloaded",
"NG257","Committee meetings","Minutes 16","26 November 2024","pdf","https://www.nice.org.uk/guidance/ng257/documents/minutes-16","Minutes_16","26_November_2024","pdf","Minutes_16_26_November_2024.pdf","D:/NICE_history/NG257","D:/NICE_history/NG257/Minutes_16_26_November_2024.pdf",TRUE,"downloaded",
"NG257","Committee meetings","Minutes 7","27 July 2023","pdf","https://www.nice.org.uk/guidance/ng257/documents/minutes-7","Minutes_7","27_July_2023","pdf","Minutes_7_27_July_2023.pdf","D:/NICE_history/NG257","D:/NICE_history/NG257/Minutes_7_27_July_2023.pdf",TRUE,"downloaded",
"NG257","Consultation comments published","Consultation comments and responses","31 March 2026","pdf","https://www.nice.org.uk/guidance/ng257/documents/consultation-comments-and-responses","Consultation_comments_and_responses","31_March_2026","pdf","Consultation_comments_and_responses_31_March_2026.pdf","D:/NICE_history/NG257","D:/NICE_history/NG257/Consultation_comments_and_responses_31_March_2026.pdf",TRUE,"downloaded",
"NG257","Declaration of interests","Register of interests","31 March 2026","pdf","https://www.nice.org.uk/guidance/ng257/documents/register-of-interests","Register_of_interests","31_March_2026","pdf","Register_of_interests_31_March_2026.pdf","D:/NICE_history/NG257","D:/NICE_history/NG257/Register_of_interests_31_March_2026.pdf",TRUE,"downloaded",
"NG257","Draft guidance consultation","Acknowledgements","10 September 2025","pdf","https://www.nice.org.uk/guidance/ng257/documents/supporting-documentation-2","Acknowledgements","10_September_2025","pdf","Acknowledgements_10_September_2025.pdf","D:/NICE_history/NG257","D:/NICE_history/NG257/Acknowledgements_10_September_2025.pdf",TRUE,"downloaded",
"NG257","Draft guidance consultation","Comments form","10 September 2025","docx","https://www.nice.org.uk/guidance/ng257/documents/comments-form-2","Comments_form","10_September_2025","docx","Comments_form_10_September_2025.docx","D:/NICE_history/NG257","D:/NICE_history/NG257/Comments_form_10_September_2025.docx",TRUE,"downloaded",
"NG257","Draft guidance consultation","Committee member list","10 September 2025","pdf","https://www.nice.org.uk/guidance/ng257/documents/committee-member-list-2","Committee_member_list","10_September_2025","pdf","Committee_member_list_10_September_2025.pdf","D:/NICE_history/NG257","D:/NICE_history/NG257/Committee_member_list_10_September_2025.pdf",TRUE,"downloaded",
"NG257","Draft guidance consultation","Draft guideline (downloadable version)","10 September 2025","pdf","https://www.nice.org.uk/guidance/ng257/documents/450-2","Draft_guideline_(downloadable_version)","10_September_2025","pdf","Draft_guideline_(downloadable_version)_10_September_2025.pdf","D:/NICE_history/NG257","D:/NICE_history/NG257/Draft_guideline_(downloadable_version)_10_September_2025.pdf",TRUE,"downloaded",
"NG257","Draft guidance consultation","Equality and health inequalities assessment (downloadable version)","10 September 2025","pdf","https://www.nice.org.uk/guidance/ng257/documents/equality-and-health-inequalities","Equality_and_health_inequalities_assessment_(downloadable_version)","10_September_2025","pdf","Equality_and_health_inequalities_assessment_(downloadable_version)_10_September_2025.pdf","D:/NICE_history/NG257","D:/NICE_history/NG257/Equality_and_health_inequalities_assessment_(downloadable_version)_10_September_2025.pdf",FALSE,"failed","HTTP status: 502"
"NG257","Draft guidance consultation","Evidence review A","10 September 2025","pdf","https://www.nice.org.uk/guidance/ng257/documents/evidence-review","Evidence_review_A","10_September_2025","pdf","Evidence_review_A_10_September_2025.pdf","D:/NICE_history/NG257","D:/NICE_history/NG257/Evidence_review_A_10_September_2025.pdf",TRUE,"downloaded",
"NG257","Draft guidance consultation","Evidence review B","10 September 2025","pdf","https://www.nice.org.uk/guidance/ng257/documents/evidence-review-2","Evidence_review_B","10_September_2025","pdf","Evidence_review_B_10_September_2025.pdf","D:/NICE_history/NG257","D:/NICE_history/NG257/Evidence_review_B_10_September_2025.pdf",TRUE,"downloaded",
"NG257","Draft guidance consultation","Evidence review C","10 September 2025","pdf","https://www.nice.org.uk/guidance/ng257/documents/evidence-review-3","Evidence_review_C","10_September_2025","pdf","Evidence_review_C_10_September_2025.pdf","D:/NICE_history/NG257","D:/NICE_history/NG257/Evidence_review_C_10_September_2025.pdf",TRUE,"downloaded",
"NG257","Draft guidance consultation","Evidence review D","10 September 2025","pdf","https://www.nice.org.uk/guidance/ng257/documents/evidence-review-4","Evidence_review_D","10_September_2025","pdf","Evidence_review_D_10_September_2025.pdf","D:/NICE_history/NG257","D:/NICE_history/NG257/Evidence_review_D_10_September_2025.pdf",TRUE,"downloaded",
"NG257","Draft guidance consultation","Evidence review E","10 September 2025","pdf","https://www.nice.org.uk/guidance/ng257/documents/evidence-review-5","Evidence_review_E","10_September_2025","pdf","Evidence_review_E_10_September_2025.pdf","D:/NICE_history/NG257","D:/NICE_history/NG257/Evidence_review_E_10_September_2025.pdf",TRUE,"downloaded",
"NG257","Draft guidance consultation","Evidence review F","10 September 2025","pdf","https://www.nice.org.uk/guidance/ng257/documents/evidence-review-6","Evidence_review_F","10_September_2025","pdf","Evidence_review_F_10_September_2025.pdf","D:/NICE_history/NG257","D:/NICE_history/NG257/Evidence_review_F_10_September_2025.pdf",TRUE,"downloaded",
"NG257","Draft guidance consultation","Evidence review G","10 September 2025","pdf","https://www.nice.org.uk/guidance/ng257/documents/evidence-review-7","Evidence_review_G","10_September_2025","pdf","Evidence_review_G_10_September_2025.pdf","D:/NICE_history/NG257","D:/NICE_history/NG257/Evidence_review_G_10_September_2025.pdf",TRUE,"downloaded",
"NG257","Draft guidance consultation","Evidence review H","10 September 2025","pdf","https://www.nice.org.uk/guidance/ng257/documents/evidence-review-8","Evidence_review_H","10_September_2025","pdf","Evidence_review_H_10_September_2025.pdf","D:/NICE_history/NG257","D:/NICE_history/NG257/Evidence_review_H_10_September_2025.pdf",FALSE,"failed","Transferred a partial file [www.nice.org.uk]:
transfer closed with outstanding read data remaining"
"NG257","Draft guidance consultation","Evidence review I","10 September 2025","pdf","https://www.nice.org.uk/guidance/ng257/documents/evidence-review-9","Evidence_review_I","10_September_2025","pdf","Evidence_review_I_10_September_2025.pdf","D:/NICE_history/NG257","D:/NICE_history/NG257/Evidence_review_I_10_September_2025.pdf",TRUE,"downloaded",
"NG257","Draft guidance consultation","Evidence review J","10 September 2025","pdf","https://www.nice.org.uk/guidance/ng257/documents/evidence-review-10","Evidence_review_J","10_September_2025","pdf","Evidence_review_J_10_September_2025.pdf","D:/NICE_history/NG257","D:/NICE_history/NG257/Evidence_review_J_10_September_2025.pdf",TRUE,"downloaded",
"NG257","Draft guidance consultation","Evidence review K","10 September 2025","pdf","https://www.nice.org.uk/guidance/ng257/documents/evidence-review-11","Evidence_review_K","10_September_2025","pdf","Evidence_review_K_10_September_2025.pdf","D:/NICE_history/NG257","D:/NICE_history/NG257/Evidence_review_K_10_September_2025.pdf",TRUE,"downloaded",
"NG257","Draft guidance consultation","Evidence review L","10 September 2025","pdf","https://www.nice.org.uk/guidance/ng257/documents/evidence-review-12","Evidence_review_L","10_September_2025","pdf","Evidence_review_L_10_September_2025.pdf","D:/NICE_history/NG257","D:/NICE_history/NG257/Evidence_review_L_10_September_2025.pdf",TRUE,"downloaded",
"NG257","Draft guidance consultation","Evidence review M","10 September 2025","pdf","https://www.nice.org.uk/guidance/ng257/documents/evidence-review-13","Evidence_review_M","10_September_2025","pdf","Evidence_review_M_10_September_2025.pdf","D:/NICE_history/NG257","D:/NICE_history/NG257/Evidence_review_M_10_September_2025.pdf",TRUE,"downloaded",
"NG257","Draft guidance consultation","Evidence review N","10 September 2025","pdf","https://www.nice.org.uk/guidance/ng257/documents/evidence-review-14","Evidence_review_N","10_September_2025","pdf","Evidence_review_N_10_September_2025.pdf","D:/NICE_history/NG257","D:/NICE_history/NG257/Evidence_review_N_10_September_2025.pdf",TRUE,"downloaded",
"NG257","Draft guidance consultation","Evidence review O","10 September 2025","pdf","https://www.nice.org.uk/guidance/ng257/documents/evidence-review-15","Evidence_review_O","10_September_2025","pdf","Evidence_review_O_10_September_2025.pdf","D:/NICE_history/NG257","D:/NICE_history/NG257/Evidence_review_O_10_September_2025.pdf",TRUE,"downloaded",
"NG257","Draft guidance consultation","Evidence review P","10 September 2025","pdf","https://www.nice.org.uk/guidance/ng257/documents/evidence-review-16","Evidence_review_P","10_September_2025","pdf","Evidence_review_P_10_September_2025.pdf","D:/NICE_history/NG257","D:/NICE_history/NG257/Evidence_review_P_10_September_2025.pdf",TRUE,"downloaded",
"NG257","Draft guidance consultation","Evidence review Q","10 September 2025","pdf","https://www.nice.org.uk/guidance/ng257/documents/evidence-review-17","Evidence_review_Q","10_September_2025","pdf","Evidence_review_Q_10_September_2025.pdf","D:/NICE_history/NG257","D:/NICE_history/NG257/Evidence_review_Q_10_September_2025.pdf",TRUE,"downloaded",
"NG257","Draft guidance consultation","Evidence review R","10 September 2025","pdf","https://www.nice.org.uk/guidance/ng257/documents/evidence-review-18","Evidence_review_R","10_September_2025","pdf","Evidence_review_R_10_September_2025.pdf","D:/NICE_history/NG257","D:/NICE_history/NG257/Evidence_review_R_10_September_2025.pdf",TRUE,"downloaded",
"NG257","Draft guidance consultation","Evidence review S","10 September 2025","pdf","https://www.nice.org.uk/guidance/ng257/documents/evidence-review-19","Evidence_review_S","10_September_2025","pdf","Evidence_review_S_10_September_2025.pdf","D:/NICE_history/NG257","D:/NICE_history/NG257/Evidence_review_S_10_September_2025.pdf",TRUE,"downloaded",
"NG257","Draft guidance consultation","Evidence review T","10 September 2025","pdf","https://www.nice.org.uk/guidance/ng257/documents/evidence-review-20","Evidence_review_T","10_September_2025","pdf","Evidence_review_T_10_September_2025.pdf","D:/NICE_history/NG257","D:/NICE_history/NG257/Evidence_review_T_10_September_2025.pdf",TRUE,"downloaded",
"NG257","Draft guidance consultation","Evidence review U","10 September 2025","pdf","https://www.nice.org.uk/guidance/ng257/documents/evidence-review-21","Evidence_review_U","10_September_2025","pdf","Evidence_review_U_10_September_2025.pdf","D:/NICE_history/NG257","D:/NICE_history/NG257/Evidence_review_U_10_September_2025.pdf",TRUE,"downloaded",
"NG257","Draft guidance consultation","Evidence review V","10 September 2025","pdf","https://www.nice.org.uk/guidance/ng257/documents/evidence-review-22","Evidence_review_V","10_September_2025","pdf","Evidence_review_V_10_September_2025.pdf","D:/NICE_history/NG257","D:/NICE_history/NG257/Evidence_review_V_10_September_2025.pdf",TRUE,"downloaded",
"NG257","Draft guidance consultation","Evidence review W","10 September 2025","pdf","https://www.nice.org.uk/guidance/ng257/documents/evidence-review-23","Evidence_review_W","10_September_2025","pdf","Evidence_review_W_10_September_2025.pdf","D:/NICE_history/NG257","D:/NICE_history/NG257/Evidence_review_W_10_September_2025.pdf",TRUE,"downloaded",
"NG257","Draft guidance consultation","Evidence review X","10 September 2025","pdf","https://www.nice.org.uk/guidance/ng257/documents/evidence-review-24","Evidence_review_X","10_September_2025","pdf","Evidence_review_X_10_September_2025.pdf","D:/NICE_history/NG257","D:/NICE_history/NG257/Evidence_review_X_10_September_2025.pdf",TRUE,"downloaded",
"NG257","Draft guidance consultation","Evidence review Y","10 September 2025","pdf","https://www.nice.org.uk/guidance/ng257/documents/evidence-review-25","Evidence_review_Y","10_September_2025","pdf","Evidence_review_Y_10_September_2025.pdf","D:/NICE_history/NG257","D:/NICE_history/NG257/Evidence_review_Y_10_September_2025.pdf",TRUE,"downloaded",
"NG257","Draft guidance consultation","Methods","10 September 2025","pdf","https://www.nice.org.uk/guidance/ng257/documents/supporting-documentation","Methods","10_September_2025","pdf","Methods_10_September_2025.pdf","D:/NICE_history/NG257","D:/NICE_history/NG257/Methods_10_September_2025.pdf",TRUE,"downloaded",
"NG257","Draft guidance consultation","Supplement I","10 September 2025","xlsx","https://www.nice.org.uk/guidance/ng257/documents/supporting-documentation-7","Supplement_I","10_September_2025","xlsx","Supplement_I_10_September_2025.xlsx","D:/NICE_history/NG257","D:/NICE_history/NG257/Supplement_I_10_September_2025.xlsx",TRUE,"downloaded",
"NG257","Draft guidance consultation","Supplement J","10 September 2025","xlsx","https://www.nice.org.uk/guidance/ng257/documents/supporting-documentation-8","Supplement_J","10_September_2025","xlsx","Supplement_J_10_September_2025.xlsx","D:/NICE_history/NG257","D:/NICE_history/NG257/Supplement_J_10_September_2025.xlsx",TRUE,"downloaded",
"NG257","Draft guidance consultation","Supplement K","10 September 2025","xlsx","https://www.nice.org.uk/guidance/ng257/documents/supporting-documentation-9","Supplement_K","10_September_2025","xlsx","Supplement_K_10_September_2025.xlsx","D:/NICE_history/NG257","D:/NICE_history/NG257/Supplement_K_10_September_2025.xlsx",TRUE,"downloaded",
"NG257","Draft guidance consultation","Supplement R","10 September 2025","xlsx","https://www.nice.org.uk/guidance/ng257/documents/supporting-documentation-10","Supplement_R","10_September_2025","xlsx","Supplement_R_10_September_2025.xlsx","D:/NICE_history/NG257","D:/NICE_history/NG257/Supplement_R_10_September_2025.xlsx",TRUE,"downloaded",
"NG257","Draft scope consultation","Comments form","19 August 2022","docx","https://www.nice.org.uk/guidance/ng257/documents/comments-form","Comments_form","19_August_2022","docx","Comments_form_19_August_2022.docx","D:/NICE_history/NG257","D:/NICE_history/NG257/Comments_form_19_August_2022.docx",TRUE,"downloaded",
"NG257","Draft scope consultation","Draft scope","19 August 2022","pdf","https://www.nice.org.uk/guidance/ng257/documents/draft-scope","Draft_scope","19_August_2022","pdf","Draft_scope_19_August_2022.pdf","D:/NICE_history/NG257","D:/NICE_history/NG257/Draft_scope_19_August_2022.pdf",TRUE,"downloaded",
"NG257","Draft scope consultation","Equality impact assessment","19 August 2022","pdf","https://www.nice.org.uk/guidance/ng257/documents/equality-impact-assessment-2","Equality_impact_assessment","19_August_2022","pdf","Equality_impact_assessment_19_August_2022.pdf","D:/NICE_history/NG257","D:/NICE_history/NG257/Equality_impact_assessment_19_August_2022.pdf",TRUE,"downloaded",
"NG257","Equality and health inequalities assessment","Equality and health inequalities assessment","31 March 2026","pdf","https://www.nice.org.uk/guidance/ng257/documents/equality-and-health-inequalities-2","Equality_and_health_inequalities_assessment","31_March_2026","pdf","Equality_and_health_inequalities_assessment_31_March_2026.pdf","D:/NICE_history/NG257","D:/NICE_history/NG257/Equality_and_health_inequalities_assessment_31_March_2026.pdf",TRUE,"downloaded",
"NG257","Pre-consultation documents released","Economic plan","05 December 2024","pdf","https://www.nice.org.uk/guidance/ng257/documents/economic-plan","Economic_plan","05_December_2024","pdf","Economic_plan_05_December_2024.pdf","D:/NICE_history/NG257","D:/NICE_history/NG257/Economic_plan_05_December_2024.pdf",TRUE,"downloaded",
"NG257","Pre-consultation documents released","Review questions","07 April 2025","pdf","https://www.nice.org.uk/guidance/ng257/documents/review-questions-2","Review_questions","07_April_2025","pdf","Review_questions_07_April_2025.pdf","D:/NICE_history/NG257","D:/NICE_history/NG257/Review_questions_07_April_2025.pdf",TRUE,"downloaded",
"NG257","Scope published","Consultation comments and responses","04 January 2023","pdf","https://www.nice.org.uk/guidance/ng257/documents/consultation-comments-and-responses-2","Consultation_comments_and_responses","04_January_2023","pdf","Consultation_comments_and_responses_04_January_2023.pdf","D:/NICE_history/NG257","D:/NICE_history/NG257/Consultation_comments_and_responses_04_January_2023.pdf",TRUE,"downloaded",
"NG257","Scope published","Equality impact assessment 2","22 November 2022","pdf","https://www.nice.org.uk/guidance/ng257/documents/equality-impact-assessment","Equality_impact_assessment_2","22_November_2022","pdf","Equality_impact_assessment_2_22_November_2022.pdf","D:/NICE_history/NG257","D:/NICE_history/NG257/Equality_impact_assessment_2_22_November_2022.pdf",TRUE,"downloaded",
"NG257","Scope published","Final scope","22 November 2022","pdf","https://www.nice.org.uk/guidance/ng257/documents/final-scope-2","Final_scope","22_November_2022","pdf","Final_scope_22_November_2022.pdf","D:/NICE_history/NG257","D:/NICE_history/NG257/Final_scope_22_November_2022.pdf",TRUE,"downloaded",
"NG257","Scoping workshop","Workshop notes","19 August 2022","pdf","https://www.nice.org.uk/guidance/ng257/documents/workshop-notes","Workshop_notes","19_August_2022","pdf","Workshop_notes_19_August_2022.pdf","D:/NICE_history/NG257","D:/NICE_history/NG257/Workshop_notes_19_August_2022.pdf",TRUE,"downloaded",
"NG257","Stakeholder list updated","Stakeholder list","31 March 2026","pdf","https://www.nice.org.uk/guidance/ng257/documents/stakeholder-list","Stakeholder_list","31_March_2026","pdf","Stakeholder_list_31_March_2026.pdf","D:/NICE_history/NG257","D:/NICE_history/NG257/Stakeholder_list_31_March_2026.pdf",TRUE,"downloaded",
"NG9","Committee meetings","Minutes","13 July 2021","pdf","https://www.nice.org.uk/guidance/ng9/update/ng9-update-1/documents/minutes","Minutes","13_July_2021","pdf","Minutes_13_July_2021.pdf","D:/NICE_history/NG9","D:/NICE_history/NG9/Minutes_13_July_2021.pdf",TRUE,"downloaded",
"NG9","Declaration of interests","Register of interests","13 July 2021","pdf","https://www.nice.org.uk/guidance/ng9/update/ng9-update-1/documents/register-of-interests","Register_of_interests","13_July_2021","pdf","Register_of_interests_13_July_2021.pdf","D:/NICE_history/NG9","D:/NICE_history/NG9/Register_of_interests_13_July_2021.pdf",TRUE,"downloaded",
"NG9","Guidance published","Committee member list","09 August 2021","pdf","https://www.nice.org.uk/guidance/ng9/update/ng9-update-1/documents/committee-member-list-2","Committee_member_list","09_August_2021","pdf","Committee_member_list_09_August_2021.pdf","D:/NICE_history/NG9","D:/NICE_history/NG9/Committee_member_list_09_August_2021.pdf",TRUE,"downloaded",
"NG9","Guidance published","Consultation comments and responses","09 August 2021","pdf","https://www.nice.org.uk/guidance/ng9/update/ng9-update-1/documents/consultation-comments-and-responses","Consultation_comments_and_responses","09_August_2021","pdf","Consultation_comments_and_responses_09_August_2021.pdf","D:/NICE_history/NG9","D:/NICE_history/NG9/Consultation_comments_and_responses_09_August_2021.pdf",TRUE,"downloaded",
"NG9","Guidance published","Equality impact assessment","09 August 2021","pdf","https://www.nice.org.uk/guidance/ng9/update/ng9-update-1/documents/equality-impact-assessment","Equality_impact_assessment","09_August_2021","pdf","Equality_impact_assessment_09_August_2021.pdf","D:/NICE_history/NG9","D:/NICE_history/NG9/Equality_impact_assessment_09_August_2021.pdf",TRUE,"downloaded",
"NG9","Original development on 01 June 2015","Consultation comments","01 June 2015","pdf","https://www.nice.org.uk/guidance/ng9/update/NG9/documents/bronchiolitis-in-children-consultation-comments2","Consultation_comments","01_June_2015","pdf","Consultation_comments_01_June_2015.pdf","D:/NICE_history/NG9","D:/NICE_history/NG9/Consultation_comments_01_June_2015.pdf",TRUE,"downloaded",
"NG9","Original development on 01 June 2015","Equality impact assessment form","01 June 2015","pdf","https://www.nice.org.uk/guidance/ng9/update/NG9/documents/bronchiolitis-in-children-equality-impact-assessment-form2","Equality_impact_assessment_form","01_June_2015","pdf","Equality_impact_assessment_form_01_June_2015.pdf","D:/NICE_history/NG9","D:/NICE_history/NG9/Equality_impact_assessment_form_01_June_2015.pdf",TRUE,"downloaded",
"NG9","Original development on 01 June 2015","Stakeholder list","04 June 2019","pdf","https://www.nice.org.uk/guidance/ng9/update/NG9/documents/stakeholder-list-2","Stakeholder_list","04_June_2019","pdf","Stakeholder_list_04_June_2019.pdf","D:/NICE_history/NG9","D:/NICE_history/NG9/Stakeholder_list_04_June_2019.pdf",TRUE,"downloaded",
"NG9","Original development on 01 June 2015","GDG 3 minutes","04 March 2014","pdf","https://www.nice.org.uk/guidance/ng9/update/NG9/documents/bronchiolitis-in-children-gdg-3-minutes2","GDG_3_minutes","04_March_2014","pdf","GDG_3_minutes_04_March_2014.pdf","D:/NICE_history/NG9","D:/NICE_history/NG9/GDG_3_minutes_04_March_2014.pdf",TRUE,"downloaded",
"NG9","Original development on 01 June 2015","GDG 4 minutes","04 March 2014","pdf","https://www.nice.org.uk/guidance/ng9/update/NG9/documents/bronchiolitis-in-children-gdg-4-minutes2","GDG_4_minutes","04_March_2014","pdf","GDG_4_minutes_04_March_2014.pdf","D:/NICE_history/NG9","D:/NICE_history/NG9/GDG_4_minutes_04_March_2014.pdf",TRUE,"downloaded",
"NG9","Original development on 01 June 2015","Comments form","06 June 2019","docx","https://www.nice.org.uk/guidance/ng9/update/NG9/documents/comments-form","Comments_form","06_June_2019","docx","Comments_form_06_June_2019.docx","D:/NICE_history/NG9","D:/NICE_history/NG9/Comments_form_06_June_2019.docx",TRUE,"downloaded",
"NG9","Original development on 01 June 2015","Surveillance review proposal","06 June 2019","pdf","https://www.nice.org.uk/guidance/ng9/update/NG9/documents/surveillance-review-proposal","Surveillance_review_proposal","06_June_2019","pdf","Surveillance_review_proposal_06_June_2019.pdf","D:/NICE_history/NG9","D:/NICE_history/NG9/Surveillance_review_proposal_06_June_2019.pdf",TRUE,"downloaded",
"NG9","Original development on 01 June 2015","GDG 5 minutes","07 April 2014","pdf","https://www.nice.org.uk/guidance/ng9/update/NG9/documents/bronchiolitis-in-children-gdg-5-minutes2","GDG_5_minutes","07_April_2014","pdf","GDG_5_minutes_07_April_2014.pdf","D:/NICE_history/NG9","D:/NICE_history/NG9/GDG_5_minutes_07_April_2014.pdf",TRUE,"downloaded",
"NG9","Original development on 01 June 2015","GDG 6 minutes","07 April 2014","pdf","https://www.nice.org.uk/guidance/ng9/update/NG9/documents/bronchiolitis-in-children-gdg-6-minutes2","GDG_6_minutes","07_April_2014","pdf","GDG_6_minutes_07_April_2014.pdf","D:/NICE_history/NG9","D:/NICE_history/NG9/GDG_6_minutes_07_April_2014.pdf",TRUE,"downloaded",
"NG9","Original development on 01 June 2015","GDG membership list","07 January 2014","pdf","https://www.nice.org.uk/guidance/ng9/update/NG9/documents/bronchiolitis-in-children-gdg-membership-list2","GDG_membership_list","07_January_2014","pdf","GDG_membership_list_07_January_2014.pdf","D:/NICE_history/NG9","D:/NICE_history/NG9/GDG_membership_list_07_January_2014.pdf",TRUE,"downloaded",
"NG9","Original development on 01 June 2015","Health economic plan","09 October 2014","pdf","https://www.nice.org.uk/guidance/ng9/update/NG9/documents/bronchiolitis-in-children-health-economic-plan2","Health_economic_plan","09_October_2014","pdf","Health_economic_plan_09_October_2014.pdf","D:/NICE_history/NG9","D:/NICE_history/NG9/Health_economic_plan_09_October_2014.pdf",TRUE,"downloaded",
"NG9","Original development on 01 June 2015","Review questions","09 October 2014","pdf","https://www.nice.org.uk/guidance/ng9/update/NG9/documents/bronchiolitis-in-children-review-questions2","Review_questions","09_October_2014","pdf","Review_questions_09_October_2014.pdf","D:/NICE_history/NG9","D:/NICE_history/NG9/Review_questions_09_October_2014.pdf",TRUE,"downloaded",
"NG9","Original development on 01 June 2015","Search strategies","09 October 2014","pdf","https://www.nice.org.uk/guidance/ng9/update/NG9/documents/bronchiolitis-in-children-search-strategies2","Search_strategies","09_October_2014","pdf","Search_strategies_09_October_2014.pdf","D:/NICE_history/NG9","D:/NICE_history/NG9/Search_strategies_09_October_2014.pdf",TRUE,"downloaded",
"NG9","Original development on 01 June 2015","Draft NICE guideline","13 November 2014","pdf","https://www.nice.org.uk/guidance/ng9/update/NG9/documents/bronchiolitis-in-children-draft-nice-guideline2","Draft_NICE_guideline","13_November_2014","pdf","Draft_NICE_guideline_13_November_2014.pdf","D:/NICE_history/NG9","D:/NICE_history/NG9/Draft_NICE_guideline_13_November_2014.pdf",TRUE,"downloaded",
"NG9","Original development on 01 June 2015","GDG 1 minutes","14 November 2013","pdf","https://www.nice.org.uk/guidance/ng9/update/NG9/documents/bronchiolitis-in-children-gdg-1-minutes2","GDG_1_minutes","14_November_2013","pdf","GDG_1_minutes_14_November_2013.pdf","D:/NICE_history/NG9","D:/NICE_history/NG9/GDG_1_minutes_14_November_2013.pdf",TRUE,"downloaded",
"NG9","Original development on 01 June 2015","GDG 2 minutes","14 November 2013","pdf","https://www.nice.org.uk/guidance/ng9/update/NG9/documents/bronchiolitis-in-children-gdg-2-minutes2","GDG_2_minutes","14_November_2013","pdf","GDG_2_minutes_14_November_2013.pdf","D:/NICE_history/NG9","D:/NICE_history/NG9/GDG_2_minutes_14_November_2013.pdf",TRUE,"downloaded",
"NG9","Original development on 01 June 2015","GDG 8 minutes","14 November 2014","pdf","https://www.nice.org.uk/guidance/ng9/update/NG9/documents/bronchiolitis-in-children-gdg-8-minutes2","GDG_8_minutes","14_November_2014","pdf","GDG_8_minutes_14_November_2014.pdf","D:/NICE_history/NG9","D:/NICE_history/NG9/GDG_8_minutes_14_November_2014.pdf",TRUE,"downloaded",
"NG9","Original development on 01 June 2015","GDG 9&10 minutes","14 November 2014","pdf","https://www.nice.org.uk/guidance/ng9/update/NG9/documents/bronchiolitis-in-children-gdg-910-minutes2","GDG_9&10_minutes","14_November_2014","pdf","GDG_9&10_minutes_14_November_2014.pdf","D:/NICE_history/NG9","D:/NICE_history/NG9/GDG_9&10_minutes_14_November_2014.pdf",TRUE,"downloaded",
"NG9","Original development on 01 June 2015","GDG 7 minutes","17 July 2014","pdf","https://www.nice.org.uk/guidance/ng9/update/NG9/documents/bronchiolitis-in-children-gdg-7-minutes2","GDG_7_minutes","17_July_2014","pdf","GDG_7_minutes_17_July_2014.pdf","D:/NICE_history/NG9","D:/NICE_history/NG9/GDG_7_minutes_17_July_2014.pdf",TRUE,"downloaded",
"NG9","Original development on 01 June 2015","Appendices A-I and K","17 November 2014","pdf","https://www.nice.org.uk/guidance/ng9/update/NG9/documents/bronchiolitis-in-children-appendices-ai-and-k2","Appendices_A-I_and_K","17_November_2014","pdf","Appendices_A-I_and_K_17_November_2014.pdf","D:/NICE_history/NG9","D:/NICE_history/NG9/Appendices_A-I_and_K_17_November_2014.pdf",TRUE,"downloaded",
"NG9","Original development on 01 June 2015","Appendices J","17 November 2014","pdf","https://www.nice.org.uk/guidance/ng9/update/NG9/documents/bronchiolitis-in-children-appendices-j2","Appendices_J","17_November_2014","pdf","Appendices_J_17_November_2014.pdf","D:/NICE_history/NG9","D:/NICE_history/NG9/Appendices_J_17_November_2014.pdf",TRUE,"downloaded",
"NG9","Original development on 01 June 2015","Draft guideline","17 November 2014","pdf","https://www.nice.org.uk/guidance/ng9/update/NG9/documents/bronchiolitis-in-children-draft-guideline2","Draft_guideline","17_November_2014","pdf","Draft_guideline_17_November_2014.pdf","D:/NICE_history/NG9","D:/NICE_history/NG9/Draft_guideline_17_November_2014.pdf",TRUE,"downloaded",
"NG9","Original development on 01 June 2015","Stakeholder list","20 April 2015","pdf","https://www.nice.org.uk/guidance/ng9/update/NG9/documents/bronchiolitis-in-children-stakeholder-list2","Stakeholder_list","20_April_2015","pdf","Stakeholder_list_20_April_2015.pdf","D:/NICE_history/NG9","D:/NICE_history/NG9/Stakeholder_list_20_April_2015.pdf",TRUE,"downloaded",
"NG9","Original development on 01 June 2015","Scoping workshop notes","24 May 2013","pdf","https://www.nice.org.uk/guidance/ng9/update/NG9/documents/bronchiolitis-in-children-scoping-workshop-notes2","Scoping_workshop_notes","24_May_2013","pdf","Scoping_workshop_notes_24_May_2013.pdf","D:/NICE_history/NG9","D:/NICE_history/NG9/Scoping_workshop_notes_24_May_2013.pdf",TRUE,"downloaded",
"NG9","Original development on 01 June 2015","Bronchiolitis: draft scope","25 January 2013","pdf","https://www.nice.org.uk/guidance/ng9/update/NG9/documents/bronchiolitis-draft-scope2","Bronchiolitis_draft_scope","25_January_2013","pdf","Bronchiolitis_draft_scope_25_January_2013.pdf","D:/NICE_history/NG9","D:/NICE_history/NG9/Bronchiolitis_draft_scope_25_January_2013.pdf",TRUE,"downloaded",
"NG9","Original development on 01 June 2015","Equality impact assessment - scoping","30 April 2013","pdf","https://www.nice.org.uk/guidance/ng9/update/NG9/documents/bronchiolitis-in-children-equality-impact-assessment-scoping2","Equality_impact_assessment_-_scoping","30_April_2013","pdf","Equality_impact_assessment_-_scoping_30_April_2013.pdf","D:/NICE_history/NG9","D:/NICE_history/NG9/Equality_impact_assessment_-_scoping_30_April_2013.pdf",TRUE,"downloaded",
"NG9","Original development on 01 June 2015","Final scope","30 April 2013","pdf","https://www.nice.org.uk/guidance/ng9/update/NG9/documents/bronchiolitis-in-children-final-scope2","Final_scope","30_April_2013","pdf","Final_scope_30_April_2013.pdf","D:/NICE_history/NG9","D:/NICE_history/NG9/Final_scope_30_April_2013.pdf",TRUE,"downloaded",
"NG9","Original development on 01 June 2015","GDG members","30 April 2013","pdf","https://www.nice.org.uk/guidance/ng9/update/NG9/documents/bronchiolitis-in-children-gdg-members2","GDG_members","30_April_2013","pdf","GDG_members_30_April_2013.pdf","D:/NICE_history/NG9","D:/NICE_history/NG9/GDG_members_30_April_2013.pdf",TRUE,"downloaded",
"NG9","Original development on 01 June 2015","Scope consultation comments table","30 April 2013","pdf","https://www.nice.org.uk/guidance/ng9/update/NG9/documents/bronchiolitis-in-children-scope-consultation-comments-table2","Scope_consultation_comments_table","30_April_2013","pdf","Scope_consultation_comments_table_30_April_2013.pdf","D:/NICE_history/NG9","D:/NICE_history/NG9/Scope_consultation_comments_table_30_April_2013.pdf",TRUE,"downloaded",
"NG9","Scope published","Final scope","28 June 2021","pdf","https://www.nice.org.uk/guidance/ng9/update/ng9-update-1/documents/final-scope","Final_scope","28_June_2021","pdf","Final_scope_28_June_2021.pdf","D:/NICE_history/NG9","D:/NICE_history/NG9/Final_scope_28_June_2021.pdf",TRUE,"downloaded",
"NG94","Committee list updated","List of declarations of interest","03 July 2017","pdf","https://www.nice.org.uk/guidance/ng94/documents/list-of-declarations-of-interest","List_of_declarations_of_interest","03_July_2017","pdf","List_of_declarations_of_interest_03_July_2017.pdf","D:/NICE_history/NG94","D:/NICE_history/NG94/List_of_declarations_of_interest_03_July_2017.pdf",TRUE,"downloaded",
"NG94","Committee meetings","Minutes 18&19","06 September 2016","pdf","https://www.nice.org.uk/guidance/ng94/documents/minutes-3","Minutes_18&19","06_September_2016","pdf","Minutes_18&19_06_September_2016.pdf","D:/NICE_history/NG94","D:/NICE_history/NG94/Minutes_18&19_06_September_2016.pdf",TRUE,"downloaded",
"NG94","Committee meetings","Minutes 24&25","07 December 2016","pdf","https://www.nice.org.uk/guidance/ng94/documents/minutes-6","Minutes_24&25","07_December_2016","pdf","Minutes_24&25_07_December_2016.pdf","D:/NICE_history/NG94","D:/NICE_history/NG94/Minutes_24&25_07_December_2016.pdf",TRUE,"downloaded",
"NG94","Committee meetings","Minutes 10","09 December 2015","pdf","https://www.nice.org.uk/guidance/ng94/documents/minutes-20","Minutes_10","09_December_2015","pdf","Minutes_10_09_December_2015.pdf","D:/NICE_history/NG94","D:/NICE_history/NG94/Minutes_10_09_December_2015.pdf",TRUE,"downloaded",
"NG94","Committee meetings","Minutes 1","09 February 2015","pdf","https://www.nice.org.uk/guidance/ng94/documents/minutes-11","Minutes_1","09_February_2015","pdf","Minutes_1_09_February_2015.pdf","D:/NICE_history/NG94","D:/NICE_history/NG94/Minutes_1_09_February_2015.pdf",TRUE,"downloaded",
"NG94","Committee meetings","Minutes 22&23","09 November 2016","pdf","https://www.nice.org.uk/guidance/ng94/documents/minutes-5","Minutes_22&23","09_November_2016","pdf","Minutes_22&23_09_November_2016.pdf","D:/NICE_history/NG94","D:/NICE_history/NG94/Minutes_22&23_09_November_2016.pdf",TRUE,"downloaded",
"NG94","Committee meetings","Minutes 20&21","10 October 2016","pdf","https://www.nice.org.uk/guidance/ng94/documents/minutes-4","Minutes_20&21","10_October_2016","pdf","Minutes_20&21_10_October_2016.pdf","D:/NICE_history/NG94","D:/NICE_history/NG94/Minutes_20&21_10_October_2016.pdf",TRUE,"downloaded",
"NG94","Committee meetings","Minutes 14","18 April 2016","pdf","https://www.nice.org.uk/guidance/ng94/documents/minutes-24","Minutes_14","18_April_2016","pdf","Minutes_14_18_April_2016.pdf","D:/NICE_history/NG94","D:/NICE_history/NG94/Minutes_14_18_April_2016.pdf",TRUE,"downloaded",
"NG94","Committee meetings","Minutes 3","18 March 2015","pdf","https://www.nice.org.uk/guidance/ng94/documents/minutes-13","Minutes_3","18_March_2015","pdf","Minutes_3_18_March_2015.pdf","D:/NICE_history/NG94","D:/NICE_history/NG94/Minutes_3_18_March_2015.pdf",TRUE,"downloaded",
"NG94","Committee meetings","Minutes 9","19 November 2015","pdf","https://www.nice.org.uk/guidance/ng94/documents/minutes-19","Minutes_9","19_November_2015","pdf","Minutes_9_19_November_2015.pdf","D:/NICE_history/NG94","D:/NICE_history/NG94/Minutes_9_19_November_2015.pdf",TRUE,"downloaded",
"NG94","Committee meetings","Minutes 11","21 January 2016","pdf","https://www.nice.org.uk/guidance/ng94/documents/minutes-21","Minutes_11","21_January_2016","pdf","Minutes_11_21_January_2016.pdf","D:/NICE_history/NG94","D:/NICE_history/NG94/Minutes_11_21_January_2016.pdf",TRUE,"downloaded",
"NG94","Committee meetings","Minutes 5","22 June 2015","pdf","https://www.nice.org.uk/guidance/ng94/documents/minutes-15","Minutes_5","22_June_2015","pdf","Minutes_5_22_June_2015.pdf","D:/NICE_history/NG94","D:/NICE_history/NG94/Minutes_5_22_June_2015.pdf",TRUE,"downloaded",
"NG94","Committee meetings","Minutes 6","23 July 2015","pdf","https://www.nice.org.uk/guidance/ng94/documents/minutes-16","Minutes_6","23_July_2015","pdf","Minutes_6_23_July_2015.pdf","D:/NICE_history/NG94","D:/NICE_history/NG94/Minutes_6_23_July_2015.pdf",TRUE,"downloaded",
"NG94","Committee meetings","Minutes 13","24 March 2016","pdf","https://www.nice.org.uk/guidance/ng94/documents/minutes-23","Minutes_13","24_March_2016","pdf","Minutes_13_24_March_2016.pdf","D:/NICE_history/NG94","D:/NICE_history/NG94/Minutes_13_24_March_2016.pdf",TRUE,"downloaded",
"NG94","Committee meetings","Minutes 7","24 September 2015","pdf","https://www.nice.org.uk/guidance/ng94/documents/minutes-17","Minutes_7","24_September_2015","pdf","Minutes_7_24_September_2015.pdf","D:/NICE_history/NG94","D:/NICE_history/NG94/Minutes_7_24_September_2015.pdf",TRUE,"downloaded",
"NG94","Committee meetings","Minutes 12","25 February 2016","pdf","https://www.nice.org.uk/guidance/ng94/documents/minutes-22","Minutes_12","25_February_2016","pdf","Minutes_12_25_February_2016.pdf","D:/NICE_history/NG94","D:/NICE_history/NG94/Minutes_12_25_February_2016.pdf",TRUE,"downloaded",
"NG94","Committee meetings","Minutes 15","25 May 2016","pdf","https://www.nice.org.uk/guidance/ng94/documents/minutes-25","Minutes_15","25_May_2016","pdf","Minutes_15_25_May_2016.pdf","D:/NICE_history/NG94","D:/NICE_history/NG94/Minutes_15_25_May_2016.pdf",TRUE,"downloaded",
"NG94","Committee meetings","Minutes 2","26 February 2015","pdf","https://www.nice.org.uk/guidance/ng94/documents/minutes-12","Minutes_2","26_February_2015","pdf","Minutes_2_26_February_2015.pdf","D:/NICE_history/NG94","D:/NICE_history/NG94/Minutes_2_26_February_2015.pdf",TRUE,"downloaded",
"NG94","Committee meetings","Minutes 4","26 May 2015","pdf","https://www.nice.org.uk/guidance/ng94/documents/minutes-14","Minutes_4","26_May_2015","pdf","Minutes_4_26_May_2015.pdf","D:/NICE_history/NG94","D:/NICE_history/NG94/Minutes_4_26_May_2015.pdf",TRUE,"downloaded",
"NG94","Committee meetings","Minutes 17","27 July 2016","pdf","https://www.nice.org.uk/guidance/ng94/documents/minutes-2","Minutes_17","27_July_2016","pdf","Minutes_17_27_July_2016.pdf","D:/NICE_history/NG94","D:/NICE_history/NG94/Minutes_17_27_July_2016.pdf",TRUE,"downloaded",
"NG94","Committee meetings","Minutes 16","29 June 2016","pdf","https://www.nice.org.uk/guidance/ng94/documents/minutes","Minutes_16","29_June_2016","pdf","Minutes_16_29_June_2016.pdf","D:/NICE_history/NG94","D:/NICE_history/NG94/Minutes_16_29_June_2016.pdf",FALSE,"failed","Transferred a partial file [www.nice.org.uk]:
transfer closed with outstanding read data remaining"
"NG94","Committee meetings","Minutes 8","29 October 2015","pdf","https://www.nice.org.uk/guidance/ng94/documents/minutes-18","Minutes_8","29_October_2015","pdf","Minutes_8_29_October_2015.pdf","D:/NICE_history/NG94","D:/NICE_history/NG94/Minutes_8_29_October_2015.pdf",TRUE,"downloaded",
"NG94","Draft guidance consultation","Comments form","03 July 2017","docx","https://www.nice.org.uk/guidance/ng94/documents/comments-form","Comments_form","03_July_2017","docx","Comments_form_03_July_2017.docx","D:/NICE_history/NG94","D:/NICE_history/NG94/Comments_form_03_July_2017.docx",TRUE,"downloaded",
"NG94","Draft guidance consultation","Draft guideline chapter 1 - Introduction","03 July 2017","pdf","https://www.nice.org.uk/guidance/ng94/documents/draft-guideline","Draft_guideline_chapter_1_-_Introduction","03_July_2017","pdf","Draft_guideline_chapter_1_-_Introduction_03_July_2017.pdf","D:/NICE_history/NG94","D:/NICE_history/NG94/Draft_guideline_chapter_1_-_Introduction_03_July_2017.pdf",TRUE,"downloaded",
"NG94","Draft guidance consultation","Draft guideline chapter 10 - Community-based pharmacists","03 July 2017","pdf","https://www.nice.org.uk/guidance/ng94/documents/draft-guideline-10","Draft_guideline_chapter_10_-_Community-based_pharmacists","03_July_2017","pdf","Draft_guideline_chapter_10_-_Community-based_pharmacists_03_July_2017.pdf","D:/NICE_history/NG94","D:/NICE_history/NG94/Draft_guideline_chapter_10_-_Community-based_pharmacists_03_July_2017.pdf",TRUE,"downloaded",
"NG94","Draft guidance consultation","Draft guideline chapter 11 - Social care extended access","03 July 2017","pdf","https://www.nice.org.uk/guidance/ng94/documents/draft-guideline-11","Draft_guideline_chapter_11_-_Social_care_extended_access","03_July_2017","pdf","Draft_guideline_chapter_11_-_Social_care_extended_access_03_July_2017.pdf","D:/NICE_history/NG94","D:/NICE_history/NG94/Draft_guideline_chapter_11_-_Social_care_extended_access_03_July_2017.pdf",TRUE,"downloaded",
"NG94","Draft guidance consultation","Draft guideline chapter 12 - Alternatives to hospital care","03 July 2017","pdf","https://www.nice.org.uk/guidance/ng94/documents/draft-guideline-12","Draft_guideline_chapter_12_-_Alternatives_to_hospital_care","03_July_2017","pdf","Draft_guideline_chapter_12_-_Alternatives_to_hospital_care_03_July_2017.pdf","D:/NICE_history/NG94","D:/NICE_history/NG94/Draft_guideline_chapter_12_-_Alternatives_to_hospital_care_03_July_2017.pdf",TRUE,"downloaded",
"NG94","Draft guidance consultation","Draft guideline chapter 13 - Community rehabilitation","03 July 2017","pdf","https://www.nice.org.uk/guidance/ng94/documents/draft-guideline-13","Draft_guideline_chapter_13_-_Community_rehabilitation","03_July_2017","pdf","Draft_guideline_chapter_13_-_Community_rehabilitation_03_July_2017.pdf","D:/NICE_history/NG94","D:/NICE_history/NG94/Draft_guideline_chapter_13_-_Community_rehabilitation_03_July_2017.pdf",TRUE,"downloaded",
"NG94","Draft guidance consultation","Draft guideline chapter 14 - Community palliative care","03 July 2017","pdf","https://www.nice.org.uk/guidance/ng94/documents/draft-guideline-14","Draft_guideline_chapter_14_-_Community_palliative_care","03_July_2017","pdf","Draft_guideline_chapter_14_-_Community_palliative_care_03_July_2017.pdf","D:/NICE_history/NG94","D:/NICE_history/NG94/Draft_guideline_chapter_14_-_Community_palliative_care_03_July_2017.pdf",TRUE,"downloaded",
"NG94","Draft guidance consultation","Draft guideline chapter 15 - Advance care planning","03 July 2017","pdf","https://www.nice.org.uk/guidance/ng94/documents/draft-guideline-15","Draft_guideline_chapter_15_-_Advance_care_planning","03_July_2017","pdf","Draft_guideline_chapter_15_-_Advance_care_planning_03_July_2017.pdf","D:/NICE_history/NG94","D:/NICE_history/NG94/Draft_guideline_chapter_15_-_Advance_care_planning_03_July_2017.pdf",TRUE,"downloaded",
"NG94","Draft guidance consultation","Draft guideline chapter 16 - Emergency department opening hours","03 July 2017","pdf","https://www.nice.org.uk/guidance/ng94/documents/draft-guideline-16","Draft_guideline_chapter_16_-_Emergency_department_opening_hours","03_July_2017","pdf","Draft_guideline_chapter_16_-_Emergency_department_opening_hours_03_July_2017.pdf","D:/NICE_history/NG94","D:/NICE_history/NG94/Draft_guideline_chapter_16_-_Emergency_department_opening_hours_03_July_2017.pdf",TRUE,"downloaded",
"NG94","Draft guidance consultation","Draft guideline chapter 17 - GPs within or on the same site as emergency departments","03 July 2017","pdf","https://www.nice.org.uk/guidance/ng94/documents/draft-guideline-17","Draft_guideline_chapter_17_-_GPs_within_or_on_the_same_site_as_emergency_departments","03_July_2017","pdf","Draft_guideline_chapter_17_-_GPs_within_or_on_the_same_site_as_emergency_departments_03_July_2017.pdf","D:/NICE_history/NG94","D:/NICE_history/NG94/Draft_guideline_chapter_17_-_GPs_within_or_on_the_same_site_as_emergency_departments_03_July_2017.pdf",TRUE,"downloaded",
"NG94","Draft guidance consultation","Draft guideline chapter 18 - Minor injury unit, urgent care centre or walk-in centre","03 July 2017","pdf","https://www.nice.org.uk/guidance/ng94/documents/draft-guideline-18","Draft_guideline_chapter_18_-_Minor_injury_unit,_urgent_care_centre_or_walk-in_centre","03_July_2017","pdf","Draft_guideline_chapter_18_-_Minor_injury_unit,_urgent_care_centre_or_walk-in_centre_03_July_2017.pdf","D:/NICE_history/NG94","D:/NICE_history/NG94/Draft_guideline_chapter_18_-_Minor_injury_unit,_urgent_care_centre_or_walk-in_centre_03_July_2017.pdf",TRUE,"downloaded",
"NG94","Draft guidance consultation","Draft guideline chapter 19 - Early versus late consultant review","03 July 2017","pdf","https://www.nice.org.uk/guidance/ng94/documents/draft-guideline-19","Draft_guideline_chapter_19_-_Early_versus_late_consultant_review","03_July_2017","pdf","Draft_guideline_chapter_19_-_Early_versus_late_consultant_review_03_July_2017.pdf","D:/NICE_history/NG94","D:/NICE_history/NG94/Draft_guideline_chapter_19_-_Early_versus_late_consultant_review_03_July_2017.pdf",TRUE,"downloaded",
"NG94","Draft guidance consultation","Draft guideline chapter 2 - Non-emergency telephone access and call handlers","03 July 2017","pdf","https://www.nice.org.uk/guidance/ng94/documents/draft-guideline-2","Draft_guideline_chapter_2_-_Non-emergency_telephone_access_and_call_handlers","03_July_2017","pdf","Draft_guideline_chapter_2_-_Non-emergency_telephone_access_and_call_handlers_03_July_2017.pdf","D:/NICE_history/NG94","D:/NICE_history/NG94/Draft_guideline_chapter_2_-_Non-emergency_telephone_access_and_call_handlers_03_July_2017.pdf",TRUE,"downloaded",
"NG94","Draft guidance consultation","Draft guideline chapter 20 - Physician extenders","03 July 2017","pdf","https://www.nice.org.uk/guidance/ng94/documents/draft-guideline-20","Draft_guideline_chapter_20_-_Physician_extenders","03_July_2017","pdf","Draft_guideline_chapter_20_-_Physician_extenders_03_July_2017.pdf","D:/NICE_history/NG94","D:/NICE_history/NG94/Draft_guideline_chapter_20_-_Physician_extenders_03_July_2017.pdf",TRUE,"downloaded",
"NG94","Draft guidance consultation","Draft guideline chapter 21 - Standardised criteria for hospital admission","03 July 2017","pdf","https://www.nice.org.uk/guidance/ng94/documents/draft-guideline-21","Draft_guideline_chapter_21_-_Standardised_criteria_for_hospital_admission","03_July_2017","pdf","Draft_guideline_chapter_21_-_Standardised_criteria_for_hospital_admission_03_July_2017.pdf","D:/NICE_history/NG94","D:/NICE_history/NG94/Draft_guideline_chapter_21_-_Standardised_criteria_for_hospital_admission_03_July_2017.pdf",TRUE,"downloaded",
"NG94","Draft guidance consultation","Draft guideline chapter 22 - 7-day diagnostic radiology","03 July 2017","pdf","https://www.nice.org.uk/guidance/ng94/documents/draft-guideline-22","Draft_guideline_chapter_22_-_7-day_diagnostic_radiology","03_July_2017","pdf","Draft_guideline_chapter_22_-_7-day_diagnostic_radiology_03_July_2017.pdf","D:/NICE_history/NG94","D:/NICE_history/NG94/Draft_guideline_chapter_22_-_7-day_diagnostic_radiology_03_July_2017.pdf",TRUE,"downloaded",
"NG94","Draft guidance consultation","Draft guideline chapter 23 - Liaison psychiatry","03 July 2017","pdf","https://www.nice.org.uk/guidance/ng94/documents/draft-guideline-23","Draft_guideline_chapter_23_-_Liaison_psychiatry","03_July_2017","pdf","Draft_guideline_chapter_23_-_Liaison_psychiatry_03_July_2017.pdf","D:/NICE_history/NG94","D:/NICE_history/NG94/Draft_guideline_chapter_23_-_Liaison_psychiatry_03_July_2017.pdf",TRUE,"downloaded",
"NG94","Draft guidance consultation","Draft guideline chapter 24 - Assessment through acute medical units","03 July 2017","pdf","https://www.nice.org.uk/guidance/ng94/documents/draft-guideline-24","Draft_guideline_chapter_24_-_Assessment_through_acute_medical_units","03_July_2017","pdf","Draft_guideline_chapter_24_-_Assessment_through_acute_medical_units_03_July_2017.pdf","D:/NICE_history/NG94","D:/NICE_history/NG94/Draft_guideline_chapter_24_-_Assessment_through_acute_medical_units_03_July_2017.pdf",TRUE,"downloaded",
"NG94","Draft guidance consultation","Draft guideline chapter 25 - Admission through elderly care assessment units","03 July 2017","pdf","https://www.nice.org.uk/guidance/ng94/documents/draft-guideline-25","Draft_guideline_chapter_25_-_Admission_through_elderly_care_assessment_units","03_July_2017","pdf","Draft_guideline_chapter_25_-_Admission_through_elderly_care_assessment_units_03_July_2017.pdf","D:/NICE_history/NG94","D:/NICE_history/NG94/Draft_guideline_chapter_25_-_Admission_through_elderly_care_assessment_units_03_July_2017.pdf",TRUE,"downloaded",
"NG94","Draft guidance consultation","Draft guideline chapter 26 - Frequency of consultant review","03 July 2017","pdf","https://www.nice.org.uk/guidance/ng94/documents/draft-guideline-26","Draft_guideline_chapter_26_-_Frequency_of_consultant_review","03_July_2017","pdf","Draft_guideline_chapter_26_-_Frequency_of_consultant_review_03_July_2017.pdf","D:/NICE_history/NG94","D:/NICE_history/NG94/Draft_guideline_chapter_26_-_Frequency_of_consultant_review_03_July_2017.pdf",TRUE,"downloaded",
"NG94","Draft guidance consultation","Draft guideline chapter 27 - Critical care outreach teams","03 July 2017","pdf","https://www.nice.org.uk/guidance/ng94/documents/draft-guideline-27","Draft_guideline_chapter_27_-_Critical_care_outreach_teams","03_July_2017","pdf","Draft_guideline_chapter_27_-_Critical_care_outreach_teams_03_July_2017.pdf","D:/NICE_history/NG94","D:/NICE_history/NG94/Draft_guideline_chapter_27_-_Critical_care_outreach_teams_03_July_2017.pdf",TRUE,"downloaded",
"NG94","Draft guidance consultation","Draft guideline chapter 28 - Structured ward rounds","03 July 2017","pdf","https://www.nice.org.uk/guidance/ng94/documents/draft-guideline-28","Draft_guideline_chapter_28_-_Structured_ward_rounds","03_July_2017","pdf","Draft_guideline_chapter_28_-_Structured_ward_rounds_03_July_2017.pdf","D:/NICE_history/NG94","D:/NICE_history/NG94/Draft_guideline_chapter_28_-_Structured_ward_rounds_03_July_2017.pdf",TRUE,"downloaded",
"NG94","Draft guidance consultation","Draft guideline chapter 29 - Multidisciplinary team meetings","03 July 2017","pdf","https://www.nice.org.uk/guidance/ng94/documents/draft-guideline-29","Draft_guideline_chapter_29_-_Multidisciplinary_team_meetings","03_July_2017","pdf","Draft_guideline_chapter_29_-_Multidisciplinary_team_meetings_03_July_2017.pdf","D:/NICE_history/NG94","D:/NICE_history/NG94/Draft_guideline_chapter_29_-_Multidisciplinary_team_meetings_03_July_2017.pdf",TRUE,"downloaded",
"NG94","Draft guidance consultation","Draft guideline chapter 3 - Paramedics with enhanced competencies","03 July 2017","pdf","https://www.nice.org.uk/guidance/ng94/documents/draft-guideline-3","Draft_guideline_chapter_3_-_Paramedics_with_enhanced_competencies","03_July_2017","pdf","Draft_guideline_chapter_3_-_Paramedics_with_enhanced_competencies_03_July_2017.pdf","D:/NICE_history/NG94","D:/NICE_history/NG94/Draft_guideline_chapter_3_-_Paramedics_with_enhanced_competencies_03_July_2017.pdf",TRUE,"downloaded",
"NG94","Draft guidance consultation","Draft guideline chapter 30 - Pharmacist support","03 July 2017","pdf","https://www.nice.org.uk/guidance/ng94/documents/draft-guideline-30","Draft_guideline_chapter_30_-_Pharmacist_support","03_July_2017","pdf","Draft_guideline_chapter_30_-_Pharmacist_support_03_July_2017.pdf","D:/NICE_history/NG94","D:/NICE_history/NG94/Draft_guideline_chapter_30_-_Pharmacist_support_03_July_2017.pdf",TRUE,"downloaded",
"NG94","Draft guidance consultation","Draft guideline chapter 31 - Enhanced inpatient access to physiotherapy and occupational therapy","03 July 2017","pdf","https://www.nice.org.uk/guidance/ng94/documents/draft-guideline-31","Draft_guideline_chapter_31_-_Enhanced_inpatient_access_to_physiotherapy_and_occupational_therapy","03_July_2017","pdf","Draft_guideline_chapter_31_-_Enhanced_inpatient_access_to_physiotherapy_and_occupational_therapy_03_July_2017.pdf","D:/NICE_history/NG94","D:/NICE_history/NG94/Draft_guideline_chapter_31_-_Enhanced_inpatient_access_to_physiotherapy_and_occupational_therapy_03_July_2017.pdf",TRUE,"downloaded",
"NG94","Draft guidance consultation","Draft guideline chapter 32 - Structured patient handovers","03 July 2017","pdf","https://www.nice.org.uk/guidance/ng94/documents/draft-guideline-32","Draft_guideline_chapter_32_-_Structured_patient_handovers","03_July_2017","pdf","Draft_guideline_chapter_32_-_Structured_patient_handovers_03_July_2017.pdf","D:/NICE_history/NG94","D:/NICE_history/NG94/Draft_guideline_chapter_32_-_Structured_patient_handovers_03_July_2017.pdf",TRUE,"downloaded",
"NG94","Draft guidance consultation","Draft guideline chapter 33 - Integrated patient information systems","03 July 2017","pdf","https://www.nice.org.uk/guidance/ng94/documents/draft-guideline-33","Draft_guideline_chapter_33_-_Integrated_patient_information_systems","03_July_2017","pdf","Draft_guideline_chapter_33_-_Integrated_patient_information_systems_03_July_2017.pdf","D:/NICE_history/NG94","D:/NICE_history/NG94/Draft_guideline_chapter_33_-_Integrated_patient_information_systems_03_July_2017.pdf",TRUE,"downloaded",
"NG94","Draft guidance consultation","Draft guideline chapter 34 - Standardised systems of care for intra- and inter-hospital transfers","03 July 2017","pdf","https://www.nice.org.uk/guidance/ng94/documents/draft-guideline-34","Draft_guideline_chapter_34_-_Standardised_systems_of_care_for_intra-_and_inter-hospital_transfers","03_July_2017","pdf","Draft_guideline_chapter_34_-_Standardised_systems_of_care_for_intra-_and_inter-hospital_transfers_03_July_2017.pdf","D:/NICE_history/NG94","D:/NICE_history/NG94/Draft_guideline_chapter_34_-_Standardised_systems_of_care_for_intra-_and_inter-hospital_transfers_03_July_2017.pdf",TRUE,"downloaded",
"NG94","Draft guidance consultation","Draft guideline chapter 35 - Discharge planning","03 July 2017","pdf","https://www.nice.org.uk/guidance/ng94/documents/draft-guideline-35","Draft_guideline_chapter_35_-_Discharge_planning","03_July_2017","pdf","Draft_guideline_chapter_35_-_Discharge_planning_03_July_2017.pdf","D:/NICE_history/NG94","D:/NICE_history/NG94/Draft_guideline_chapter_35_-_Discharge_planning_03_July_2017.pdf",TRUE,"downloaded",
"NG94","Draft guidance consultation","Draft guideline chapter 36 - Standardised discharge criteria","03 July 2017","pdf","https://www.nice.org.uk/guidance/ng94/documents/draft-guideline-36","Draft_guideline_chapter_36_-_Standardised_discharge_criteria","03_July_2017","pdf","Draft_guideline_chapter_36_-_Standardised_discharge_criteria_03_July_2017.pdf","D:/NICE_history/NG94","D:/NICE_history/NG94/Draft_guideline_chapter_36_-_Standardised_discharge_criteria_03_July_2017.pdf",TRUE,"downloaded",
"NG94","Draft guidance consultation","Draft guideline chapter 37 - Post-discharge early follow-up clinics","03 July 2017","pdf","https://www.nice.org.uk/guidance/ng94/documents/draft-guideline-37","Draft_guideline_chapter_37_-_Post-discharge_early_follow-up_clinics","03_July_2017","pdf","Draft_guideline_chapter_37_-_Post-discharge_early_follow-up_clinics_03_July_2017.pdf","D:/NICE_history/NG94","D:/NICE_history/NG94/Draft_guideline_chapter_37_-_Post-discharge_early_follow-up_clinics_03_July_2017.pdf",TRUE,"downloaded",
"NG94","Draft guidance consultation","Draft guideline chapter 38 - Integrated care","03 July 2017","pdf","https://www.nice.org.uk/guidance/ng94/documents/draft-guideline-38","Draft_guideline_chapter_38_-_Integrated_care","03_July_2017","pdf","Draft_guideline_chapter_38_-_Integrated_care_03_July_2017.pdf","D:/NICE_history/NG94","D:/NICE_history/NG94/Draft_guideline_chapter_38_-_Integrated_care_03_July_2017.pdf",TRUE,"downloaded",
"NG94","Draft guidance consultation","Draft guideline chapter 39 - Bed occupancy","03 July 2017","pdf","https://www.nice.org.uk/guidance/ng94/documents/draft-guideline-39","Draft_guideline_chapter_39_-_Bed_occupancy","03_July_2017","pdf","Draft_guideline_chapter_39_-_Bed_occupancy_03_July_2017.pdf","D:/NICE_history/NG94","D:/NICE_history/NG94/Draft_guideline_chapter_39_-_Bed_occupancy_03_July_2017.pdf",TRUE,"downloaded",
"NG94","Draft guidance consultation","Draft guideline chapter 4 - Paramedic remote support","03 July 2017","pdf","https://www.nice.org.uk/guidance/ng94/documents/draft-guideline-4","Draft_guideline_chapter_4_-_Paramedic_remote_support","03_July_2017","pdf","Draft_guideline_chapter_4_-_Paramedic_remote_support_03_July_2017.pdf","D:/NICE_history/NG94","D:/NICE_history/NG94/Draft_guideline_chapter_4_-_Paramedic_remote_support_03_July_2017.pdf",TRUE,"downloaded",
"NG94","Draft guidance consultation","Draft guideline chapter 40 - Escalation measures","03 July 2017","pdf","https://www.nice.org.uk/guidance/ng94/documents/draft-guideline-40","Draft_guideline_chapter_40_-_Escalation_measures","03_July_2017","pdf","Draft_guideline_chapter_40_-_Escalation_measures_03_July_2017.pdf","D:/NICE_history/NG94","D:/NICE_history/NG94/Draft_guideline_chapter_40_-_Escalation_measures_03_July_2017.pdf",TRUE,"downloaded",
"NG94","Draft guidance consultation","Draft guideline chapter 41 - Cost-effectiveness analyses","03 July 2017","pdf","https://www.nice.org.uk/guidance/ng94/documents/draft-guideline-41","Draft_guideline_chapter_41_-_Cost-effectiveness_analyses","03_July_2017","pdf","Draft_guideline_chapter_41_-_Cost-effectiveness_analyses_03_July_2017.pdf","D:/NICE_history/NG94","D:/NICE_history/NG94/Draft_guideline_chapter_41_-_Cost-effectiveness_analyses_03_July_2017.pdf",TRUE,"downloaded",
"NG94","Draft guidance consultation","Draft guideline chapter 5 - GP extended hours","03 July 2017","pdf","https://www.nice.org.uk/guidance/ng94/documents/draft-guideline-5","Draft_guideline_chapter_5_-_GP_extended_hours","03_July_2017","pdf","Draft_guideline_chapter_5_-_GP_extended_hours_03_July_2017.pdf","D:/NICE_history/NG94","D:/NICE_history/NG94/Draft_guideline_chapter_5_-_GP_extended_hours_03_July_2017.pdf",TRUE,"downloaded",
"NG94","Draft guidance consultation","Draft guideline chapter 6 - GP-led home visits","03 July 2017","pdf","https://www.nice.org.uk/guidance/ng94/documents/draft-guideline-6","Draft_guideline_chapter_6_-_GP-led_home_visits","03_July_2017","pdf","Draft_guideline_chapter_6_-_GP-led_home_visits_03_July_2017.pdf","D:/NICE_history/NG94","D:/NICE_history/NG94/Draft_guideline_chapter_6_-_GP-led_home_visits_03_July_2017.pdf",TRUE,"downloaded",
"NG94","Draft guidance consultation","Draft guideline chapter 7 - GP access to laboratory investigations","03 July 2017","pdf","https://www.nice.org.uk/guidance/ng94/documents/draft-guideline-7","Draft_guideline_chapter_7_-_GP_access_to_laboratory_investigations","03_July_2017","pdf","Draft_guideline_chapter_7_-_GP_access_to_laboratory_investigations_03_July_2017.pdf","D:/NICE_history/NG94","D:/NICE_history/NG94/Draft_guideline_chapter_7_-_GP_access_to_laboratory_investigations_03_July_2017.pdf",TRUE,"downloaded",
"NG94","Draft guidance consultation","Draft guideline chapter 8 - GP access to radiology","03 July 2017","pdf","https://www.nice.org.uk/guidance/ng94/documents/draft-guideline-8","Draft_guideline_chapter_8_-_GP_access_to_radiology","03_July_2017","pdf","Draft_guideline_chapter_8_-_GP_access_to_radiology_03_July_2017.pdf","D:/NICE_history/NG94","D:/NICE_history/NG94/Draft_guideline_chapter_8_-_GP_access_to_radiology_03_July_2017.pdf",TRUE,"downloaded",
"NG94","Draft guidance consultation","Draft guideline chapter 9 - Community nursing","03 July 2017","pdf","https://www.nice.org.uk/guidance/ng94/documents/draft-guideline-9","Draft_guideline_chapter_9_-_Community_nursing","03_July_2017","pdf","Draft_guideline_chapter_9_-_Community_nursing_03_July_2017.pdf","D:/NICE_history/NG94","D:/NICE_history/NG94/Draft_guideline_chapter_9_-_Community_nursing_03_July_2017.pdf",TRUE,"downloaded",
"NG94","Draft guidance consultation","Equality impact assessment 3","03 July 2017","pdf","https://www.nice.org.uk/guidance/ng94/documents/equality-impact-assessment","Equality_impact_assessment_3","03_July_2017","pdf","Equality_impact_assessment_3_03_July_2017.pdf","D:/NICE_history/NG94","D:/NICE_history/NG94/Equality_impact_assessment_3_03_July_2017.pdf",TRUE,"downloaded",
"NG94","Draft guidance consultation","Guideline appendices A-E","03 July 2017","pdf","https://www.nice.org.uk/guidance/ng94/documents/guideline-appendices","Guideline_appendices_A-E","03_July_2017","pdf","Guideline_appendices_A-E_03_July_2017.pdf","D:/NICE_history/NG94","D:/NICE_history/NG94/Guideline_appendices_A-E_03_July_2017.pdf",TRUE,"downloaded",
"NG94","Draft guidance consultation","Short version of draft guideline","03 July 2017","pdf","https://www.nice.org.uk/guidance/ng94/documents/short-version-of-draft-guideline","Short_version_of_draft_guideline","03_July_2017","pdf","Short_version_of_draft_guideline_03_July_2017.pdf","D:/NICE_history/NG94","D:/NICE_history/NG94/Short_version_of_draft_guideline_03_July_2017.pdf",TRUE,"downloaded",
"NG94","Guidance published","Consultation comments and responses","28 March 2018","pdf","https://www.nice.org.uk/guidance/ng94/documents/consultation-comments-and-responses","Consultation_comments_and_responses","28_March_2018","pdf","Consultation_comments_and_responses_28_March_2018.pdf","D:/NICE_history/NG94","D:/NICE_history/NG94/Consultation_comments_and_responses_28_March_2018.pdf",TRUE,"downloaded",
"NG94","Pre-consultation documents released","Economic plan","13 April 2017","pdf","https://www.nice.org.uk/guidance/ng94/documents/economic-plan","Economic_plan","13_April_2017","pdf","Economic_plan_13_April_2017.pdf","D:/NICE_history/NG94","D:/NICE_history/NG94/Economic_plan_13_April_2017.pdf",TRUE,"downloaded",
"NG94","Pre-consultation documents released","Review questions","13 April 2017","pdf","https://www.nice.org.uk/guidance/ng94/documents/review-questions","Review_questions","13_April_2017","pdf","Review_questions_13_April_2017.pdf","D:/NICE_history/NG94","D:/NICE_history/NG94/Review_questions_13_April_2017.pdf",TRUE,"downloaded",
"NG94","Pre-consultation documents released","Search strategies","13 April 2017","pdf","https://www.nice.org.uk/guidance/ng94/documents/search-strategies","Search_strategies","13_April_2017","pdf","Search_strategies_13_April_2017.pdf","D:/NICE_history/NG94","D:/NICE_history/NG94/Search_strategies_13_April_2017.pdf",TRUE,"downloaded",
"NG94","Scope consultation","Final scope","11 February 2015","pdf","https://www.nice.org.uk/guidance/ng94/documents/acute-medical-emergencies-in-adults-and-young-people-service-guidance-final-scope2","Final_scope","11_February_2015","pdf","Final_scope_11_February_2015.pdf","D:/NICE_history/NG94","D:/NICE_history/NG94/Final_scope_11_February_2015.pdf",TRUE,"downloaded",
"NG94","Scope consultation","Scope consultation comments table","11 February 2015","pdf","https://www.nice.org.uk/guidance/ng94/documents/acute-medical-emergencies-in-adults-and-young-people-service-guidance-scope-consultation-comments-table2","Scope_consultation_comments_table","11_February_2015","pdf","Scope_consultation_comments_table_11_February_2015.pdf","D:/NICE_history/NG94","D:/NICE_history/NG94/Scope_consultation_comments_table_11_February_2015.pdf",TRUE,"downloaded",
"NG94","Scope consultation","Acute medical emergencies: draft scope","16 October 2014","pdf","https://www.nice.org.uk/guidance/ng94/documents/acute-medical-emergencies-draft-scope2","Acute_medical_emergencies_draft_scope","16_October_2014","pdf","Acute_medical_emergencies_draft_scope_16_October_2014.pdf","D:/NICE_history/NG94","D:/NICE_history/NG94/Acute_medical_emergencies_draft_scope_16_October_2014.pdf",TRUE,"downloaded",
"NG94","Stakeholder list updated","Stakeholder list","26 March 2018","pdf","https://www.nice.org.uk/guidance/ng94/documents/stakeholder-list-2","Stakeholder_list","26_March_2018","pdf","Stakeholder_list_26_March_2018.pdf","D:/NICE_history/NG94","D:/NICE_history/NG94/Stakeholder_list_26_March_2018.pdf",TRUE,"downloaded",
"NG42","Committee list","Committee list","28 August 2015","pdf","https://www.nice.org.uk/guidance/ng42/documents/motor-neurone-disease-committee-list2","Committee_list","28_August_2015","pdf","Committee_list_28_August_2015.pdf","D:/NICE_history/NG42","D:/NICE_history/NG42/Committee_list_28_August_2015.pdf",TRUE,"downloaded",
"NG42","Committee meetings","Minutes 12","12 December 2016","pdf","https://www.nice.org.uk/guidance/ng42/documents/minutes","Minutes_12","12_December_2016","pdf","Minutes_12_12_December_2016.pdf","D:/NICE_history/NG42","D:/NICE_history/NG42/Minutes_12_12_December_2016.pdf",TRUE,"downloaded",
"NG42","Consultation comments published","Consultation comments and responses","01 April 2016","pdf","https://www.nice.org.uk/guidance/ng42/documents/consultation-comments-and-responses","Consultation_comments_and_responses","01_April_2016","pdf","Consultation_comments_and_responses_01_April_2016.pdf","D:/NICE_history/NG42","D:/NICE_history/NG42/Consultation_comments_and_responses_01_April_2016.pdf",TRUE,"downloaded",
"NG42","Draft guideline consultation","Appendices","01 September 2015","pdf","https://www.nice.org.uk/guidance/ng42/documents/motor-neurone-disease-appendices3","Appendices","01_September_2015","pdf","Appendices_01_September_2015.pdf","D:/NICE_history/NG42","D:/NICE_history/NG42/Appendices_01_September_2015.pdf",TRUE,"downloaded",
"NG42","Draft guideline consultation","Comments form - guideline","01 September 2015","docx","https://www.nice.org.uk/guidance/ng42/documents/motor-neurone-disease-comments-form-guideline2","Comments_form_-_guideline","01_September_2015","docx","Comments_form_-_guideline_01_September_2015.docx","D:/NICE_history/NG42","D:/NICE_history/NG42/Comments_form_-_guideline_01_September_2015.docx",TRUE,"downloaded",
"NG42","Draft guideline consultation","Confidentiality form","01 September 2015","docx","https://www.nice.org.uk/guidance/ng42/documents/motor-neurone-disease-confidentiality-form2","Confidentiality_form","01_September_2015","docx","Confidentiality_form_01_September_2015.docx","D:/NICE_history/NG42","D:/NICE_history/NG42/Confidentiality_form_01_September_2015.docx",TRUE,"downloaded",
"NG42","Draft guideline consultation","Draft guideline (NICE)","01 September 2015","pdf","https://www.nice.org.uk/guidance/ng42/documents/motor-neurone-disease-draft-guideline-nice2","Draft_guideline_(NICE)","01_September_2015","pdf","Draft_guideline_(NICE)_01_September_2015.pdf","D:/NICE_history/NG42","D:/NICE_history/NG42/Draft_guideline_(NICE)_01_September_2015.pdf",TRUE,"downloaded",
"NG42","Draft guideline consultation","Equality impact assessment","01 September 2015","pdf","https://www.nice.org.uk/guidance/ng42/documents/motor-neurone-disease-equality-impact-assessment2","Equality_impact_assessment","01_September_2015","pdf","Equality_impact_assessment_01_September_2015.pdf","D:/NICE_history/NG42","D:/NICE_history/NG42/Equality_impact_assessment_01_September_2015.pdf",TRUE,"downloaded",
"NG42","Draft guideline consultation","Full guideline","01 September 2015","pdf","https://www.nice.org.uk/guidance/ng42/documents/motor-neurone-disease-full-guideline2","Full_guideline","01_September_2015","pdf","Full_guideline_01_September_2015.pdf","D:/NICE_history/NG42","D:/NICE_history/NG42/Full_guideline_01_September_2015.pdf",TRUE,"downloaded",
"NG42","Equality and health inequalities assessment","Equality impact assessment","18 February 2016","pdf","https://www.nice.org.uk/guidance/ng42/documents/equality-impact-assessment","Equality_impact_assessment","18_February_2016","pdf","Equality_impact_assessment_18_February_2016.pdf","D:/NICE_history/NG42","D:/NICE_history/NG42/Equality_impact_assessment_18_February_2016.pdf",TRUE,"downloaded",
"NG42","Guidance development group minutes","GDG member list","04 November 2014","pdf","https://www.nice.org.uk/guidance/ng42/documents/motor-neurone-disease-gdg-member-list2","GDG_member_list","04_November_2014","pdf","GDG_member_list_04_November_2014.pdf","D:/NICE_history/NG42","D:/NICE_history/NG42/GDG_member_list_04_November_2014.pdf",TRUE,"downloaded",
"NG42","Guidance development group minutes","GDG1 minutes 12 March 2014","04 November 2014","pdf","https://www.nice.org.uk/guidance/ng42/documents/motor-neurone-disease-gdg1-minutes-12-march-20142","GDG1_minutes_12_March_2014","04_November_2014","pdf","GDG1_minutes_12_March_2014_04_November_2014.pdf","D:/NICE_history/NG42","D:/NICE_history/NG42/GDG1_minutes_12_March_2014_04_November_2014.pdf",TRUE,"downloaded",
"NG42","Guidance development group minutes","GDG2 minutes 29 April 2014","04 November 2014","pdf","https://www.nice.org.uk/guidance/ng42/documents/motor-neurone-disease-gdg2-minutes-29-april-20142","GDG2_minutes_29_April_2014","04_November_2014","pdf","GDG2_minutes_29_April_2014_04_November_2014.pdf","D:/NICE_history/NG42","D:/NICE_history/NG42/GDG2_minutes_29_April_2014_04_November_2014.pdf",TRUE,"downloaded",
"NG42","Guidance development group minutes","GDG3 minutes 24 June 2014","04 November 2014","pdf","https://www.nice.org.uk/guidance/ng42/documents/motor-neurone-disease-gdg3-minutes-24-june-20142","GDG3_minutes_24_June_2014","04_November_2014","pdf","GDG3_minutes_24_June_2014_04_November_2014.pdf","D:/NICE_history/NG42","D:/NICE_history/NG42/GDG3_minutes_24_June_2014_04_November_2014.pdf",TRUE,"downloaded",
"NG42","Guidance development group minutes","GDG4 minutes 29 July 2014","04 November 2014","pdf","https://www.nice.org.uk/guidance/ng42/documents/motor-neurone-disease-gdg4-minutes-29-july-20142","GDG4_minutes_29_July_2014","04_November_2014","pdf","GDG4_minutes_29_July_2014_04_November_2014.pdf","D:/NICE_history/NG42","D:/NICE_history/NG42/GDG4_minutes_29_July_2014_04_November_2014.pdf",TRUE,"downloaded",
"NG42","Guidance development group minutes","GDG5 minutes 24 September 2014","08 May 2015","pdf","https://www.nice.org.uk/guidance/ng42/documents/motor-neurone-disease-gdg5-minutes-24-september-20142","GDG5_minutes_24_September_2014","08_May_2015","pdf","GDG5_minutes_24_September_2014_08_May_2015.pdf","D:/NICE_history/NG42","D:/NICE_history/NG42/GDG5_minutes_24_September_2014_08_May_2015.pdf",TRUE,"downloaded",
"NG42","Guidance development group minutes","GDG6 minutes 10 December 2014","08 May 2015","pdf","https://www.nice.org.uk/guidance/ng42/documents/motor-neurone-disease-gdg6-minutes-10-december-20142","GDG6_minutes_10_December_2014","08_May_2015","pdf","GDG6_minutes_10_December_2014_08_May_2015.pdf","D:/NICE_history/NG42","D:/NICE_history/NG42/GDG6_minutes_10_December_2014_08_May_2015.pdf",TRUE,"downloaded",
"NG42","Guidance development group minutes","GDG7 minutes 10 December 2014","08 May 2015","pdf","https://www.nice.org.uk/guidance/ng42/documents/motor-neurone-disease-gdg7-minutes-10-december-20142","GDG7_minutes_10_December_2014","08_May_2015","pdf","GDG7_minutes_10_December_2014_08_May_2015.pdf","D:/NICE_history/NG42","D:/NICE_history/NG42/GDG7_minutes_10_December_2014_08_May_2015.pdf",TRUE,"downloaded",
"NG42","Guidance development group minutes","GDG8 minutes 14 January 2015","08 May 2015","pdf","https://www.nice.org.uk/guidance/ng42/documents/motor-neurone-disease-gdg8-minutes-14-january-20152","GDG8_minutes_14_January_2015","08_May_2015","pdf","GDG8_minutes_14_January_2015_08_May_2015.pdf","D:/NICE_history/NG42","D:/NICE_history/NG42/GDG8_minutes_14_January_2015_08_May_2015.pdf",TRUE,"downloaded",
"NG42","Guidance development group minutes","GDG9 minutes 10 March 2015","08 May 2015","pdf","https://www.nice.org.uk/guidance/ng42/documents/motor-neurone-disease-gdg9-minutes-10-march-20152","GDG9_minutes_10_March_2015","08_May_2015","pdf","GDG9_minutes_10_March_2015_08_May_2015.pdf","D:/NICE_history/NG42","D:/NICE_history/NG42/GDG9_minutes_10_March_2015_08_May_2015.pdf",TRUE,"downloaded",
"NG42","Guidance development group minutes","GDG10 minutes 20 April 2015","13 July 2015","pdf","https://www.nice.org.uk/guidance/ng42/documents/motor-neurone-disease-gdg10-minutes-20-april-20152","GDG10_minutes_20_April_2015","13_July_2015","pdf","GDG10_minutes_20_April_2015_13_July_2015.pdf","D:/NICE_history/NG42","D:/NICE_history/NG42/GDG10_minutes_20_April_2015_13_July_2015.pdf",TRUE,"downloaded",
"NG42","Guidance development group minutes","GDG11 minutes 21 April 2015","13 July 2015","pdf","https://www.nice.org.uk/guidance/ng42/documents/motor-neurone-disease-gdg11-minutes-21-april-20152","GDG11_minutes_21_April_2015","13_July_2015","pdf","GDG11_minutes_21_April_2015_13_July_2015.pdf","D:/NICE_history/NG42","D:/NICE_history/NG42/GDG11_minutes_21_April_2015_13_July_2015.pdf",TRUE,"downloaded",
"NG42","Guideline development and evidence search","Health economic plan","24 July 2015","pdf","https://www.nice.org.uk/guidance/ng42/documents/motor-neurone-disease-health-economic-plan2","Health_economic_plan","24_July_2015","pdf","Health_economic_plan_24_July_2015.pdf","D:/NICE_history/NG42","D:/NICE_history/NG42/Health_economic_plan_24_July_2015.pdf",TRUE,"downloaded",
"NG42","Guideline development and evidence search","Review questions","24 July 2015","pdf","https://www.nice.org.uk/guidance/ng42/documents/motor-neurone-disease-review-questions2","Review_questions","24_July_2015","pdf","Review_questions_24_July_2015.pdf","D:/NICE_history/NG42","D:/NICE_history/NG42/Review_questions_24_July_2015.pdf",TRUE,"downloaded",
"NG42","Guideline development and evidence search","Search strategies","24 July 2015","pdf","https://www.nice.org.uk/guidance/ng42/documents/motor-neurone-disease-search-strategies2","Search_strategies","24_July_2015","pdf","Search_strategies_24_July_2015.pdf","D:/NICE_history/NG42","D:/NICE_history/NG42/Search_strategies_24_July_2015.pdf",TRUE,"downloaded",
"NG42","Scoping workshop, consultation and final scope","Final scope","15 January 2015","pdf","https://www.nice.org.uk/guidance/ng42/documents/motor-neurone-disease-final-scope-2","Final_scope","15_January_2015","pdf","Final_scope_15_January_2015.pdf","D:/NICE_history/NG42","D:/NICE_history/NG42/Final_scope_15_January_2015.pdf",TRUE,"downloaded",
"NG42","Scoping workshop, consultation and final scope","Draft scope","15 November 2013","pdf","https://www.nice.org.uk/guidance/ng42/documents/motor-neurone-disease-draft-scope-2","Draft_scope","15_November_2013","pdf","Draft_scope_15_November_2013.pdf","D:/NICE_history/NG42","D:/NICE_history/NG42/Draft_scope_15_November_2013.pdf",TRUE,"downloaded",
"NG42","Scoping workshop, consultation and final scope","Scope consultation comments proforma","15 November 2013","docx","https://www.nice.org.uk/guidance/ng42/documents/motor-neurone-disease-scope-consultation-comments-proforma2","Scope_consultation_comments_proforma","15_November_2013","docx","Scope_consultation_comments_proforma_15_November_2013.docx","D:/NICE_history/NG42","D:/NICE_history/NG42/Scope_consultation_comments_proforma_15_November_2013.docx",TRUE,"downloaded",
"NG42","Scoping workshop, consultation and final scope","Equality assessment impact form","16 April 2014","pdf","https://www.nice.org.uk/guidance/ng42/documents/motor-neurone-disease-equality-assessment-impact-form2","Equality_assessment_impact_form","16_April_2014","pdf","Equality_assessment_impact_form_16_April_2014.pdf","D:/NICE_history/NG42","D:/NICE_history/NG42/Equality_assessment_impact_form_16_April_2014.pdf",TRUE,"downloaded",
"NG42","Scoping workshop, consultation and final scope","Stakeholder workshop notes","16 April 2014","pdf","https://www.nice.org.uk/guidance/ng42/documents/motor-neurone-disease-stakeholder-workshop-notes2","Stakeholder_workshop_notes","16_April_2014","pdf","Stakeholder_workshop_notes_16_April_2014.pdf","D:/NICE_history/NG42","D:/NICE_history/NG42/Stakeholder_workshop_notes_16_April_2014.pdf",TRUE,"downloaded",
"NG42","Stakeholder list updated","Stakeholder list","09 November 2023","pdf","https://www.nice.org.uk/guidance/ng42/documents/stakeholder-list","Stakeholder_list","09_November_2023","pdf","Stakeholder_list_09_November_2023.pdf","D:/NICE_history/NG42","D:/NICE_history/NG42/Stakeholder_list_09_November_2023.pdf",TRUE,"downloaded",
"NG42","Surveillance consultation","Equality and health inequalities","13 November 2023","pdf","https://www.nice.org.uk/guidance/ng42/documents/equality-and-health-inequalities","Equality_and_health_inequalities","13_November_2023","pdf","Equality_and_health_inequalities_13_November_2023.pdf","D:/NICE_history/NG42","D:/NICE_history/NG42/Equality_and_health_inequalities_13_November_2023.pdf",TRUE,"downloaded",
"NG42","Surveillance consultation","Evidence summary","13 November 2023","pdf","https://www.nice.org.uk/guidance/ng42/documents/evidence-summary","Evidence_summary","13_November_2023","pdf","Evidence_summary_13_November_2023.pdf","D:/NICE_history/NG42","D:/NICE_history/NG42/Evidence_summary_13_November_2023.pdf",TRUE,"downloaded",
"NG42","Surveillance consultation","Surveillance review proposal","13 November 2023","pdf","https://www.nice.org.uk/guidance/ng42/documents/162","Surveillance_review_proposal","13_November_2023","pdf","Surveillance_review_proposal_13_November_2023.pdf","D:/NICE_history/NG42","D:/NICE_history/NG42/Surveillance_review_proposal_13_November_2023.pdf",TRUE,"downloaded",
"NG42","Surveillance consultation","Consultation questions","22 November 2023","pdf","https://www.nice.org.uk/guidance/ng42/documents/257-2","Consultation_questions","22_November_2023","pdf","Consultation_questions_22_November_2023.pdf","D:/NICE_history/NG42","D:/NICE_history/NG42/Consultation_questions_22_November_2023.pdf",TRUE,"downloaded",
"NG42","Surveillance review proposal","Stakeholder list","02 April 2015","pdf","https://www.nice.org.uk/guidance/ng42/documents/motor-neurone-disease-stakeholder-list2","Stakeholder_list","02_April_2015","pdf","Stakeholder_list_02_April_2015.pdf","D:/NICE_history/NG42","D:/NICE_history/NG42/Stakeholder_list_02_April_2015.pdf",TRUE,"downloaded",
"NG42","Surveillance review proposal","Surveillance review proposal for consultation","14 July 2014","pdf","https://www.nice.org.uk/guidance/ng42/documents/motor-neurone-disease-surveillance-review-proposal-for-consultation2","Surveillance_review_proposal_for_consultation","14_July_2014","pdf","Surveillance_review_proposal_for_consultation_14_July_2014.pdf","D:/NICE_history/NG42","D:/NICE_history/NG42/Surveillance_review_proposal_for_consultation_14_July_2014.pdf",TRUE,"downloaded",
"NG56","Committee list updated","Committee member list","11 April 2016","pdf","https://www.nice.org.uk/guidance/ng56/documents/committee-member-list","Committee_member_list","11_April_2016","pdf","Committee_member_list_11_April_2016.pdf","D:/NICE_history/NG56","D:/NICE_history/NG56/Committee_member_list_11_April_2016.pdf",TRUE,"downloaded",
"NG56","Committee list updated","Committee member list","21 September 2016","pdf","https://www.nice.org.uk/guidance/ng56/documents/committee-member-list-2","Committee_member_list","21_September_2016","pdf","Committee_member_list_21_September_2016.pdf","D:/NICE_history/NG56","D:/NICE_history/NG56/Committee_member_list_21_September_2016.pdf",TRUE,"downloaded",
"NG56","Committee meetings","Minutes 10","03 March 2016","pdf","https://www.nice.org.uk/guidance/ng56/documents/minutes-6","Minutes_10","03_March_2016","pdf","Minutes_10_03_March_2016.pdf","D:/NICE_history/NG56","D:/NICE_history/NG56/Minutes_10_03_March_2016.pdf",TRUE,"downloaded",
"NG56","Committee meetings","Minutes 5","03 March 2016","pdf","https://www.nice.org.uk/guidance/ng56/documents/minutes","Minutes_5","03_March_2016","pdf","Minutes_5_03_March_2016.pdf","D:/NICE_history/NG56","D:/NICE_history/NG56/Minutes_5_03_March_2016.pdf",TRUE,"downloaded",
"NG56","Committee meetings","Minutes 6","03 March 2016","pdf","https://www.nice.org.uk/guidance/ng56/documents/minutes-2","Minutes_6","03_March_2016","pdf","Minutes_6_03_March_2016.pdf","D:/NICE_history/NG56","D:/NICE_history/NG56/Minutes_6_03_March_2016.pdf",TRUE,"downloaded",
"NG56","Committee meetings","Minutes 7","03 March 2016","pdf","https://www.nice.org.uk/guidance/ng56/documents/minutes-3","Minutes_7","03_March_2016","pdf","Minutes_7_03_March_2016.pdf","D:/NICE_history/NG56","D:/NICE_history/NG56/Minutes_7_03_March_2016.pdf",TRUE,"downloaded",
"NG56","Committee meetings","Minutes 8","03 March 2016","pdf","https://www.nice.org.uk/guidance/ng56/documents/minutes-4","Minutes_8","03_March_2016","pdf","Minutes_8_03_March_2016.pdf","D:/NICE_history/NG56","D:/NICE_history/NG56/Minutes_8_03_March_2016.pdf",TRUE,"downloaded",
"NG56","Committee meetings","Minutes 9","03 March 2016","pdf","https://www.nice.org.uk/guidance/ng56/documents/minutes-5","Minutes_9","03_March_2016","pdf","Minutes_9_03_March_2016.pdf","D:/NICE_history/NG56","D:/NICE_history/NG56/Minutes_9_03_March_2016.pdf",TRUE,"downloaded",
"NG56","Committee meetings","Minutes 11","28 October 2016","pdf","https://www.nice.org.uk/guidance/ng56/documents/minutes-9","Minutes_11","28_October_2016","pdf","Minutes_11_28_October_2016.pdf","D:/NICE_history/NG56","D:/NICE_history/NG56/Minutes_11_28_October_2016.pdf",TRUE,"downloaded",
"NG56","Committee meetings","Minutes 12","28 October 2016","pdf","https://www.nice.org.uk/guidance/ng56/documents/minutes-10","Minutes_12","28_October_2016","pdf","Minutes_12_28_October_2016.pdf","D:/NICE_history/NG56","D:/NICE_history/NG56/Minutes_12_28_October_2016.pdf",TRUE,"downloaded",
"NG56","Consultation comments published","Consultation comments and responses","21 September 2016","pdf","https://www.nice.org.uk/guidance/ng56/documents/consultation-comments-and-responses","Consultation_comments_and_responses","21_September_2016","pdf","Consultation_comments_and_responses_21_September_2016.pdf","D:/NICE_history/NG56","D:/NICE_history/NG56/Consultation_comments_and_responses_21_September_2016.pdf",TRUE,"downloaded",
"NG56","Draft guidance consultation","Comments form","17 May 2016","docx","https://www.nice.org.uk/guidance/ng56/documents/comments-form","Comments_form","17_May_2016","docx","Comments_form_17_May_2016.docx","D:/NICE_history/NG56","D:/NICE_history/NG56/Comments_form_17_May_2016.docx",TRUE,"downloaded",
"NG56","Draft guidance consultation","Draft guideline","17 May 2016","pdf","https://www.nice.org.uk/guidance/ng56/documents/draft-guideline","Draft_guideline","17_May_2016","pdf","Draft_guideline_17_May_2016.pdf","D:/NICE_history/NG56","D:/NICE_history/NG56/Draft_guideline_17_May_2016.pdf",TRUE,"downloaded",
"NG56","Draft guidance consultation","Guideline appendices","17 May 2016","pdf","https://www.nice.org.uk/guidance/ng56/documents/guideline-appendices","Guideline_appendices","17_May_2016","pdf","Guideline_appendices_17_May_2016.pdf","D:/NICE_history/NG56","D:/NICE_history/NG56/Guideline_appendices_17_May_2016.pdf",FALSE,"failed","Transferred a partial file [www.nice.org.uk]:
transfer closed with outstanding read data remaining"
"NG56","Draft guidance consultation","Short version of draft guideline","17 May 2016","pdf","https://www.nice.org.uk/guidance/ng56/documents/short-version-of-draft-guideline","Short_version_of_draft_guideline","17_May_2016","pdf","Short_version_of_draft_guideline_17_May_2016.pdf","D:/NICE_history/NG56","D:/NICE_history/NG56/Short_version_of_draft_guideline_17_May_2016.pdf",TRUE,"downloaded",
"NG56","Equality and health inequalities assessment","Equality impact assessment 4","01 August 2016","pdf","https://www.nice.org.uk/guidance/ng56/documents/equality-impact-assessment","Equality_impact_assessment_4","01_August_2016","pdf","Equality_impact_assessment_4_01_August_2016.pdf","D:/NICE_history/NG56","D:/NICE_history/NG56/Equality_impact_assessment_4_01_August_2016.pdf",TRUE,"downloaded",
"NG56","Equality and health inequalities assessment","Equality impact assessment Section 3","12 April 2016","pdf","https://www.nice.org.uk/guidance/ng56/documents/equality-impact-assessment-2","Equality_impact_assessment_Section_3","12_April_2016","pdf","Equality_impact_assessment_Section_3_12_April_2016.pdf","D:/NICE_history/NG56","D:/NICE_history/NG56/Equality_impact_assessment_Section_3_12_April_2016.pdf",TRUE,"downloaded",
"NG56","Multimorbidity: GDG minutes","Multimorbidity: GDG members list","12 November 2014","pdf","https://www.nice.org.uk/guidance/ng56/documents/multimorbidity-gdg-members-list2","Multimorbidity_GDG_members_list","12_November_2014","pdf","Multimorbidity_GDG_members_list_12_November_2014.pdf","D:/NICE_history/NG56","D:/NICE_history/NG56/Multimorbidity_GDG_members_list_12_November_2014.pdf",TRUE,"downloaded",
"NG56","Multimorbidity: GDG minutes","Multimorbidity: GDG minutes 1","24 June 2015","pdf","https://www.nice.org.uk/guidance/ng56/documents/multimorbidity-gdg-minutes-12","Multimorbidity_GDG_minutes_1","24_June_2015","pdf","Multimorbidity_GDG_minutes_1_24_June_2015.pdf","D:/NICE_history/NG56","D:/NICE_history/NG56/Multimorbidity_GDG_minutes_1_24_June_2015.pdf",TRUE,"downloaded",
"NG56","Multimorbidity: GDG minutes","Multimorbidity: GDG minutes 2","24 June 2015","pdf","https://www.nice.org.uk/guidance/ng56/documents/multimorbidity-gdg-minutes-22","Multimorbidity_GDG_minutes_2","24_June_2015","pdf","Multimorbidity_GDG_minutes_2_24_June_2015.pdf","D:/NICE_history/NG56","D:/NICE_history/NG56/Multimorbidity_GDG_minutes_2_24_June_2015.pdf",TRUE,"downloaded",
"NG56","Multimorbidity: GDG minutes","Multimorbidity: GDG minutes 3","24 June 2015","pdf","https://www.nice.org.uk/guidance/ng56/documents/multimorbidity-gdg-minutes-32","Multimorbidity_GDG_minutes_3","24_June_2015","pdf","Multimorbidity_GDG_minutes_3_24_June_2015.pdf","D:/NICE_history/NG56","D:/NICE_history/NG56/Multimorbidity_GDG_minutes_3_24_June_2015.pdf",TRUE,"downloaded",
"NG56","Multimorbidity: GDG minutes","Multimorbidity: GDG minutes 4","24 June 2015","pdf","https://www.nice.org.uk/guidance/ng56/documents/multimorbidity-gdg-minutes-42","Multimorbidity_GDG_minutes_4","24_June_2015","pdf","Multimorbidity_GDG_minutes_4_24_June_2015.pdf","D:/NICE_history/NG56","D:/NICE_history/NG56/Multimorbidity_GDG_minutes_4_24_June_2015.pdf",TRUE,"downloaded",
"NG56","Multimorbidity: clinical assessment and management stakeholder list and how to register","Multimorbidities: clinical assessment and management - stakeholder list","30 July 2014","pdf","https://www.nice.org.uk/guidance/ng56/documents/multimorbidities-clinical-assessment-and-management-stakeholder-list2","Multimorbidities_clinical_assessment_and_management_-_stakeholder_list","30_July_2014","pdf","Multimorbidities_clinical_assessment_and_management_-_stakeholder_list_30_July_2014.pdf","D:/NICE_history/NG56","D:/NICE_history/NG56/Multimorbidities_clinical_assessment_and_management_-_stakeholder_list_30_July_2014.pdf",TRUE,"downloaded",
"NG56","Multimorbidity: equality impact assessment scoping","Multimorbidity: equality impact assessment scoping","07 January 2015","pdf","https://www.nice.org.uk/guidance/ng56/documents/multimorbidity-equality-impact-assessment-scoping2","Multimorbidity_equality_impact_assessment_scoping","07_January_2015","pdf","Multimorbidity_equality_impact_assessment_scoping_07_January_2015.pdf","D:/NICE_history/NG56","D:/NICE_history/NG56/Multimorbidity_equality_impact_assessment_scoping_07_January_2015.pdf",TRUE,"downloaded",
"NG56","Multimorbidity: final scope","Multimorbidity: final scope","12 November 2014","pdf","https://www.nice.org.uk/guidance/ng56/documents/multimorbidity-final-scope2","Multimorbidity_final_scope","12_November_2014","pdf","Multimorbidity_final_scope_12_November_2014.pdf","D:/NICE_history/NG56","D:/NICE_history/NG56/Multimorbidity_final_scope_12_November_2014.pdf",TRUE,"downloaded",
"NG56","Multimorbidity: scope comments table","Multimorbidity: scope comments table","12 November 2014","pdf","https://www.nice.org.uk/guidance/ng56/documents/multimorbidity-scope-comments-table2","Multimorbidity_scope_comments_table","12_November_2014","pdf","Multimorbidity_scope_comments_table_12_November_2014.pdf","D:/NICE_history/NG56","D:/NICE_history/NG56/Multimorbidity_scope_comments_table_12_November_2014.pdf",TRUE,"downloaded",
"NG56","Multimorbidity: scope consultation","Multimorbidity: scope consultation document","06 August 2014","pdf","https://www.nice.org.uk/guidance/ng56/documents/multimorbidity-scope-consultation-document2","Multimorbidity_scope_consultation_document","06_August_2014","pdf","Multimorbidity_scope_consultation_document_06_August_2014.pdf","D:/NICE_history/NG56","D:/NICE_history/NG56/Multimorbidity_scope_consultation_document_06_August_2014.pdf",TRUE,"downloaded",
"NG56","Multimorbidity: stakeholder workshop notes.","Multimorbidity: stakeholder workshop notes.","07 January 2015","pdf","https://www.nice.org.uk/guidance/ng56/documents/multimorbidity-stakeholder-workshop-notes2","Multimorbidity_stakeholder_workshop_notes.","07_January_2015","pdf","Multimorbidity_stakeholder_workshop_notes._07_January_2015.pdf","D:/NICE_history/NG56","D:/NICE_history/NG56/Multimorbidity_stakeholder_workshop_notes._07_January_2015.pdf",TRUE,"downloaded",
"NG56","Pre-consultation documents released","Economic plan","19 February 2016","docx","https://www.nice.org.uk/guidance/ng56/documents/economic-plan","Economic_plan","19_February_2016","docx","Economic_plan_19_February_2016.docx","D:/NICE_history/NG56","D:/NICE_history/NG56/Economic_plan_19_February_2016.docx",TRUE,"downloaded",
"NG56","Pre-consultation documents released","Review questions","19 February 2016","docx","https://www.nice.org.uk/guidance/ng56/documents/review-questions","Review_questions","19_February_2016","docx","Review_questions_19_February_2016.docx","D:/NICE_history/NG56","D:/NICE_history/NG56/Review_questions_19_February_2016.docx",TRUE,"downloaded",
"NG56","Pre-consultation documents released","Search strategies","19 February 2016","docx","https://www.nice.org.uk/guidance/ng56/documents/search-strategies","Search_strategies","19_February_2016","docx","Search_strategies_19_February_2016.docx","D:/NICE_history/NG56","D:/NICE_history/NG56/Search_strategies_19_February_2016.docx",TRUE,"downloaded",
"NG56","Stakeholder list updated","Stakeholder list","07 September 2016","pdf","https://www.nice.org.uk/guidance/ng56/documents/stakeholder-list","Stakeholder_list","07_September_2016","pdf","Stakeholder_list_07_September_2016.pdf","D:/NICE_history/NG56","D:/NICE_history/NG56/Stakeholder_list_07_September_2016.pdf",TRUE,"downloaded",
"NG56","Stakeholder list updated","Stakeholder list","20 September 2016","pdf","https://www.nice.org.uk/guidance/ng56/documents/stakeholder-list-3","Stakeholder_list","20_September_2016","pdf","Stakeholder_list_20_September_2016.pdf","D:/NICE_history/NG56","D:/NICE_history/NG56/Stakeholder_list_20_September_2016.pdf",TRUE,"downloaded",
"NG56","Stakeholder list updated","Stakeholder list","28 April 2016","pdf","https://www.nice.org.uk/guidance/ng56/documents/stakeholder-list-2","Stakeholder_list","28_April_2016","pdf","Stakeholder_list_28_April_2016.pdf","D:/NICE_history/NG56","D:/NICE_history/NG56/Stakeholder_list_28_April_2016.pdf",TRUE,"downloaded",
"NG77","Cataracts: list of registered stakeholders","Cataracts: list of registered stakeholders","08 June 2015","pdf","https://www.nice.org.uk/guidance/ng77/documents/cataracts-list-of-registered-stakeholders2","Cataracts_list_of_registered_stakeholders","08_June_2015","pdf","Cataracts_list_of_registered_stakeholders_08_June_2015.pdf","D:/NICE_history/NG77","D:/NICE_history/NG77/Cataracts_list_of_registered_stakeholders_08_June_2015.pdf",TRUE,"downloaded",
"NG77","Cataracts: scope consultation","Cataracts: draft scope","24 February 2015","pdf","https://www.nice.org.uk/guidance/ng77/documents/cataracts-draft-scope2","Cataracts_draft_scope","24_February_2015","pdf","Cataracts_draft_scope_24_February_2015.pdf","D:/NICE_history/NG77","D:/NICE_history/NG77/Cataracts_draft_scope_24_February_2015.pdf",TRUE,"downloaded",
"NG77","Committee list updated","Committee member list","25 May 2017","pdf","https://www.nice.org.uk/guidance/ng77/documents/committee-member-list","Committee_member_list","25_May_2017","pdf","Committee_member_list_25_May_2017.pdf","D:/NICE_history/NG77","D:/NICE_history/NG77/Committee_member_list_25_May_2017.pdf",TRUE,"downloaded",
"NG77","Committee meetings","Minutes 13","18 October 2017","pdf","https://www.nice.org.uk/guidance/ng77/documents/minutes-3","Minutes_13","18_October_2017","pdf","Minutes_13_18_October_2017.pdf","D:/NICE_history/NG77","D:/NICE_history/NG77/Minutes_13_18_October_2017.pdf",TRUE,"downloaded",
"NG77","Committee meetings","Minutes 14","18 October 2017","pdf","https://www.nice.org.uk/guidance/ng77/documents/minutes-6","Minutes_14","18_October_2017","pdf","Minutes_14_18_October_2017.pdf","D:/NICE_history/NG77","D:/NICE_history/NG77/Minutes_14_18_October_2017.pdf",TRUE,"downloaded",
"NG77","Committee meetings","Minutes 1","25 May 2017","pdf","https://www.nice.org.uk/guidance/ng77/documents/minutes","Minutes_1","25_May_2017","pdf","Minutes_1_25_May_2017.pdf","D:/NICE_history/NG77","D:/NICE_history/NG77/Minutes_1_25_May_2017.pdf",TRUE,"downloaded",
"NG77","Committee meetings","Minutes 10","25 May 2017","pdf","https://www.nice.org.uk/guidance/ng77/documents/minutes-20","Minutes_10","25_May_2017","pdf","Minutes_10_25_May_2017.pdf","D:/NICE_history/NG77","D:/NICE_history/NG77/Minutes_10_25_May_2017.pdf",TRUE,"downloaded",
"NG77","Committee meetings","Minutes 11","25 May 2017","pdf","https://www.nice.org.uk/guidance/ng77/documents/minutes-21","Minutes_11","25_May_2017","pdf","Minutes_11_25_May_2017.pdf","D:/NICE_history/NG77","D:/NICE_history/NG77/Minutes_11_25_May_2017.pdf",TRUE,"downloaded",
"NG77","Committee meetings","Minutes 12","25 May 2017","pdf","https://www.nice.org.uk/guidance/ng77/documents/minutes-22","Minutes_12","25_May_2017","pdf","Minutes_12_25_May_2017.pdf","D:/NICE_history/NG77","D:/NICE_history/NG77/Minutes_12_25_May_2017.pdf",TRUE,"downloaded",
"NG77","Committee meetings","Minutes 2","25 May 2017","pdf","https://www.nice.org.uk/guidance/ng77/documents/minutes-2","Minutes_2","25_May_2017","pdf","Minutes_2_25_May_2017.pdf","D:/NICE_history/NG77","D:/NICE_history/NG77/Minutes_2_25_May_2017.pdf",TRUE,"downloaded",
"NG77","Committee meetings","Minutes 3","25 May 2017","pdf","https://www.nice.org.uk/guidance/ng77/documents/minutes-4","Minutes_3","25_May_2017","pdf","Minutes_3_25_May_2017.pdf","D:/NICE_history/NG77","D:/NICE_history/NG77/Minutes_3_25_May_2017.pdf",TRUE,"downloaded",
"NG77","Committee meetings","Minutes 4","25 May 2017","pdf","https://www.nice.org.uk/guidance/ng77/documents/minutes-5","Minutes_4","25_May_2017","pdf","Minutes_4_25_May_2017.pdf","D:/NICE_history/NG77","D:/NICE_history/NG77/Minutes_4_25_May_2017.pdf",TRUE,"downloaded",
"NG77","Committee meetings","Minutes 5","25 May 2017","pdf","https://www.nice.org.uk/guidance/ng77/documents/minutes-15","Minutes_5","25_May_2017","pdf","Minutes_5_25_May_2017.pdf","D:/NICE_history/NG77","D:/NICE_history/NG77/Minutes_5_25_May_2017.pdf",TRUE,"downloaded",
"NG77","Committee meetings","Minutes 6","25 May 2017","pdf","https://www.nice.org.uk/guidance/ng77/documents/minutes-16","Minutes_6","25_May_2017","pdf","Minutes_6_25_May_2017.pdf","D:/NICE_history/NG77","D:/NICE_history/NG77/Minutes_6_25_May_2017.pdf",TRUE,"downloaded",
"NG77","Committee meetings","Minutes 7","25 May 2017","pdf","https://www.nice.org.uk/guidance/ng77/documents/minutes-17","Minutes_7","25_May_2017","pdf","Minutes_7_25_May_2017.pdf","D:/NICE_history/NG77","D:/NICE_history/NG77/Minutes_7_25_May_2017.pdf",TRUE,"downloaded",
"NG77","Committee meetings","Minutes 8","25 May 2017","pdf","https://www.nice.org.uk/guidance/ng77/documents/minutes-18","Minutes_8","25_May_2017","pdf","Minutes_8_25_May_2017.pdf","D:/NICE_history/NG77","D:/NICE_history/NG77/Minutes_8_25_May_2017.pdf",TRUE,"downloaded",
"NG77","Committee meetings","Minutes 9","25 May 2017","pdf","https://www.nice.org.uk/guidance/ng77/documents/minutes-19","Minutes_9","25_May_2017","pdf","Minutes_9_25_May_2017.pdf","D:/NICE_history/NG77","D:/NICE_history/NG77/Minutes_9_25_May_2017.pdf",TRUE,"downloaded",
"NG77","Consultation comments published","Consultation comments and responses","13 November 2015","docx","https://www.nice.org.uk/guidance/ng77/documents/consultation-comments-and-responses","Consultation_comments_and_responses","13_November_2015","docx","Consultation_comments_and_responses_13_November_2015.docx","D:/NICE_history/NG77","D:/NICE_history/NG77/Consultation_comments_and_responses_13_November_2015.docx",FALSE,"failed","Transferred a partial file [www.nice.org.uk]:
transfer closed with outstanding read data remaining"
"NG77","Draft guidance consultation","Comments form","12 May 2017","docx","https://www.nice.org.uk/guidance/ng77/documents/comments-form-2","Comments_form","12_May_2017","docx","Comments_form_12_May_2017.docx","D:/NICE_history/NG77","D:/NICE_history/NG77/Comments_form_12_May_2017.docx",TRUE,"downloaded",
"NG77","Draft guidance consultation","Comments form LARGE FONT","12 May 2017","docx","https://www.nice.org.uk/guidance/ng77/documents/comments-form","Comments_form_LARGE_FONT","12_May_2017","docx","Comments_form_LARGE_FONT_12_May_2017.docx","D:/NICE_history/NG77","D:/NICE_history/NG77/Comments_form_LARGE_FONT_12_May_2017.docx",TRUE,"downloaded",
"NG77","Draft guidance consultation","Draft guideline","12 May 2017","pdf","https://www.nice.org.uk/guidance/ng77/documents/draft-guideline","Draft_guideline","12_May_2017","pdf","Draft_guideline_12_May_2017.pdf","D:/NICE_history/NG77","D:/NICE_history/NG77/Draft_guideline_12_May_2017.pdf",TRUE,"downloaded",
"NG77","Draft guidance consultation","Equality impact assessment 3","12 May 2017","pdf","https://www.nice.org.uk/guidance/ng77/documents/equality-impact-assessment-2","Equality_impact_assessment_3","12_May_2017","pdf","Equality_impact_assessment_3_12_May_2017.pdf","D:/NICE_history/NG77","D:/NICE_history/NG77/Equality_impact_assessment_3_12_May_2017.pdf",TRUE,"downloaded",
"NG77","Draft guidance consultation","Guideline appendix A","12 May 2017","pdf","https://www.nice.org.uk/guidance/ng77/documents/guideline-appendix","Guideline_appendix_A","12_May_2017","pdf","Guideline_appendix_A_12_May_2017.pdf","D:/NICE_history/NG77","D:/NICE_history/NG77/Guideline_appendix_A_12_May_2017.pdf",TRUE,"downloaded",
"NG77","Draft guidance consultation","Guideline appendix B","12 May 2017","pdf","https://www.nice.org.uk/guidance/ng77/documents/guideline-appendix-2","Guideline_appendix_B","12_May_2017","pdf","Guideline_appendix_B_12_May_2017.pdf","D:/NICE_history/NG77","D:/NICE_history/NG77/Guideline_appendix_B_12_May_2017.pdf",TRUE,"downloaded",
"NG77","Draft guidance consultation","Guideline appendix C","12 May 2017","pdf","https://www.nice.org.uk/guidance/ng77/documents/guideline-appendix-3","Guideline_appendix_C","12_May_2017","pdf","Guideline_appendix_C_12_May_2017.pdf","D:/NICE_history/NG77","D:/NICE_history/NG77/Guideline_appendix_C_12_May_2017.pdf",TRUE,"downloaded",
"NG77","Draft guidance consultation","Guideline appendix D","12 May 2017","pdf","https://www.nice.org.uk/guidance/ng77/documents/guideline-appendix-4","Guideline_appendix_D","12_May_2017","pdf","Guideline_appendix_D_12_May_2017.pdf","D:/NICE_history/NG77","D:/NICE_history/NG77/Guideline_appendix_D_12_May_2017.pdf",TRUE,"downloaded",
"NG77","Draft guidance consultation","Guideline appendix E","12 May 2017","pdf","https://www.nice.org.uk/guidance/ng77/documents/guideline-appendix-5","Guideline_appendix_E","12_May_2017","pdf","Guideline_appendix_E_12_May_2017.pdf","D:/NICE_history/NG77","D:/NICE_history/NG77/Guideline_appendix_E_12_May_2017.pdf",TRUE,"downloaded",
"NG77","Draft guidance consultation","Guideline appendix F","12 May 2017","pdf","https://www.nice.org.uk/guidance/ng77/documents/guideline-appendix-6","Guideline_appendix_F","12_May_2017","pdf","Guideline_appendix_F_12_May_2017.pdf","D:/NICE_history/NG77","D:/NICE_history/NG77/Guideline_appendix_F_12_May_2017.pdf",TRUE,"downloaded",
"NG77","Draft guidance consultation","Guideline appendix G","12 May 2017","pdf","https://www.nice.org.uk/guidance/ng77/documents/guideline-appendix-7","Guideline_appendix_G","12_May_2017","pdf","Guideline_appendix_G_12_May_2017.pdf","D:/NICE_history/NG77","D:/NICE_history/NG77/Guideline_appendix_G_12_May_2017.pdf",TRUE,"downloaded",
"NG77","Draft guidance consultation","Guideline appendix H","12 May 2017","pdf","https://www.nice.org.uk/guidance/ng77/documents/guideline-appendix-8","Guideline_appendix_H","12_May_2017","pdf","Guideline_appendix_H_12_May_2017.pdf","D:/NICE_history/NG77","D:/NICE_history/NG77/Guideline_appendix_H_12_May_2017.pdf",TRUE,"downloaded",
"NG77","Draft guidance consultation","Guideline appendix I","12 May 2017","pdf","https://www.nice.org.uk/guidance/ng77/documents/guideline-appendix-9","Guideline_appendix_I","12_May_2017","pdf","Guideline_appendix_I_12_May_2017.pdf","D:/NICE_history/NG77","D:/NICE_history/NG77/Guideline_appendix_I_12_May_2017.pdf",TRUE,"downloaded",
"NG77","Draft guidance consultation","Guideline appendix J","12 May 2017","pdf","https://www.nice.org.uk/guidance/ng77/documents/guideline-appendix-10","Guideline_appendix_J","12_May_2017","pdf","Guideline_appendix_J_12_May_2017.pdf","D:/NICE_history/NG77","D:/NICE_history/NG77/Guideline_appendix_J_12_May_2017.pdf",TRUE,"downloaded",
"NG77","Draft guidance consultation","Guideline appendix K","12 May 2017","pdf","https://www.nice.org.uk/guidance/ng77/documents/guideline-appendix-11","Guideline_appendix_K","12_May_2017","pdf","Guideline_appendix_K_12_May_2017.pdf","D:/NICE_history/NG77","D:/NICE_history/NG77/Guideline_appendix_K_12_May_2017.pdf",TRUE,"downloaded",
"NG77","Draft guidance consultation","Guideline appendix L","12 May 2017","pdf","https://www.nice.org.uk/guidance/ng77/documents/guideline-appendix-12","Guideline_appendix_L","12_May_2017","pdf","Guideline_appendix_L_12_May_2017.pdf","D:/NICE_history/NG77","D:/NICE_history/NG77/Guideline_appendix_L_12_May_2017.pdf",TRUE,"downloaded",
"NG77","Draft guidance consultation","Short version of draft guideline","12 May 2017","pdf","https://www.nice.org.uk/guidance/ng77/documents/short-version-of-draft-guideline-3","Short_version_of_draft_guideline","12_May_2017","pdf","Short_version_of_draft_guideline_12_May_2017.pdf","D:/NICE_history/NG77","D:/NICE_history/NG77/Short_version_of_draft_guideline_12_May_2017.pdf",TRUE,"downloaded",
"NG77","Draft guidance consultation","Short version of draft guideline LARGE FONT","12 May 2017","pdf","https://www.nice.org.uk/guidance/ng77/documents/short-version-of-draft-guideline-4","Short_version_of_draft_guideline_LARGE_FONT","12_May_2017","pdf","Short_version_of_draft_guideline_LARGE_FONT_12_May_2017.pdf","D:/NICE_history/NG77","D:/NICE_history/NG77/Short_version_of_draft_guideline_LARGE_FONT_12_May_2017.pdf",TRUE,"downloaded",
"NG77","Draft guidance consultation","Stakeholder list","12 May 2017","pdf","https://www.nice.org.uk/guidance/ng77/documents/stakeholder-list-3","Stakeholder_list","12_May_2017","pdf","Stakeholder_list_12_May_2017.pdf","D:/NICE_history/NG77","D:/NICE_history/NG77/Stakeholder_list_12_May_2017.pdf",TRUE,"downloaded",
"NG77","Equality impact assessment uploaded","Equality impact assessment","13 November 2015","docx","https://www.nice.org.uk/guidance/ng77/documents/equality-impact-assessment","Equality_impact_assessment","13_November_2015","docx","Equality_impact_assessment_13_November_2015.docx","D:/NICE_history/NG77","D:/NICE_history/NG77/Equality_impact_assessment_13_November_2015.docx",TRUE,"downloaded",
"NG77","Guidance published","Committee member list","26 October 2017","pdf","https://www.nice.org.uk/guidance/ng77/documents/committee-member-list-2","Committee_member_list","26_October_2017","pdf","Committee_member_list_26_October_2017.pdf","D:/NICE_history/NG77","D:/NICE_history/NG77/Committee_member_list_26_October_2017.pdf",TRUE,"downloaded",
"NG77","Guidance published","Consultation comments and responses","26 October 2017","pdf","https://www.nice.org.uk/guidance/ng77/documents/consultation-comments-and-responses-3","Consultation_comments_and_responses","26_October_2017","pdf","Consultation_comments_and_responses_26_October_2017.pdf","D:/NICE_history/NG77","D:/NICE_history/NG77/Consultation_comments_and_responses_26_October_2017.pdf",TRUE,"downloaded",
"NG77","Guidance published","Equality impact assessment","26 October 2017","pdf","https://www.nice.org.uk/guidance/ng77/documents/equality-impact-assessment-3","Equality_impact_assessment","26_October_2017","pdf","Equality_impact_assessment_26_October_2017.pdf","D:/NICE_history/NG77","D:/NICE_history/NG77/Equality_impact_assessment_26_October_2017.pdf",TRUE,"downloaded",
"NG77","Pre-consultation documents released","Economic plan","24 May 2017","pdf","https://www.nice.org.uk/guidance/ng77/documents/economic-plan-2","Economic_plan","24_May_2017","pdf","Economic_plan_24_May_2017.pdf","D:/NICE_history/NG77","D:/NICE_history/NG77/Economic_plan_24_May_2017.pdf",TRUE,"downloaded",
"NG77","Pre-consultation documents released","Review questions","24 May 2017","pdf","https://www.nice.org.uk/guidance/ng77/documents/review-questions-2","Review_questions","24_May_2017","pdf","Review_questions_24_May_2017.pdf","D:/NICE_history/NG77","D:/NICE_history/NG77/Review_questions_24_May_2017.pdf",TRUE,"downloaded",
"NG77","Pre-consultation documents released","Search strategies","24 May 2017","pdf","https://www.nice.org.uk/guidance/ng77/documents/search-strategies-2","Search_strategies","24_May_2017","pdf","Search_strategies_24_May_2017.pdf","D:/NICE_history/NG77","D:/NICE_history/NG77/Search_strategies_24_May_2017.pdf",TRUE,"downloaded",
"NG77","Scope published","Final scope","12 August 2016","pdf","https://www.nice.org.uk/guidance/ng77/documents/final-scope-2","Final_scope","12_August_2016","pdf","Final_scope_12_August_2016.pdf","D:/NICE_history/NG77","D:/NICE_history/NG77/Final_scope_12_August_2016.pdf",TRUE,"downloaded",
"NG77","Stakeholder list updated","Stakeholder list","31 March 2025","pdf","https://www.nice.org.uk/guidance/ng77/documents/stakeholder-list-2","Stakeholder_list","31_March_2025","pdf","Stakeholder_list_31_March_2025.pdf","D:/NICE_history/NG77","D:/NICE_history/NG77/Stakeholder_list_31_March_2025.pdf",TRUE,"downloaded",
"NG77","Surveillance consultation","Surveillance review proposal (downloadable version)","08 April 2025","pdf","https://www.nice.org.uk/guidance/ng77/documents/162","Surveillance_review_proposal_(downloadable_version)","08_April_2025","pdf","Surveillance_review_proposal_(downloadable_version)_08_April_2025.pdf","D:/NICE_history/NG77","D:/NICE_history/NG77/Surveillance_review_proposal_(downloadable_version)_08_April_2025.pdf",TRUE,"downloaded",
"NG101","Committee list updated","Committee member list","31 January 2025","pdf","https://www.nice.org.uk/guidance/ng101/update/ng101-update-5/documents/committee-member-list","Committee_member_list","31_January_2025","pdf","Committee_member_list_31_January_2025.pdf","D:/NICE_history/NG101","D:/NICE_history/NG101/Committee_member_list_31_January_2025.pdf",TRUE,"downloaded",
"NG101","Committee meetings","Minutes 1","05 July 2024","pdf","https://www.nice.org.uk/guidance/ng101/update/ng101-update-5/documents/minutes","Minutes_1","05_July_2024","pdf","Minutes_1_05_July_2024.pdf","D:/NICE_history/NG101","D:/NICE_history/NG101/Minutes_1_05_July_2024.pdf",TRUE,"downloaded",
"NG101","Committee meetings","Minutes 2","06 September 2024","pdf","https://www.nice.org.uk/guidance/ng101/update/ng101-update-5/documents/minutes-2","Minutes_2","06_September_2024","pdf","Minutes_2_06_September_2024.pdf","D:/NICE_history/NG101","D:/NICE_history/NG101/Minutes_2_06_September_2024.pdf",TRUE,"downloaded",
"NG101","Committee meetings","Minutes 4","08 November 2024","pdf","https://www.nice.org.uk/guidance/ng101/update/ng101-update-5/documents/minutes-4","Minutes_4","08_November_2024","pdf","Minutes_4_08_November_2024.pdf","D:/NICE_history/NG101","D:/NICE_history/NG101/Minutes_4_08_November_2024.pdf",TRUE,"downloaded",
"NG101","Committee meetings","Minutes 3","27 September 2024","pdf","https://www.nice.org.uk/guidance/ng101/update/ng101-update-5/documents/minutes-3","Minutes_3","27_September_2024","pdf","Minutes_3_27_September_2024.pdf","D:/NICE_history/NG101","D:/NICE_history/NG101/Minutes_3_27_September_2024.pdf",TRUE,"downloaded",
"NG101","Declaration of interests","Register of interests","11 April 2025","pdf","https://www.nice.org.uk/guidance/ng101/update/ng101-update-5/documents/register-of-interests-2","Register_of_interests","11_April_2025","pdf","Register_of_interests_11_April_2025.pdf","D:/NICE_history/NG101","D:/NICE_history/NG101/Register_of_interests_11_April_2025.pdf",TRUE,"downloaded",
"NG101","Draft guidance consultation","Comments form","03 February 2025","docx","https://www.nice.org.uk/guidance/ng101/update/ng101-update-5/documents/comments-form-3","Comments_form","03_February_2025","docx","Comments_form_03_February_2025.docx","D:/NICE_history/NG101","D:/NICE_history/NG101/Comments_form_03_February_2025.docx",TRUE,"downloaded",
"NG101","Draft guidance consultation","Draft guideline","03 February 2025","pdf","https://www.nice.org.uk/guidance/ng101/update/ng101-update-5/documents/450","Draft_guideline","03_February_2025","pdf","Draft_guideline_03_February_2025.pdf","D:/NICE_history/NG101","D:/NICE_history/NG101/Draft_guideline_03_February_2025.pdf",TRUE,"downloaded",
"NG101","Draft guidance consultation","Equality and health inequalities assessment","03 February 2025","pdf","https://www.nice.org.uk/guidance/ng101/update/ng101-update-5/documents/equality-and-health-inequalities-3","Equality_and_health_inequalities_assessment","03_February_2025","pdf","Equality_and_health_inequalities_assessment_03_February_2025.pdf","D:/NICE_history/NG101","D:/NICE_history/NG101/Equality_and_health_inequalities_assessment_03_February_2025.pdf",TRUE,"downloaded",
"NG101","Draft guidance consultation","Evidence review O","03 February 2025","pdf","https://www.nice.org.uk/guidance/ng101/update/ng101-update-5/documents/evidence-review-4","Evidence_review_O","03_February_2025","pdf","Evidence_review_O_03_February_2025.pdf","D:/NICE_history/NG101","D:/NICE_history/NG101/Evidence_review_O_03_February_2025.pdf",TRUE,"downloaded",
"NG101","Draft guidance consultation","Evidence review P","03 February 2025","pdf","https://www.nice.org.uk/guidance/ng101/update/ng101-update-5/documents/evidence-review","Evidence_review_P","03_February_2025","pdf","Evidence_review_P_03_February_2025.pdf","D:/NICE_history/NG101","D:/NICE_history/NG101/Evidence_review_P_03_February_2025.pdf",TRUE,"downloaded",
"NG101","Draft guidance consultation","Evidence review Q","03 February 2025","pdf","https://www.nice.org.uk/guidance/ng101/update/ng101-update-5/documents/evidence-review-2","Evidence_review_Q","03_February_2025","pdf","Evidence_review_Q_03_February_2025.pdf","D:/NICE_history/NG101","D:/NICE_history/NG101/Evidence_review_Q_03_February_2025.pdf",TRUE,"downloaded",
"NG101","Draft guidance consultation","Evidence review R","03 February 2025","pdf","https://www.nice.org.uk/guidance/ng101/update/ng101-update-5/documents/evidence-review-3","Evidence_review_R","03_February_2025","pdf","Evidence_review_R_03_February_2025.pdf","D:/NICE_history/NG101","D:/NICE_history/NG101/Evidence_review_R_03_February_2025.pdf",TRUE,"downloaded",
"NG101","Draft guidance consultation","Supporting documentation - Acknowledgements","03 February 2025","pdf","https://www.nice.org.uk/guidance/ng101/update/ng101-update-5/documents/supporting-documentation","Supporting_documentation_-_Acknowledgements","03_February_2025","pdf","Supporting_documentation_-_Acknowledgements_03_February_2025.pdf","D:/NICE_history/NG101","D:/NICE_history/NG101/Supporting_documentation_-_Acknowledgements_03_February_2025.pdf",TRUE,"downloaded",
"NG101","Draft scope consultation","Comments form","27 March 2024","docx","https://www.nice.org.uk/guidance/ng101/update/ng101-update-5/documents/comments-form","Comments_form","27_March_2024","docx","Comments_form_27_March_2024.docx","D:/NICE_history/NG101","D:/NICE_history/NG101/Comments_form_27_March_2024.docx",TRUE,"downloaded",
"NG101","Draft scope consultation","Draft scope","27 March 2024","pdf","https://www.nice.org.uk/guidance/ng101/update/ng101-update-5/documents/draft-scope","Draft_scope","27_March_2024","pdf","Draft_scope_27_March_2024.pdf","D:/NICE_history/NG101","D:/NICE_history/NG101/Draft_scope_27_March_2024.pdf",TRUE,"downloaded",
"NG101","Draft scope consultation","Equality and health inequalities assessment (Downloadable version)","27 March 2024","pdf","https://www.nice.org.uk/guidance/ng101/update/ng101-update-5/documents/equality-and-health-inequalities","Equality_and_health_inequalities_assessment_(Downloadable_version)","27_March_2024","pdf","Equality_and_health_inequalities_assessment_(Downloadable_version)_27_March_2024.pdf","D:/NICE_history/NG101","D:/NICE_history/NG101/Equality_and_health_inequalities_assessment_(Downloadable_version)_27_March_2024.pdf",TRUE,"downloaded",
"NG101","Guidance published","Committee member list","14 April 2025","pdf","https://www.nice.org.uk/guidance/ng101/update/ng101-update-5/documents/committee-member-list-2","Committee_member_list","14_April_2025","pdf","Committee_member_list_14_April_2025.pdf","D:/NICE_history/NG101","D:/NICE_history/NG101/Committee_member_list_14_April_2025.pdf",TRUE,"downloaded",
"NG101","Guidance published","Consultation comments and responses","14 April 2025","pdf","https://www.nice.org.uk/guidance/ng101/update/ng101-update-5/documents/consultation-comments-and-responses-2","Consultation_comments_and_responses","14_April_2025","pdf","Consultation_comments_and_responses_14_April_2025.pdf","D:/NICE_history/NG101","D:/NICE_history/NG101/Consultation_comments_and_responses_14_April_2025.pdf",TRUE,"downloaded",
"NG101","Guidance published","Equality and health inequalities assessment - Final","14 April 2025","pdf","https://www.nice.org.uk/guidance/ng101/update/ng101-update-5/documents/equality-and-health-inequalities-5","Equality_and_health_inequalities_assessment_-_Final","14_April_2025","pdf","Equality_and_health_inequalities_assessment_-_Final_14_April_2025.pdf","D:/NICE_history/NG101","D:/NICE_history/NG101/Equality_and_health_inequalities_assessment_-_Final_14_April_2025.pdf",TRUE,"downloaded",
"NG101","Guidance published","Supporting documentation - Acknowledgements","14 April 2025","pdf","https://www.nice.org.uk/guidance/ng101/update/ng101-update-5/documents/supporting-documentation-2","Supporting_documentation_-_Acknowledgements","14_April_2025","pdf","Supporting_documentation_-_Acknowledgements_14_April_2025.pdf","D:/NICE_history/NG101","D:/NICE_history/NG101/Supporting_documentation_-_Acknowledgements_14_April_2025.pdf",TRUE,"downloaded",
"NG101","Original development on 18 July 2018","Consultation comments and responses","01 August 2016","pdf","https://www.nice.org.uk/guidance/ng101/update/NG101/documents/consultation-comments-and-responses","Consultation_comments_and_responses","01_August_2016","pdf","Consultation_comments_and_responses_01_August_2016.pdf","D:/NICE_history/NG101","D:/NICE_history/NG101/Consultation_comments_and_responses_01_August_2016.pdf",TRUE,"downloaded",
"NG101","Original development on 18 July 2018","Stakeholder list","01 August 2016","pdf","https://www.nice.org.uk/guidance/ng101/update/NG101/documents/stakeholder-list-3","Stakeholder_list","01_August_2016","pdf","Stakeholder_list_01_August_2016.pdf","D:/NICE_history/NG101","D:/NICE_history/NG101/Stakeholder_list_01_August_2016.pdf",TRUE,"downloaded",
"NG101","Original development on 18 July 2018","Economic plan","04 December 2017","pdf","https://www.nice.org.uk/guidance/ng101/update/NG101/documents/economic-plan","Economic_plan","04_December_2017","pdf","Economic_plan_04_December_2017.pdf","D:/NICE_history/NG101","D:/NICE_history/NG101/Economic_plan_04_December_2017.pdf",TRUE,"downloaded",
"NG101","Original development on 18 July 2018","Review questions","04 December 2017","pdf","https://www.nice.org.uk/guidance/ng101/update/NG101/documents/review-questions","Review_questions","04_December_2017","pdf","Review_questions_04_December_2017.pdf","D:/NICE_history/NG101","D:/NICE_history/NG101/Review_questions_04_December_2017.pdf",TRUE,"downloaded",
"NG101","Original development on 18 July 2018","Search strategies","04 December 2017","pdf","https://www.nice.org.uk/guidance/ng101/update/NG101/documents/search-strategies","Search_strategies","04_December_2017","pdf","Search_strategies_04_December_2017.pdf","D:/NICE_history/NG101","D:/NICE_history/NG101/Search_strategies_04_December_2017.pdf",TRUE,"downloaded",
"NG101","Original development on 18 July 2018","Stakeholder list","04 July 2018","pdf","https://www.nice.org.uk/guidance/ng101/update/NG101/documents/stakeholder-list-4","Stakeholder_list","04_July_2018","pdf","Stakeholder_list_04_July_2018.pdf","D:/NICE_history/NG101","D:/NICE_history/NG101/Stakeholder_list_04_July_2018.pdf",TRUE,"downloaded",
"NG101","Original development on 18 July 2018","Minutes 7","05 July 2017","pdf","https://www.nice.org.uk/guidance/ng101/update/NG101/documents/minutes-7","Minutes_7","05_July_2017","pdf","Minutes_7_05_July_2017.pdf","D:/NICE_history/NG101","D:/NICE_history/NG101/Minutes_7_05_July_2017.pdf",TRUE,"downloaded",
"NG101","Original development on 18 July 2018","Minutes GC meeting 6","05 May 2017","pdf","https://www.nice.org.uk/guidance/ng101/update/NG101/documents/minutes-6","Minutes_GC_meeting_6","05_May_2017","pdf","Minutes_GC_meeting_6_05_May_2017.pdf","D:/NICE_history/NG101","D:/NICE_history/NG101/Minutes_GC_meeting_6_05_May_2017.pdf",TRUE,"downloaded",
"NG101","Original development on 18 July 2018","Minutes GC meeting 1","06 September 2016","pdf","https://www.nice.org.uk/guidance/ng101/update/NG101/documents/minutes","Minutes_GC_meeting_1","06_September_2016","pdf","Minutes_GC_meeting_1_06_September_2016.pdf","D:/NICE_history/NG101","D:/NICE_history/NG101/Minutes_GC_meeting_1_06_September_2016.pdf",TRUE,"downloaded",
"NG101","Original development on 18 July 2018","Consultation questions","08 July 2022","pdf","https://www.nice.org.uk/guidance/ng101/update/NG101/documents/257","Consultation_questions","08_July_2022","pdf","Consultation_questions_08_July_2022.pdf","D:/NICE_history/NG101","D:/NICE_history/NG101/Consultation_questions_08_July_2022.pdf",TRUE,"downloaded",
"NG101","Original development on 18 July 2018","Evidence summary","08 July 2022","docx","https://www.nice.org.uk/guidance/ng101/update/NG101/documents/evidence-summary","Evidence_summary","08_July_2022","docx","Evidence_summary_08_July_2022.docx","D:/NICE_history/NG101","D:/NICE_history/NG101/Evidence_summary_08_July_2022.docx",TRUE,"downloaded",
"NG101","Original development on 18 July 2018","Stakeholder list","08 July 2022","pdf","https://www.nice.org.uk/guidance/ng101/update/NG101/documents/stakeholder-list","Stakeholder_list","08_July_2022","pdf","Stakeholder_list_08_July_2022.pdf","D:/NICE_history/NG101","D:/NICE_history/NG101/Stakeholder_list_08_July_2022.pdf",TRUE,"downloaded",
"NG101","Original development on 18 July 2018","Surveillance review proposal","08 July 2022","pdf","https://www.nice.org.uk/guidance/ng101/update/NG101/documents/162","Surveillance_review_proposal","08_July_2022","pdf","Surveillance_review_proposal_08_July_2022.pdf","D:/NICE_history/NG101","D:/NICE_history/NG101/Surveillance_review_proposal_08_July_2022.pdf",TRUE,"downloaded",
"NG101","Original development on 18 July 2018","Minutes Minutes 11","10 May 2018","pdf","https://www.nice.org.uk/guidance/ng101/update/NG101/documents/minutes-11","Minutes_Minutes_11","10_May_2018","pdf","Minutes_Minutes_11_10_May_2018.pdf","D:/NICE_history/NG101","D:/NICE_history/NG101/Minutes_Minutes_11_10_May_2018.pdf",TRUE,"downloaded",
"NG101","Original development on 18 July 2018","Final scope","11 May 2018","pdf","https://www.nice.org.uk/guidance/ng101/update/NG101/documents/final-scope-2","Final_scope","11_May_2018","pdf","Final_scope_11_May_2018.pdf","D:/NICE_history/NG101","D:/NICE_history/NG101/Final_scope_11_May_2018.pdf",TRUE,"downloaded",
"NG101","Original development on 18 July 2018","Equality impact assessment 1","12 December 2017","pdf","https://www.nice.org.uk/guidance/ng101/update/NG101/documents/equality-impact-assessment-4","Equality_impact_assessment_1","12_December_2017","pdf","Equality_impact_assessment_1_12_December_2017.pdf","D:/NICE_history/NG101","D:/NICE_history/NG101/Equality_impact_assessment_1_12_December_2017.pdf",TRUE,"downloaded",
"NG101","Original development on 18 July 2018","Equality impact assessment 2","12 December 2017","pdf","https://www.nice.org.uk/guidance/ng101/update/NG101/documents/equality-impact-assessment-3","Equality_impact_assessment_2","12_December_2017","pdf","Equality_impact_assessment_2_12_December_2017.pdf","D:/NICE_history/NG101","D:/NICE_history/NG101/Equality_impact_assessment_2_12_December_2017.pdf",TRUE,"downloaded",
"NG101","Original development on 18 July 2018","Stakeholder list","12 October 2017","pdf","https://www.nice.org.uk/guidance/ng101/update/NG101/documents/stakeholder-list-2","Stakeholder_list","12_October_2017","pdf","Stakeholder_list_12_October_2017.pdf","D:/NICE_history/NG101","D:/NICE_history/NG101/Stakeholder_list_12_October_2017.pdf",TRUE,"downloaded",
"NG101","Original development on 18 July 2018","Minutes 9","13 November 2017","pdf","https://www.nice.org.uk/guidance/ng101/update/NG101/documents/minutes-10","Minutes_9","13_November_2017","pdf","Minutes_9_13_November_2017.pdf","D:/NICE_history/NG101","D:/NICE_history/NG101/Minutes_9_13_November_2017.pdf",TRUE,"downloaded",
"NG101","Original development on 18 July 2018","Comments form","14 June 2016","docx","https://www.nice.org.uk/guidance/ng101/update/NG101/documents/comments-form","Comments_form","14_June_2016","docx","Comments_form_14_June_2016.docx","D:/NICE_history/NG101","D:/NICE_history/NG101/Comments_form_14_June_2016.docx",TRUE,"downloaded",
"NG101","Original development on 18 July 2018","Minutes 8","14 September 2017","pdf","https://www.nice.org.uk/guidance/ng101/update/NG101/documents/minutes-8","Minutes_8","14_September_2017","pdf","Minutes_8_14_September_2017.pdf","D:/NICE_history/NG101","D:/NICE_history/NG101/Minutes_8_14_September_2017.pdf",TRUE,"downloaded",
"NG101","Original development on 18 July 2018","Minutes - GC meeting 5","15 March 2017","pdf","https://www.nice.org.uk/guidance/ng101/update/NG101/documents/minutes-5","Minutes_-_GC_meeting_5","15_March_2017","pdf","Minutes_-_GC_meeting_5_15_March_2017.pdf","D:/NICE_history/NG101","D:/NICE_history/NG101/Minutes_-_GC_meeting_5_15_March_2017.pdf",TRUE,"downloaded",
"NG101","Original development on 18 July 2018","Committee member list","16 January 2018","pdf","https://www.nice.org.uk/guidance/ng101/update/NG101/documents/committee-member-list-2","Committee_member_list","16_January_2018","pdf","Committee_member_list_16_January_2018.pdf","D:/NICE_history/NG101","D:/NICE_history/NG101/Committee_member_list_16_January_2018.pdf",TRUE,"downloaded",
"NG101","Original development on 18 July 2018","Committee member list","18 July 2018","pdf","https://www.nice.org.uk/guidance/ng101/update/NG101/documents/committee-member-list","Committee_member_list","18_July_2018","pdf","Committee_member_list_18_July_2018.pdf","D:/NICE_history/NG101","D:/NICE_history/NG101/Committee_member_list_18_July_2018.pdf",TRUE,"downloaded",
"NG101","Original development on 18 July 2018","Consultation comments and responses","18 July 2018","pdf","https://www.nice.org.uk/guidance/ng101/update/NG101/documents/consultation-comments-and-responses-2","Consultation_comments_and_responses","18_July_2018","pdf","Consultation_comments_and_responses_18_July_2018.pdf","D:/NICE_history/NG101","D:/NICE_history/NG101/Consultation_comments_and_responses_18_July_2018.pdf",TRUE,"downloaded",
"NG101","Original development on 18 July 2018","Equality impact assessment","18 July 2018","pdf","https://www.nice.org.uk/guidance/ng101/update/NG101/documents/equality-impact-assessment-5","Equality_impact_assessment","18_July_2018","pdf","Equality_impact_assessment_18_July_2018.pdf","D:/NICE_history/NG101","D:/NICE_history/NG101/Equality_impact_assessment_18_July_2018.pdf",TRUE,"downloaded",
"NG101","Original development on 18 July 2018","Minutes Meeting 3","19 December 2016","pdf","https://www.nice.org.uk/guidance/ng101/update/NG101/documents/minutes-3","Minutes_Meeting_3","19_December_2016","pdf","Minutes_Meeting_3_19_December_2016.pdf","D:/NICE_history/NG101","D:/NICE_history/NG101/Minutes_Meeting_3_19_December_2016.pdf",TRUE,"downloaded",
"NG101","Original development on 18 July 2018","Minutes - GC meeting 4","19 January 2017","pdf","https://www.nice.org.uk/guidance/ng101/update/NG101/documents/minutes-4","Minutes_-_GC_meeting_4","19_January_2017","pdf","Minutes_-_GC_meeting_4_19_January_2017.pdf","D:/NICE_history/NG101","D:/NICE_history/NG101/Minutes_-_GC_meeting_4_19_January_2017.pdf",TRUE,"downloaded",
"NG101","Original development on 18 July 2018","Equality impact assessment 4","23 April 2018","pdf","https://www.nice.org.uk/guidance/ng101/update/NG101/documents/equality-impact-assessment-2","Equality_impact_assessment_4","23_April_2018","pdf","Equality_impact_assessment_4_23_April_2018.pdf","D:/NICE_history/NG101","D:/NICE_history/NG101/Equality_impact_assessment_4_23_April_2018.pdf",TRUE,"downloaded",
"NG101","Original development on 18 July 2018","Comments form","24 January 2018","docx","https://www.nice.org.uk/guidance/ng101/update/NG101/documents/comments-form-2","Comments_form","24_January_2018","docx","Comments_form_24_January_2018.docx","D:/NICE_history/NG101","D:/NICE_history/NG101/Comments_form_24_January_2018.docx",TRUE,"downloaded",
"NG101","Original development on 18 July 2018","Draft guideline","24 January 2018","pdf","https://www.nice.org.uk/guidance/ng101/update/NG101/documents/draft-guideline","Draft_guideline","24_January_2018","pdf","Draft_guideline_24_January_2018.pdf","D:/NICE_history/NG101","D:/NICE_history/NG101/Draft_guideline_24_January_2018.pdf",TRUE,"downloaded",
"NG101","Original development on 18 July 2018","Equality impact assessment","24 January 2018","pdf","https://www.nice.org.uk/guidance/ng101/update/NG101/documents/equality-impact-assessment","Equality_impact_assessment","24_January_2018","pdf","Equality_impact_assessment_24_January_2018.pdf","D:/NICE_history/NG101","D:/NICE_history/NG101/Equality_impact_assessment_24_January_2018.pdf",TRUE,"downloaded",
"NG101","Original development on 18 July 2018","Evidence summary Evidence report B","24 January 2018","pdf","https://www.nice.org.uk/guidance/ng101/update/NG101/documents/evidence-summary-2","Evidence_summary_Evidence_report_B","24_January_2018","pdf","Evidence_summary_Evidence_report_B_24_January_2018.pdf","D:/NICE_history/NG101","D:/NICE_history/NG101/Evidence_summary_Evidence_report_B_24_January_2018.pdf",TRUE,"downloaded",
"NG101","Original development on 18 July 2018","Evidence summary Evidence report C","24 January 2018","pdf","https://www.nice.org.uk/guidance/ng101/update/NG101/documents/evidence-summary-3","Evidence_summary_Evidence_report_C","24_January_2018","pdf","Evidence_summary_Evidence_report_C_24_January_2018.pdf","D:/NICE_history/NG101","D:/NICE_history/NG101/Evidence_summary_Evidence_report_C_24_January_2018.pdf",TRUE,"downloaded",
"NG101","Original development on 18 July 2018","Evidence summary Evidence report D","24 January 2018","pdf","https://www.nice.org.uk/guidance/ng101/update/NG101/documents/evidence-summary-4","Evidence_summary_Evidence_report_D","24_January_2018","pdf","Evidence_summary_Evidence_report_D_24_January_2018.pdf","D:/NICE_history/NG101","D:/NICE_history/NG101/Evidence_summary_Evidence_report_D_24_January_2018.pdf",TRUE,"downloaded",
"NG101","Original development on 18 July 2018","Evidence summary Evidence report F","24 January 2018","pdf","https://www.nice.org.uk/guidance/ng101/update/NG101/documents/evidence-summary-6","Evidence_summary_Evidence_report_F","24_January_2018","pdf","Evidence_summary_Evidence_report_F_24_January_2018.pdf","D:/NICE_history/NG101","D:/NICE_history/NG101/Evidence_summary_Evidence_report_F_24_January_2018.pdf",TRUE,"downloaded",
"NG101","Original development on 18 July 2018","Evidence summary Evidence report H","24 January 2018","pdf","https://www.nice.org.uk/guidance/ng101/update/NG101/documents/evidence-summary-8","Evidence_summary_Evidence_report_H","24_January_2018","pdf","Evidence_summary_Evidence_report_H_24_January_2018.pdf","D:/NICE_history/NG101","D:/NICE_history/NG101/Evidence_summary_Evidence_report_H_24_January_2018.pdf",TRUE,"downloaded",
"NG101","Original development on 18 July 2018","Evidence summary Evidence report I","24 January 2018","pdf","https://www.nice.org.uk/guidance/ng101/update/NG101/documents/evidence-summary-9","Evidence_summary_Evidence_report_I","24_January_2018","pdf","Evidence_summary_Evidence_report_I_24_January_2018.pdf","D:/NICE_history/NG101","D:/NICE_history/NG101/Evidence_summary_Evidence_report_I_24_January_2018.pdf",TRUE,"downloaded",
"NG101","Original development on 18 July 2018","Evidence summary Evidence report J","24 January 2018","pdf","https://www.nice.org.uk/guidance/ng101/update/NG101/documents/evidence-summary-10","Evidence_summary_Evidence_report_J","24_January_2018","pdf","Evidence_summary_Evidence_report_J_24_January_2018.pdf","D:/NICE_history/NG101","D:/NICE_history/NG101/Evidence_summary_Evidence_report_J_24_January_2018.pdf",TRUE,"downloaded",
"NG101","Original development on 18 July 2018","Evidence summary Evidence report K","24 January 2018","pdf","https://www.nice.org.uk/guidance/ng101/update/NG101/documents/evidence-summary-11","Evidence_summary_Evidence_report_K","24_January_2018","pdf","Evidence_summary_Evidence_report_K_24_January_2018.pdf","D:/NICE_history/NG101","D:/NICE_history/NG101/Evidence_summary_Evidence_report_K_24_January_2018.pdf",TRUE,"downloaded",
"NG101","Original development on 18 July 2018","Evidence summary Methods Chapter","24 January 2018","pdf","https://www.nice.org.uk/guidance/ng101/update/NG101/documents/evidence-summary-12","Evidence_summary_Methods_Chapter","24_January_2018","pdf","Evidence_summary_Methods_Chapter_24_January_2018.pdf","D:/NICE_history/NG101","D:/NICE_history/NG101/Evidence_summary_Methods_Chapter_24_January_2018.pdf",TRUE,"downloaded",
"NG101","Original development on 18 July 2018","Supporting documentation Health economics literature review","24 January 2018","pdf","https://www.nice.org.uk/guidance/ng101/update/NG101/documents/supporting-documentation","Supporting_documentation_Health_economics_literature_review","24_January_2018","pdf","Supporting_documentation_Health_economics_literature_review_24_January_2018.pdf","D:/NICE_history/NG101","D:/NICE_history/NG101/Supporting_documentation_Health_economics_literature_review_24_January_2018.pdf",TRUE,"downloaded",
"NG101","Original development on 18 July 2018","Supporting documentation NGA staff, glossary, abbreviations and equalities considerations","24 January 2018","pdf","https://www.nice.org.uk/guidance/ng101/update/NG101/documents/supporting-documentation-2","Supporting_documentation_NGA_staff,_glossary,_abbreviations_and_equalities_considerations","24_January_2018","pdf","Supporting_documentation_NGA_staff,_glossary,_abbreviations_and_equalities_considerations_24_January_2018.pdf","D:/NICE_history/NG101","D:/NICE_history/NG101/Supporting_documentation_NGA_staff,_glossary,_abbreviations_and_equalities_considerations_24_January_2018.pdf",TRUE,"downloaded",
"NG101","Original development on 18 July 2018","Supporting documentation Pathway algorithm","24 January 2018","pdf","https://www.nice.org.uk/guidance/ng101/update/NG101/documents/supporting-documentation-3","Supporting_documentation_Pathway_algorithm","24_January_2018","pdf","Supporting_documentation_Pathway_algorithm_24_January_2018.pdf","D:/NICE_history/NG101","D:/NICE_history/NG101/Supporting_documentation_Pathway_algorithm_24_January_2018.pdf",TRUE,"downloaded",
"NG101","Original development on 18 July 2018","Evidence summary Evidence review E","25 January 2018","pdf","https://www.nice.org.uk/guidance/ng101/update/NG101/documents/evidence-summary-13","Evidence_summary_Evidence_review_E","25_January_2018","pdf","Evidence_summary_Evidence_review_E_25_January_2018.pdf","D:/NICE_history/NG101","D:/NICE_history/NG101/Evidence_summary_Evidence_review_E_25_January_2018.pdf",TRUE,"downloaded",
"NG101","Original development on 18 July 2018","Evidence summary Evidence review G","25 January 2018","pdf","https://www.nice.org.uk/guidance/ng101/update/NG101/documents/evidence-summary-14","Evidence_summary_Evidence_review_G","25_January_2018","pdf","Evidence_summary_Evidence_review_G_25_January_2018.pdf","D:/NICE_history/NG101","D:/NICE_history/NG101/Evidence_summary_Evidence_review_G_25_January_2018.pdf",TRUE,"downloaded",
"NG101","Original development on 18 July 2018","Evidence summary Evidence Review A","26 February 2018","pdf","https://www.nice.org.uk/guidance/ng101/update/NG101/documents/evidence-summary-5","Evidence_summary_Evidence_Review_A","26_February_2018","pdf","Evidence_summary_Evidence_Review_A_26_February_2018.pdf","D:/NICE_history/NG101","D:/NICE_history/NG101/Evidence_summary_Evidence_Review_A_26_February_2018.pdf",TRUE,"downloaded",
"NG101","Original development on 18 July 2018","Minutes 10","26 March 2018","pdf","https://www.nice.org.uk/guidance/ng101/update/NG101/documents/minutes-9","Minutes_10","26_March_2018","pdf","Minutes_10_26_March_2018.pdf","D:/NICE_history/NG101","D:/NICE_history/NG101/Minutes_10_26_March_2018.pdf",TRUE,"downloaded",
"NG101","Original development on 18 July 2018","Draft scope","26 May 2016","pdf","https://www.nice.org.uk/guidance/ng101/update/NG101/documents/draft-scope","Draft_scope","26_May_2016","pdf","Draft_scope_26_May_2016.pdf","D:/NICE_history/NG101","D:/NICE_history/NG101/Draft_scope_26_May_2016.pdf",TRUE,"downloaded",
"NG101","Original development on 18 July 2018","Workshop notes","26 May 2016","pdf","https://www.nice.org.uk/guidance/ng101/update/NG101/documents/workshop-notes","Workshop_notes","26_May_2016","pdf","Workshop_notes_26_May_2016.pdf","D:/NICE_history/NG101","D:/NICE_history/NG101/Workshop_notes_26_May_2016.pdf",TRUE,"downloaded",
"NG101","Original development on 18 July 2018","Minutes Meeting 2","31 October 2016","pdf","https://www.nice.org.uk/guidance/ng101/update/NG101/documents/minutes-2","Minutes_Meeting_2","31_October_2016","pdf","Minutes_Meeting_2_31_October_2016.pdf","D:/NICE_history/NG101","D:/NICE_history/NG101/Minutes_Meeting_2_31_October_2016.pdf",TRUE,"downloaded",
"NG101","Pre-consultation documents released","Review questions","09 December 2024","pdf","https://www.nice.org.uk/guidance/ng101/update/ng101-update-5/documents/review-questions","Review_questions","09_December_2024","pdf","Review_questions_09_December_2024.pdf","D:/NICE_history/NG101","D:/NICE_history/NG101/Review_questions_09_December_2024.pdf",TRUE,"downloaded",
"NG101","Scope published","Consultation comments and responses","24 September 2024","pdf","https://www.nice.org.uk/guidance/ng101/update/ng101-update-5/documents/consultation-comments-and-responses","Consultation_comments_and_responses","24_September_2024","pdf","Consultation_comments_and_responses_24_September_2024.pdf","D:/NICE_history/NG101","D:/NICE_history/NG101/Consultation_comments_and_responses_24_September_2024.pdf",TRUE,"downloaded",
"NG101","Scope published","Equality and health inequalities assessment (downloadable version)","24 September 2024","pdf","https://www.nice.org.uk/guidance/ng101/update/ng101-update-5/documents/equality-and-health-inequalities-2","Equality_and_health_inequalities_assessment_(downloadable_version)","24_September_2024","pdf","Equality_and_health_inequalities_assessment_(downloadable_version)_24_September_2024.pdf","D:/NICE_history/NG101","D:/NICE_history/NG101/Equality_and_health_inequalities_assessment_(downloadable_version)_24_September_2024.pdf",TRUE,"downloaded",
"NG101","Scope published","Final scope","24 September 2024","pdf","https://www.nice.org.uk/guidance/ng101/update/ng101-update-5/documents/final-scope","Final_scope","24_September_2024","pdf","Final_scope_24_September_2024.pdf","D:/NICE_history/NG101","D:/NICE_history/NG101/Final_scope_24_September_2024.pdf",TRUE,"downloaded",
"NG101","Stakeholder list updated","Stakeholder list","11 April 2025","pdf","https://www.nice.org.uk/guidance/ng101/update/ng101-update-5/documents/stakeholder-list-2","Stakeholder_list","11_April_2025","pdf","Stakeholder_list_11_April_2025.pdf","D:/NICE_history/NG101","D:/NICE_history/NG101/Stakeholder_list_11_April_2025.pdf",TRUE,"downloaded",
"NG101","Update on 05 April 2023","Comments form","03 February 2023","docx","https://www.nice.org.uk/guidance/ng101/update/ng101-update-1/documents/comments-form","Comments_form","03_February_2023","docx","Comments_form_03_February_2023.docx","D:/NICE_history/NG101","D:/NICE_history/NG101/Comments_form_03_February_2023.docx",TRUE,"downloaded",
"NG101","Update on 05 April 2023","Committee member list","03 February 2023","pdf","https://www.nice.org.uk/guidance/ng101/update/ng101-update-1/documents/committee-member-list-3","Committee_member_list","03_February_2023","pdf","Committee_member_list_03_February_2023.pdf","D:/NICE_history/NG101","D:/NICE_history/NG101/Committee_member_list_03_February_2023.pdf",TRUE,"downloaded",
"NG101","Update on 05 April 2023","Draft guideline","03 February 2023","pdf","https://www.nice.org.uk/guidance/ng101/update/ng101-update-1/documents/draft-guideline","Draft_guideline","03_February_2023","pdf","Draft_guideline_03_February_2023.pdf","D:/NICE_history/NG101","D:/NICE_history/NG101/Draft_guideline_03_February_2023.pdf",TRUE,"downloaded",
"NG101","Update on 05 April 2023","Evidence review","03 February 2023","pdf","https://www.nice.org.uk/guidance/ng101/update/ng101-update-1/documents/evidence-review","Evidence_review","03_February_2023","pdf","Evidence_review_03_February_2023.pdf","D:/NICE_history/NG101","D:/NICE_history/NG101/Evidence_review_03_February_2023.pdf",TRUE,"downloaded",
"NG101","Update on 05 April 2023","Health inequalities briefing","03 February 2023","pdf","https://www.nice.org.uk/guidance/ng101/update/ng101-update-1/documents/health-inequalities-briefing","Health_inequalities_briefing","03_February_2023","pdf","Health_inequalities_briefing_03_February_2023.pdf","D:/NICE_history/NG101","D:/NICE_history/NG101/Health_inequalities_briefing_03_February_2023.pdf",TRUE,"downloaded",
"NG101","Update on 05 April 2023","Minutes","04 November 2022","pdf","https://www.nice.org.uk/guidance/ng101/update/ng101-update-1/documents/minutes","Minutes","04_November_2022","pdf","Minutes_04_November_2022.pdf","D:/NICE_history/NG101","D:/NICE_history/NG101/Minutes_04_November_2022.pdf",TRUE,"downloaded",
"NG101","Update on 05 April 2023","Committee member list","05 April 2023","pdf","https://www.nice.org.uk/guidance/ng101/update/ng101-update-1/documents/committee-member-list","Committee_member_list","05_April_2023","pdf","Committee_member_list_05_April_2023.pdf","D:/NICE_history/NG101","D:/NICE_history/NG101/Committee_member_list_05_April_2023.pdf",TRUE,"downloaded",
"NG101","Update on 05 April 2023","Consultation comments and responses","05 April 2023","pdf","https://www.nice.org.uk/guidance/ng101/update/ng101-update-1/documents/consultation-comments-and-responses","Consultation_comments_and_responses","05_April_2023","pdf","Consultation_comments_and_responses_05_April_2023.pdf","D:/NICE_history/NG101","D:/NICE_history/NG101/Consultation_comments_and_responses_05_April_2023.pdf",TRUE,"downloaded",
"NG101","Update on 05 April 2023","Equality impact assessment 1-5","05 April 2023","pdf","https://www.nice.org.uk/guidance/ng101/update/ng101-update-1/documents/equality-impact-assessment","Equality_impact_assessment_1-5","05_April_2023","pdf","Equality_impact_assessment_1-5_05_April_2023.pdf","D:/NICE_history/NG101","D:/NICE_history/NG101/Equality_impact_assessment_1-5_05_April_2023.pdf",TRUE,"downloaded",
"NG101","Update on 05 April 2023","Register of interests","05 April 2023","pdf","https://www.nice.org.uk/guidance/ng101/update/ng101-update-1/documents/register-of-interests","Register_of_interests","05_April_2023","pdf","Register_of_interests_05_April_2023.pdf","D:/NICE_history/NG101","D:/NICE_history/NG101/Register_of_interests_05_April_2023.pdf",TRUE,"downloaded",
"NG101","Update on 05 April 2023","Stakeholder list","05 April 2023","pdf","https://www.nice.org.uk/guidance/ng101/update/ng101-update-1/documents/stakeholder-list","Stakeholder_list","05_April_2023","pdf","Stakeholder_list_05_April_2023.pdf","D:/NICE_history/NG101","D:/NICE_history/NG101/Stakeholder_list_05_April_2023.pdf",TRUE,"downloaded",
"NG101","Update on 05 April 2023","Supporting documentation Acknowledgements","05 April 2023","pdf","https://www.nice.org.uk/guidance/ng101/update/ng101-update-1/documents/supporting-documentation","Supporting_documentation_Acknowledgements","05_April_2023","pdf","Supporting_documentation_Acknowledgements_05_April_2023.pdf","D:/NICE_history/NG101","D:/NICE_history/NG101/Supporting_documentation_Acknowledgements_05_April_2023.pdf",TRUE,"downloaded",
"NG101","Update on 05 April 2023","Review questions","11 January 2023","pdf","https://www.nice.org.uk/guidance/ng101/update/ng101-update-1/documents/review-questions","Review_questions","11_January_2023","pdf","Review_questions_11_January_2023.pdf","D:/NICE_history/NG101","D:/NICE_history/NG101/Review_questions_11_January_2023.pdf",TRUE,"downloaded",
"NG101","Update on 05 April 2023","Minutes 2","16 December 2022","pdf","https://www.nice.org.uk/guidance/ng101/update/ng101-update-1/documents/minutes-2","Minutes_2","16_December_2022","pdf","Minutes_2_16_December_2022.pdf","D:/NICE_history/NG101","D:/NICE_history/NG101/Minutes_2_16_December_2022.pdf",TRUE,"downloaded",
"NG101","Update on 05 April 2023","Minutes","20 March 2023","pdf","https://www.nice.org.uk/guidance/ng101/update/ng101-update-1/documents/minutes-3","Minutes","20_March_2023","pdf","Minutes_20_March_2023.pdf","D:/NICE_history/NG101","D:/NICE_history/NG101/Minutes_20_March_2023.pdf",TRUE,"downloaded",
"NG101","Update on 05 April 2023","Final scope","31 January 2023","pdf","https://www.nice.org.uk/guidance/ng101/update/ng101-update-1/documents/final-scope","Final_scope","31_January_2023","pdf","Final_scope_31_January_2023.pdf","D:/NICE_history/NG101","D:/NICE_history/NG101/Final_scope_31_January_2023.pdf",TRUE,"downloaded",
"NG101","Update on 14 June 2023","Equality and health inequalities Stage 2","02 February 2023","pdf","https://www.nice.org.uk/guidance/ng101/update/ng101-update-2/documents/equality-and-health-inequalities","Equality_and_health_inequalities_Stage_2","02_February_2023","pdf","Equality_and_health_inequalities_Stage_2_02_February_2023.pdf","D:/NICE_history/NG101","D:/NICE_history/NG101/Equality_and_health_inequalities_Stage_2_02_February_2023.pdf",TRUE,"downloaded",
"NG101","Update on 14 June 2023","Final scope","02 February 2023","pdf","https://www.nice.org.uk/guidance/ng101/update/ng101-update-2/documents/final-scope","Final_scope","02_February_2023","pdf","Final_scope_02_February_2023.pdf","D:/NICE_history/NG101","D:/NICE_history/NG101/Final_scope_02_February_2023.pdf",TRUE,"downloaded",
"NG101","Update on 14 June 2023","Minutes 1","04 November 2022","pdf","https://www.nice.org.uk/guidance/ng101/update/ng101-update-2/documents/minutes","Minutes_1","04_November_2022","pdf","Minutes_1_04_November_2022.pdf","D:/NICE_history/NG101","D:/NICE_history/NG101/Minutes_1_04_November_2022.pdf",TRUE,"downloaded",
"NG101","Update on 14 June 2023","Review questions","07 February 2023","pdf","https://www.nice.org.uk/guidance/ng101/update/ng101-update-2/documents/review-questions","Review_questions","07_February_2023","pdf","Review_questions_07_February_2023.pdf","D:/NICE_history/NG101","D:/NICE_history/NG101/Review_questions_07_February_2023.pdf",TRUE,"downloaded",
"NG101","Update on 14 June 2023","Comments form","09 March 2023","docx","https://www.nice.org.uk/guidance/ng101/update/ng101-update-2/documents/comments-form","Comments_form","09_March_2023","docx","Comments_form_09_March_2023.docx","D:/NICE_history/NG101","D:/NICE_history/NG101/Comments_form_09_March_2023.docx",TRUE,"downloaded",
"NG101","Update on 14 June 2023","Draft guideline","09 March 2023","pdf","https://www.nice.org.uk/guidance/ng101/update/ng101-update-2/documents/draft-guideline","Draft_guideline","09_March_2023","pdf","Draft_guideline_09_March_2023.pdf","D:/NICE_history/NG101","D:/NICE_history/NG101/Draft_guideline_09_March_2023.pdf",TRUE,"downloaded",
"NG101","Update on 14 June 2023","Equality and health inequalities","09 March 2023","pdf","https://www.nice.org.uk/guidance/ng101/update/ng101-update-2/documents/equality-and-health-inequalities-2","Equality_and_health_inequalities","09_March_2023","pdf","Equality_and_health_inequalities_09_March_2023.pdf","D:/NICE_history/NG101","D:/NICE_history/NG101/Equality_and_health_inequalities_09_March_2023.pdf",TRUE,"downloaded",
"NG101","Update on 14 June 2023","Evidence review","09 March 2023","pdf","https://www.nice.org.uk/guidance/ng101/update/ng101-update-2/documents/evidence-review","Evidence_review","09_March_2023","pdf","Evidence_review_09_March_2023.pdf","D:/NICE_history/NG101","D:/NICE_history/NG101/Evidence_review_09_March_2023.pdf",TRUE,"downloaded",
"NG101","Update on 14 June 2023","Health inequalities briefing","09 March 2023","pdf","https://www.nice.org.uk/guidance/ng101/update/ng101-update-2/documents/health-inequalities-briefing","Health_inequalities_briefing","09_March_2023","pdf","Health_inequalities_briefing_09_March_2023.pdf","D:/NICE_history/NG101","D:/NICE_history/NG101/Health_inequalities_briefing_09_March_2023.pdf",TRUE,"downloaded",
"NG101","Update on 14 June 2023","Minutes","09 May 2023","pdf","https://www.nice.org.uk/guidance/ng101/update/ng101-update-2/documents/minutes-2","Minutes","09_May_2023","pdf","Minutes_09_May_2023.pdf","D:/NICE_history/NG101","D:/NICE_history/NG101/Minutes_09_May_2023.pdf",TRUE,"downloaded",
"NG101","Update on 14 June 2023","Addendum appendix Acknowledgements","14 June 2023","pdf","https://www.nice.org.uk/guidance/ng101/update/ng101-update-2/documents/addendum-appendix","Addendum_appendix_Acknowledgements","14_June_2023","pdf","Addendum_appendix_Acknowledgements_14_June_2023.pdf","D:/NICE_history/NG101","D:/NICE_history/NG101/Addendum_appendix_Acknowledgements_14_June_2023.pdf",TRUE,"downloaded",
"NG101","Update on 14 June 2023","Committee member list","14 June 2023","pdf","https://www.nice.org.uk/guidance/ng101/update/ng101-update-2/documents/committee-member-list","Committee_member_list","14_June_2023","pdf","Committee_member_list_14_June_2023.pdf","D:/NICE_history/NG101","D:/NICE_history/NG101/Committee_member_list_14_June_2023.pdf",TRUE,"downloaded",
"NG101","Update on 14 June 2023","Consultation comments and responses","14 June 2023","pdf","https://www.nice.org.uk/guidance/ng101/update/ng101-update-2/documents/consultation-comments-and-responses","Consultation_comments_and_responses","14_June_2023","pdf","Consultation_comments_and_responses_14_June_2023.pdf","D:/NICE_history/NG101","D:/NICE_history/NG101/Consultation_comments_and_responses_14_June_2023.pdf",TRUE,"downloaded",
"NG101","Update on 14 June 2023","Equality and health inequalities 1-5","14 June 2023","pdf","https://www.nice.org.uk/guidance/ng101/update/ng101-update-2/documents/equality-and-health-inequalities-3","Equality_and_health_inequalities_1-5","14_June_2023","pdf","Equality_and_health_inequalities_1-5_14_June_2023.pdf","D:/NICE_history/NG101","D:/NICE_history/NG101/Equality_and_health_inequalities_1-5_14_June_2023.pdf",TRUE,"downloaded",
"NG101","Update on 14 June 2023","Register of interests Radiotherapy","14 June 2023","pdf","https://www.nice.org.uk/guidance/ng101/update/ng101-update-2/documents/register-of-interests","Register_of_interests_Radiotherapy","14_June_2023","pdf","Register_of_interests_Radiotherapy_14_June_2023.pdf","D:/NICE_history/NG101","D:/NICE_history/NG101/Register_of_interests_Radiotherapy_14_June_2023.pdf",TRUE,"downloaded",
"NG101","Update on 14 June 2023","Stakeholder list","14 June 2023","pdf","https://www.nice.org.uk/guidance/ng101/update/ng101-update-2/documents/stakeholder-list","Stakeholder_list","14_June_2023","pdf","Stakeholder_list_14_June_2023.pdf","D:/NICE_history/NG101","D:/NICE_history/NG101/Stakeholder_list_14_June_2023.pdf",TRUE,"downloaded",
"NG101","Update on 16 January 2024","Final scope","13 September 2023","pdf","https://www.nice.org.uk/guidance/ng101/update/ng101-update-3/documents/final-scope-2","Final_scope","13_September_2023","pdf","Final_scope_13_September_2023.pdf","D:/NICE_history/NG101","D:/NICE_history/NG101/Final_scope_13_September_2023.pdf",TRUE,"downloaded",
"NG101","Update on 16 January 2024","Addendum appendix Acknowledgements","16 January 2024","pdf","https://www.nice.org.uk/guidance/ng101/update/ng101-update-3/documents/addendum-appendix","Addendum_appendix_Acknowledgements","16_January_2024","pdf","Addendum_appendix_Acknowledgements_16_January_2024.pdf","D:/NICE_history/NG101","D:/NICE_history/NG101/Addendum_appendix_Acknowledgements_16_January_2024.pdf",TRUE,"downloaded",
"NG101","Update on 16 January 2024","Committee member list","16 January 2024","pdf","https://www.nice.org.uk/guidance/ng101/update/ng101-update-3/documents/committee-member-list","Committee_member_list","16_January_2024","pdf","Committee_member_list_16_January_2024.pdf","D:/NICE_history/NG101","D:/NICE_history/NG101/Committee_member_list_16_January_2024.pdf",TRUE,"downloaded",
"NG101","Update on 16 January 2024","Consultation comments and responses","16 January 2024","pdf","https://www.nice.org.uk/guidance/ng101/update/ng101-update-3/documents/consultation-comments-and-responses","Consultation_comments_and_responses","16_January_2024","pdf","Consultation_comments_and_responses_16_January_2024.pdf","D:/NICE_history/NG101","D:/NICE_history/NG101/Consultation_comments_and_responses_16_January_2024.pdf",TRUE,"downloaded",
"NG101","Update on 16 January 2024","Equality and health inequalities assessment further surgery update","16 January 2024","pdf","https://www.nice.org.uk/guidance/ng101/update/ng101-update-3/documents/equality-impact-assessment-2","Equality_and_health_inequalities_assessment_further_surgery_update","16_January_2024","pdf","Equality_and_health_inequalities_assessment_further_surgery_update_16_January_2024.pdf","D:/NICE_history/NG101","D:/NICE_history/NG101/Equality_and_health_inequalities_assessment_further_surgery_update_16_January_2024.pdf",TRUE,"downloaded",
"NG101","Update on 16 January 2024","Health inequalities briefing","16 January 2024","pdf","https://www.nice.org.uk/guidance/ng101/update/ng101-update-3/documents/health-inequalities-briefing","Health_inequalities_briefing","16_January_2024","pdf","Health_inequalities_briefing_16_January_2024.pdf","D:/NICE_history/NG101","D:/NICE_history/NG101/Health_inequalities_briefing_16_January_2024.pdf",TRUE,"downloaded",
"NG101","Update on 16 January 2024","Register of interests","16 January 2024","pdf","https://www.nice.org.uk/guidance/ng101/update/ng101-update-3/documents/register-of-interests","Register_of_interests","16_January_2024","pdf","Register_of_interests_16_January_2024.pdf","D:/NICE_history/NG101","D:/NICE_history/NG101/Register_of_interests_16_January_2024.pdf",TRUE,"downloaded",
"NG101","Update on 16 January 2024","Stakeholder list Further surgery update","16 January 2024","pdf","https://www.nice.org.uk/guidance/ng101/update/ng101-update-3/documents/stakeholder-list","Stakeholder_list_Further_surgery_update","16_January_2024","pdf","Stakeholder_list_Further_surgery_update_16_January_2024.pdf","D:/NICE_history/NG101","D:/NICE_history/NG101/Stakeholder_list_Further_surgery_update_16_January_2024.pdf",TRUE,"downloaded",
"NG101","Update on 16 January 2024","Draft guideline","16 November 2023","pdf","https://www.nice.org.uk/guidance/ng101/update/ng101-update-3/documents/450","Draft_guideline","16_November_2023","pdf","Draft_guideline_16_November_2023.pdf","D:/NICE_history/NG101","D:/NICE_history/NG101/Draft_guideline_16_November_2023.pdf",TRUE,"downloaded",
"NG101","Update on 16 January 2024","Equality impact assessment","16 November 2023","pdf","https://www.nice.org.uk/guidance/ng101/update/ng101-update-3/documents/equality-impact-assessment","Equality_impact_assessment","16_November_2023","pdf","Equality_impact_assessment_16_November_2023.pdf","D:/NICE_history/NG101","D:/NICE_history/NG101/Equality_impact_assessment_16_November_2023.pdf",TRUE,"downloaded",
"NG101","Update on 16 January 2024","Evidence review Evidence Review N","16 November 2023","pdf","https://www.nice.org.uk/guidance/ng101/update/ng101-update-3/documents/evidence-review","Evidence_review_Evidence_Review_N","16_November_2023","pdf","Evidence_review_Evidence_Review_N_16_November_2023.pdf","D:/NICE_history/NG101","D:/NICE_history/NG101/Evidence_review_Evidence_Review_N_16_November_2023.pdf",TRUE,"downloaded",
"NG101","Update on 16 January 2024","Minutes Meeting 1","18 December 2023","pdf","https://www.nice.org.uk/guidance/ng101/update/ng101-update-3/documents/minutes","Minutes_Meeting_1","18_December_2023","pdf","Minutes_Meeting_1_18_December_2023.pdf","D:/NICE_history/NG101","D:/NICE_history/NG101/Minutes_Meeting_1_18_December_2023.pdf",TRUE,"downloaded",
"NG101","Update on 16 January 2024","Review questions","24 October 2023","pdf","https://www.nice.org.uk/guidance/ng101/update/ng101-update-3/documents/review-questions","Review_questions","24_October_2023","pdf","Review_questions_24_October_2023.pdf","D:/NICE_history/NG101","D:/NICE_history/NG101/Review_questions_24_October_2023.pdf",TRUE,"downloaded",
"NG101","Update on 19 February 2025","Minutes","03 December 2024","pdf","https://www.nice.org.uk/guidance/ng101/update/ng101-update-4/documents/minutes-3","Minutes","03_December_2024","pdf","Minutes_03_December_2024.pdf","D:/NICE_history/NG101","D:/NICE_history/NG101/Minutes_03_December_2024.pdf",TRUE,"downloaded",
"NG101","Update on 19 February 2025","Meeting 1","03 May 2024","pdf","https://www.nice.org.uk/guidance/ng101/update/ng101-update-4/documents/minutes","Meeting_1","03_May_2024","pdf","Meeting_1_03_May_2024.pdf","D:/NICE_history/NG101","D:/NICE_history/NG101/Meeting_1_03_May_2024.pdf",TRUE,"downloaded",
"NG101","Update on 19 February 2025","Equality and health inequalities assessment (Downloadable version)","07 March 2024","pdf","https://www.nice.org.uk/guidance/ng101/update/ng101-update-4/documents/equality-and-health-inequalities","Equality_and_health_inequalities_assessment_(Downloadable_version)","07_March_2024","pdf","Equality_and_health_inequalities_assessment_(Downloadable_version)_07_March_2024.pdf","D:/NICE_history/NG101","D:/NICE_history/NG101/Equality_and_health_inequalities_assessment_(Downloadable_version)_07_March_2024.pdf",TRUE,"downloaded",
"NG101","Update on 19 February 2025","Final scope","07 March 2024","pdf","https://www.nice.org.uk/guidance/ng101/update/ng101-update-4/documents/final-scope","Final_scope","07_March_2024","pdf","Final_scope_07_March_2024.pdf","D:/NICE_history/NG101","D:/NICE_history/NG101/Final_scope_07_March_2024.pdf",TRUE,"downloaded",
"NG101","Update on 19 February 2025","Acknowledgements","09 September 2024","pdf","https://www.nice.org.uk/guidance/ng101/update/ng101-update-4/documents/supporting-documentation-2","Acknowledgements","09_September_2024","pdf","Acknowledgements_09_September_2024.pdf","D:/NICE_history/NG101","D:/NICE_history/NG101/Acknowledgements_09_September_2024.pdf",TRUE,"downloaded",
"NG101","Update on 19 February 2025","Comments form","09 September 2024","docx","https://www.nice.org.uk/guidance/ng101/update/ng101-update-4/documents/comments-form","Comments_form","09_September_2024","docx","Comments_form_09_September_2024.docx","D:/NICE_history/NG101","D:/NICE_history/NG101/Comments_form_09_September_2024.docx",TRUE,"downloaded",
"NG101","Update on 19 February 2025","Committee member list","09 September 2024","pdf","https://www.nice.org.uk/guidance/ng101/update/ng101-update-4/documents/committee-member-list-3","Committee_member_list","09_September_2024","pdf","Committee_member_list_09_September_2024.pdf","D:/NICE_history/NG101","D:/NICE_history/NG101/Committee_member_list_09_September_2024.pdf",TRUE,"downloaded",
"NG101","Update on 19 February 2025","Declaration of interests register","09 September 2024","pdf","https://www.nice.org.uk/guidance/ng101/update/ng101-update-4/documents/committee-member-list-4","Declaration_of_interests_register","09_September_2024","pdf","Declaration_of_interests_register_09_September_2024.pdf","D:/NICE_history/NG101","D:/NICE_history/NG101/Declaration_of_interests_register_09_September_2024.pdf",TRUE,"downloaded",
"NG101","Update on 19 February 2025","Draft guideline (downloadable version)","09 September 2024","pdf","https://www.nice.org.uk/guidance/ng101/update/ng101-update-4/documents/450","Draft_guideline_(downloadable_version)","09_September_2024","pdf","Draft_guideline_(downloadable_version)_09_September_2024.pdf","D:/NICE_history/NG101","D:/NICE_history/NG101/Draft_guideline_(downloadable_version)_09_September_2024.pdf",TRUE,"downloaded",
"NG101","Update on 19 February 2025","Equality and health inequalities assessment (downloadable version)","09 September 2024","pdf","https://www.nice.org.uk/guidance/ng101/update/ng101-update-4/documents/equality-and-health-inequalities-2","Equality_and_health_inequalities_assessment_(downloadable_version)","09_September_2024","pdf","Equality_and_health_inequalities_assessment_(downloadable_version)_09_September_2024.pdf","D:/NICE_history/NG101","D:/NICE_history/NG101/Equality_and_health_inequalities_assessment_(downloadable_version)_09_September_2024.pdf",TRUE,"downloaded",
"NG101","Update on 19 February 2025","Evidence review O","09 September 2024","pdf","https://www.nice.org.uk/guidance/ng101/update/ng101-update-4/documents/evidence-review","Evidence_review_O","09_September_2024","pdf","Evidence_review_O_09_September_2024.pdf","D:/NICE_history/NG101","D:/NICE_history/NG101/Evidence_review_O_09_September_2024.pdf",TRUE,"downloaded",
"NG101","Update on 19 February 2025","Evidence review P","09 September 2024","pdf","https://www.nice.org.uk/guidance/ng101/update/ng101-update-4/documents/evidence-review-2","Evidence_review_P","09_September_2024","pdf","Evidence_review_P_09_September_2024.pdf","D:/NICE_history/NG101","D:/NICE_history/NG101/Evidence_review_P_09_September_2024.pdf",TRUE,"downloaded",
"NG101","Update on 19 February 2025","Methods","09 September 2024","pdf","https://www.nice.org.uk/guidance/ng101/update/ng101-update-4/documents/supporting-documentation","Methods","09_September_2024","pdf","Methods_09_September_2024.pdf","D:/NICE_history/NG101","D:/NICE_history/NG101/Methods_09_September_2024.pdf",TRUE,"downloaded",
"NG101","Update on 19 February 2025","Stakeholder list","09 September 2024","pdf","https://www.nice.org.uk/guidance/ng101/update/ng101-update-4/documents/stakeholder-list","Stakeholder_list","09_September_2024","pdf","Stakeholder_list_09_September_2024.pdf","D:/NICE_history/NG101","D:/NICE_history/NG101/Stakeholder_list_09_September_2024.pdf",TRUE,"downloaded",
"NG101","Update on 19 February 2025","Review questions","15 July 2024","pdf","https://www.nice.org.uk/guidance/ng101/update/ng101-update-4/documents/review-questions-2","Review_questions","15_July_2024","pdf","Review_questions_15_July_2024.pdf","D:/NICE_history/NG101","D:/NICE_history/NG101/Review_questions_15_July_2024.pdf",TRUE,"downloaded",
"NG101","Update on 19 February 2025","Acknowledgements","19 February 2025","pdf","https://www.nice.org.uk/guidance/ng101/update/ng101-update-4/documents/supporting-documentation-3","Acknowledgements","19_February_2025","pdf","Acknowledgements_19_February_2025.pdf","D:/NICE_history/NG101","D:/NICE_history/NG101/Acknowledgements_19_February_2025.pdf",TRUE,"downloaded",
"NG101","Update on 19 February 2025","Committee member list","19 February 2025","pdf","https://www.nice.org.uk/guidance/ng101/update/ng101-update-4/documents/committee-member-list","Committee_member_list","19_February_2025","pdf","Committee_member_list_19_February_2025.pdf","D:/NICE_history/NG101","D:/NICE_history/NG101/Committee_member_list_19_February_2025.pdf",TRUE,"downloaded",
"NG101","Update on 19 February 2025","Consultation comments and responses","19 February 2025","pdf","https://www.nice.org.uk/guidance/ng101/update/ng101-update-4/documents/consultation-comments-and-responses","Consultation_comments_and_responses","19_February_2025","pdf","Consultation_comments_and_responses_19_February_2025.pdf","D:/NICE_history/NG101","D:/NICE_history/NG101/Consultation_comments_and_responses_19_February_2025.pdf",TRUE,"downloaded",
"NG101","Update on 19 February 2025","Equality and health inequalities assessment (downloadable version)","19 February 2025","pdf","https://www.nice.org.uk/guidance/ng101/update/ng101-update-4/documents/equality-and-health-inequalities-3","Equality_and_health_inequalities_assessment_(downloadable_version)","19_February_2025","pdf","Equality_and_health_inequalities_assessment_(downloadable_version)_19_February_2025.pdf","D:/NICE_history/NG101","D:/NICE_history/NG101/Equality_and_health_inequalities_assessment_(downloadable_version)_19_February_2025.pdf",TRUE,"downloaded",
"NG101","Update on 19 February 2025","Register of interests","19 February 2025","pdf","https://www.nice.org.uk/guidance/ng101/update/ng101-update-4/documents/register-of-interests-2","Register_of_interests","19_February_2025","pdf","Register_of_interests_19_February_2025.pdf","D:/NICE_history/NG101","D:/NICE_history/NG101/Register_of_interests_19_February_2025.pdf",TRUE,"downloaded",
"NG101","Update on 19 February 2025","Stakeholder list","19 February 2025","pdf","https://www.nice.org.uk/guidance/ng101/update/ng101-update-4/documents/stakeholder-list-3","Stakeholder_list","19_February_2025","pdf","Stakeholder_list_19_February_2025.pdf","D:/NICE_history/NG101","D:/NICE_history/NG101/Stakeholder_list_19_February_2025.pdf",TRUE,"downloaded",
"NG101","Update on 19 February 2025","Minutes","21 June 2024","pdf","https://www.nice.org.uk/guidance/ng101/update/ng101-update-4/documents/minutes-2","Minutes","21_June_2024","pdf","Minutes_21_June_2024.pdf","D:/NICE_history/NG101","D:/NICE_history/NG101/Minutes_21_June_2024.pdf",TRUE,"downloaded",
"NG133","Committee list updated","Committee member list","19 March 2018","pdf","https://www.nice.org.uk/guidance/ng133/documents/committee-member-list","Committee_member_list","19_March_2018","pdf","Committee_member_list_19_March_2018.pdf","D:/NICE_history/NG133","D:/NICE_history/NG133/Committee_member_list_19_March_2018.pdf",TRUE,"downloaded",
"NG133","Committee meetings","Minutes 5","01 November 2018","pdf","https://www.nice.org.uk/guidance/ng133/documents/minutes-5","Minutes_5","01_November_2018","pdf","Minutes_5_01_November_2018.pdf","D:/NICE_history/NG133","D:/NICE_history/NG133/Minutes_5_01_November_2018.pdf",TRUE,"downloaded",
"NG133","Committee meetings","Minutes 1","02 February 2018","pdf","https://www.nice.org.uk/guidance/ng133/documents/minutes","Minutes_1","02_February_2018","pdf","Minutes_1_02_February_2018.pdf","D:/NICE_history/NG133","D:/NICE_history/NG133/Minutes_1_02_February_2018.pdf",TRUE,"downloaded",
"NG133","Committee meetings","Minutes 2","02 May 2018","pdf","https://www.nice.org.uk/guidance/ng133/documents/minutes-2","Minutes_2","02_May_2018","pdf","Minutes_2_02_May_2018.pdf","D:/NICE_history/NG133","D:/NICE_history/NG133/Minutes_2_02_May_2018.pdf",TRUE,"downloaded",
"NG133","Committee meetings","Minutes 4","05 September 2018","pdf","https://www.nice.org.uk/guidance/ng133/documents/minutes-4","Minutes_4","05_September_2018","pdf","Minutes_4_05_September_2018.pdf","D:/NICE_history/NG133","D:/NICE_history/NG133/Minutes_4_05_September_2018.pdf",TRUE,"downloaded",
"NG133","Committee meetings","Minutes 6","11 December 2018","pdf","https://www.nice.org.uk/guidance/ng133/documents/minutes-6","Minutes_6","11_December_2018","pdf","Minutes_6_11_December_2018.pdf","D:/NICE_history/NG133","D:/NICE_history/NG133/Minutes_6_11_December_2018.pdf",TRUE,"downloaded",
"NG133","Committee meetings","Minutes 3","23 July 2018","pdf","https://www.nice.org.uk/guidance/ng133/documents/minutes-3","Minutes_3","23_July_2018","pdf","Minutes_3_23_July_2018.pdf","D:/NICE_history/NG133","D:/NICE_history/NG133/Minutes_3_23_July_2018.pdf",TRUE,"downloaded",
"NG133","Committee meetings","Minutes 7","29 January 2019","pdf","https://www.nice.org.uk/guidance/ng133/documents/minutes-7","Minutes_7","29_January_2019","pdf","Minutes_7_29_January_2019.pdf","D:/NICE_history/NG133","D:/NICE_history/NG133/Minutes_7_29_January_2019.pdf",TRUE,"downloaded",
"NG133","Declaration of interests","Register of interests","25 June 2019","pdf","https://www.nice.org.uk/guidance/ng133/documents/register-of-interests-2","Register_of_interests","25_June_2019","pdf","Register_of_interests_25_June_2019.pdf","D:/NICE_history/NG133","D:/NICE_history/NG133/Register_of_interests_25_June_2019.pdf",TRUE,"downloaded",
"NG133","Draft guidance consultation","Comments form","13 February 2019","docx","https://www.nice.org.uk/guidance/ng133/documents/comments-form","Comments_form","13_February_2019","docx","Comments_form_13_February_2019.docx","D:/NICE_history/NG133","D:/NICE_history/NG133/Comments_form_13_February_2019.docx",TRUE,"downloaded",
"NG133","Draft guidance consultation","Committee member list","13 February 2019","pdf","https://www.nice.org.uk/guidance/ng133/documents/committee-member-list-2","Committee_member_list","13_February_2019","pdf","Committee_member_list_13_February_2019.pdf","D:/NICE_history/NG133","D:/NICE_history/NG133/Committee_member_list_13_February_2019.pdf",TRUE,"downloaded",
"NG133","Draft guidance consultation","Equality impact assessment","13 February 2019","pdf","https://www.nice.org.uk/guidance/ng133/documents/equality-impact-assessment","Equality_impact_assessment","13_February_2019","pdf","Equality_impact_assessment_13_February_2019.pdf","D:/NICE_history/NG133","D:/NICE_history/NG133/Equality_impact_assessment_13_February_2019.pdf",TRUE,"downloaded",
"NG133","Draft guidance consultation","Evidence review A","13 February 2019","pdf","https://www.nice.org.uk/guidance/ng133/documents/evidence-review","Evidence_review_A","13_February_2019","pdf","Evidence_review_A_13_February_2019.pdf","D:/NICE_history/NG133","D:/NICE_history/NG133/Evidence_review_A_13_February_2019.pdf",TRUE,"downloaded",
"NG133","Draft guidance consultation","Evidence review B","13 February 2019","pdf","https://www.nice.org.uk/guidance/ng133/documents/evidence-review-2","Evidence_review_B","13_February_2019","pdf","Evidence_review_B_13_February_2019.pdf","D:/NICE_history/NG133","D:/NICE_history/NG133/Evidence_review_B_13_February_2019.pdf",TRUE,"downloaded",
"NG133","Draft guidance consultation","Evidence review C","13 February 2019","pdf","https://www.nice.org.uk/guidance/ng133/documents/evidence-review-3","Evidence_review_C","13_February_2019","pdf","Evidence_review_C_13_February_2019.pdf","D:/NICE_history/NG133","D:/NICE_history/NG133/Evidence_review_C_13_February_2019.pdf",TRUE,"downloaded",
"NG133","Draft guidance consultation","Evidence review D","13 February 2019","pdf","https://www.nice.org.uk/guidance/ng133/documents/evidence-review-4","Evidence_review_D","13_February_2019","pdf","Evidence_review_D_13_February_2019.pdf","D:/NICE_history/NG133","D:/NICE_history/NG133/Evidence_review_D_13_February_2019.pdf",TRUE,"downloaded",
"NG133","Draft guidance consultation","Evidence review E","13 February 2019","pdf","https://www.nice.org.uk/guidance/ng133/documents/evidence-review-5","Evidence_review_E","13_February_2019","pdf","Evidence_review_E_13_February_2019.pdf","D:/NICE_history/NG133","D:/NICE_history/NG133/Evidence_review_E_13_February_2019.pdf",TRUE,"downloaded",
"NG133","Draft guidance consultation","Evidence review F","13 February 2019","pdf","https://www.nice.org.uk/guidance/ng133/documents/evidence-review-6","Evidence_review_F","13_February_2019","pdf","Evidence_review_F_13_February_2019.pdf","D:/NICE_history/NG133","D:/NICE_history/NG133/Evidence_review_F_13_February_2019.pdf",FALSE,"failed","Transferred a partial file [www.nice.org.uk]:
transfer closed with outstanding read data remaining"
"NG133","Draft guidance consultation","Evidence review G","13 February 2019","pdf","https://www.nice.org.uk/guidance/ng133/documents/evidence-review-7","Evidence_review_G","13_February_2019","pdf","Evidence_review_G_13_February_2019.pdf","D:/NICE_history/NG133","D:/NICE_history/NG133/Evidence_review_G_13_February_2019.pdf",TRUE,"downloaded",
"NG133","Draft guidance consultation","Short version of draft guideline","13 February 2019","pdf","https://www.nice.org.uk/guidance/ng133/documents/short-version-of-draft-guideline","Short_version_of_draft_guideline","13_February_2019","pdf","Short_version_of_draft_guideline_13_February_2019.pdf","D:/NICE_history/NG133","D:/NICE_history/NG133/Short_version_of_draft_guideline_13_February_2019.pdf",TRUE,"downloaded",
"NG133","Draft guidance consultation","Stakeholder list","13 February 2019","pdf","https://www.nice.org.uk/guidance/ng133/documents/stakeholder-list","Stakeholder_list","13_February_2019","pdf","Stakeholder_list_13_February_2019.pdf","D:/NICE_history/NG133","D:/NICE_history/NG133/Stakeholder_list_13_February_2019.pdf",TRUE,"downloaded",
"NG133","Draft guidance consultation","Supporting documentation Algorithm","13 February 2019","pdf","https://www.nice.org.uk/guidance/ng133/documents/supporting-documentation-4","Supporting_documentation_Algorithm","13_February_2019","pdf","Supporting_documentation_Algorithm_13_February_2019.pdf","D:/NICE_history/NG133","D:/NICE_history/NG133/Supporting_documentation_Algorithm_13_February_2019.pdf",TRUE,"downloaded",
"NG133","Draft guidance consultation","Supporting documentation CG107","13 February 2019","pdf","https://www.nice.org.uk/guidance/ng133/documents/supporting-documentation-5","Supporting_documentation_CG107","13_February_2019","pdf","Supporting_documentation_CG107_13_February_2019.pdf","D:/NICE_history/NG133","D:/NICE_history/NG133/Supporting_documentation_CG107_13_February_2019.pdf",TRUE,"downloaded",
"NG133","Draft guidance consultation","Supporting documentation Glossary","13 February 2019","pdf","https://www.nice.org.uk/guidance/ng133/documents/supporting-documentation","Supporting_documentation_Glossary","13_February_2019","pdf","Supporting_documentation_Glossary_13_February_2019.pdf","D:/NICE_history/NG133","D:/NICE_history/NG133/Supporting_documentation_Glossary_13_February_2019.pdf",TRUE,"downloaded",
"NG133","Draft guidance consultation","Supporting documentation Methods","13 February 2019","pdf","https://www.nice.org.uk/guidance/ng133/documents/supporting-documentation-3","Supporting_documentation_Methods","13_February_2019","pdf","Supporting_documentation_Methods_13_February_2019.pdf","D:/NICE_history/NG133","D:/NICE_history/NG133/Supporting_documentation_Methods_13_February_2019.pdf",TRUE,"downloaded",
"NG133","Draft guidance consultation","Supporting documentation Staff list","13 February 2019","pdf","https://www.nice.org.uk/guidance/ng133/documents/supporting-documentation-2","Supporting_documentation_Staff_list","13_February_2019","pdf","Supporting_documentation_Staff_list_13_February_2019.pdf","D:/NICE_history/NG133","D:/NICE_history/NG133/Supporting_documentation_Staff_list_13_February_2019.pdf",TRUE,"downloaded",
"NG133","Guidance published","Committee member list","25 June 2019","pdf","https://www.nice.org.uk/guidance/ng133/documents/committee-member-list-3","Committee_member_list","25_June_2019","pdf","Committee_member_list_25_June_2019.pdf","D:/NICE_history/NG133","D:/NICE_history/NG133/Committee_member_list_25_June_2019.pdf",TRUE,"downloaded",
"NG133","Guidance published","Consultation comments and responses","25 June 2019","pdf","https://www.nice.org.uk/guidance/ng133/documents/consultation-comments-and-responses","Consultation_comments_and_responses","25_June_2019","pdf","Consultation_comments_and_responses_25_June_2019.pdf","D:/NICE_history/NG133","D:/NICE_history/NG133/Consultation_comments_and_responses_25_June_2019.pdf",TRUE,"downloaded",
"NG133","Guidance published","Equality impact assessment 4","25 June 2019","pdf","https://www.nice.org.uk/guidance/ng133/documents/equality-impact-assessment-2","Equality_impact_assessment_4","25_June_2019","pdf","Equality_impact_assessment_4_25_June_2019.pdf","D:/NICE_history/NG133","D:/NICE_history/NG133/Equality_impact_assessment_4_25_June_2019.pdf",TRUE,"downloaded",
"NG133","Stakeholder list updated","Stakeholder list","25 June 2019","pdf","https://www.nice.org.uk/guidance/ng133/documents/stakeholder-list-3","Stakeholder_list","25_June_2019","pdf","Stakeholder_list_25_June_2019.pdf","D:/NICE_history/NG133","D:/NICE_history/NG133/Stakeholder_list_25_June_2019.pdf",TRUE,"downloaded",
